CONFERENCE_ID,CENTER_ID,CONFERENCE_NAME,CONFERENCE_TIME,CONFERENCE_AMOUNT,CONFERENCE_NUM
1,1,LH남부권주거복지지사 마이홈 스터디룸(5개),매주 월~금(9~12시),무료,1~5명
2,2,강동오랑 스튜디오,최대4시간,무료,최소2명~최대6명
3,2,강동오랑 오랑홀 ,최대4시간,무료,최소10명~최대50명
4,2,강동오랑 강의실,최대4시간,무료,최소8명~최대25명
5,4,영풍문고김포공항점,매일 오전10시 30 ~ 오후10시,무료,
6,5,곰달래도서관 스터디룸,월~금 10:00~17:00,무료,4인실
7,6,커피랑도서관 강서본점 세미나A3,월-금 9시-12시 (한팀당 2시간),무료,4인
8,7,서울청년센터 강서오랑 로비,최대2시간,30000,최소1명~최대30명
9,7,"서울청년센터 강서오랑 스튜디오랑 1, 2 ",최대2시간,10000,최소1명~최대5명
10,7,서울청년센터 강서오랑 회의오랑3,최대2시간,20000,최소1명~최대16명
11,8,비즈액티브 신림 대회의실,수 15:00-18:00,무료,3~12명
12,8,비즈액티브 신림 소회의실,수 15:00-18:00,무료,2~5명
13,9,청년공간 이음 세미나룸,월-금 10:00-21:00 토 10:00-18:00 (최대3시간),시간당 만원,
14,10,관악오랑 모여랑,10~13시/ 14~17시/ 18시~21시,무료,2인~4인
15,10,관악오랑 이루어랑,10~13시/ 14~17시/ 18시~21시 (매주 토요일 대관),무료,4인~10인
16,10,관악오랑 신림동쓰리룸 [서재] 대관,"월 10:00 ~ 18:00, 화 ~ 토 10:00 ~ 22:00 최대4시간",무료,1명
17,10,관악오랑 신림동쓰리룸 2023월 [공방],"월 10:00 ~ 18:00, 화 ~ 토 10:00 ~ 22:00 (최대4시간)",2시간 10000원(초과시간당 5000원),1명
18,10,관악오랑 신림동쓰리룸 [라운지] 대관,"월 10:00 ~ 18:00, 화 ~ 토 10:00 ~ 22:00 (최대4시간)",무료,1명
19,11,서울청년센터광진오랑 모여보소,매주 화 16:00~18:00,무료,10명
20,12,동부여성발전센터 대강당,"평일 09:00~22:00, 토요일 09:00~18:00",30000원(1시간),100명
21,12,"동부여성발전센터 강의실 (1, 2, 3, 4)","평일 09:00~22:00, 토요일 09:00~18:00",15000원(1시간),15명
22,13,청춘삘딩 2층 세미나실,"평일 오전10:00~오후08:00, 토요일 오전 10:00 ~오후 6:00 (최대4시간)",무료,3명~10명
23,13,청춘삘딩 3층 공유주방,"평일 오전10:00~오후08:00, 토요일 오전 10:00 ~오후 6:00 (최대4시간)",무료,3명~6명
24,13,청춘삘딩 다목적 스튜디오,"평일 오전10:00~오후08:00, 토요일 오전 10:00 ~오후 6:00 (최대4시간)",무료,3~6명
25,14,서울청년센터 금천 오랑 회의실,10시 - 22시 / 토요일 10시 - 17시 (최대8시간),"시간당 5,000원",최대 10명
26,14,서울청년센터 금천 오랑 멀티미디어실,10시 - 22시 / 토요일 10시 - 17시 (최대4시간),"시간당 5,000원",1명
27,15,스터디북킹 민간운영 스터디 카페 스터디룸(G1룸),"화요일, 목요일 10:00~18:00",무료,3~6명
28,17,서울청년센터 노원오랑 해보다,최대2시간,무료,1명
29,17,서울청년센터 노원오랑 배우다,최대2시간,무료,최소1명~최대11명
30,17,서울청년센터 노원오랑 함께하다,최대2시간,무료,최소1명~최대6명
31,18,도봉문화정보도서관 문화마루,09:00~22:00 (최대3시간),"50,000 원 3시간당",60 명
32,18,도봉문화정보도서관 나눔터,09:00~22:00 (최대3시간),"30,000 원 3시간당",30 명
33,18,도봉문화정보도서관 배움터,09:00~22:00 (최대3시간),"30,000 원 3시간당",40 명
34,18,도봉문화정보도서관 이음터,09:00~22:00 (최대3시간),"30,000 원 3시간당",12 명
35,19,동대문구답십리도서관 강의실,"월~목 9시~22시, 토~일 9시~18시 (일최대6시간)",유료(1회 3시간 3만원) 및 무료,30여석
36,19,동대문구답십리도서관 상상스튜디오,9시~18시,유료(1회 3시간 3만원) 및 무료,3인실
38,20,한국외국어대학교 대학일자리센터,이용시간 : 평일 9:00~17:00(방학 중 9:00~ 16:00) / 주말·공휴일 휴무,무료,
37,21,손스스터디카페 스터디룸,"화, 목 18:00~22:00",무료,2~6인
39,23,사랑밭청년센터 스터디룸(사랑방),1부-09:00~12/2부-12:00~15:00 / 3부-15:00~18:00 ( 1회 2시간단위),무료,3~15명
40,25,루아흐코워킹스페이스 스터디룸(세미나룸),365일 24시간 연중무휴,무료,6인
41,25,루아흐코워킹스페이스,365일 24시간 연중무휴,무료,
42,26,한겨레교육문화센터 신촌,평일(월-금) 오전 10시~오후 13시(최소 1시간~최대 3시간),무료,8명
43,27,서울창업허브 아이디어룸,"평일 09시 - 21시, 토요일,일요일 09시 - 18시 ","10,000원(유료 또는 조건부 무료)",12명
44,27,서울창업허브 회의실,"평일 09시 - 21시, 토요일,일요일 09시 - 18시 ","10,000원(유료 또는 조건부 무료)",17명
45,27,서울창업허브 세미나룸,"평일 09시 - 21시, 토요일,일요일 09시 - 18시 ","20,000원",72명
46,27,서울창업허브 대강당,"평일 09시 - 21시, 토요일,일요일 09시 - 18시 ","60,000원",200명
47,28,청년문화공간 JU동교동 다리소극장,"오전 - 09:00~13:00(4H) , 오후 - 13:00~18:00(5H) , 야간 - 18:00~22:00(4H), 철야 - 22:00~03:00(5H)","420,000원",200명
48,28,청년문화공간 JU동교동 연습실,월-금 09:00-18:00,"38,000원(1시간)",12명
49,28,청년문화공간 JU동교동 카페,월-금 09:00-18:00,"320,000원(3시간)",60명
50,28,청년문화공간 JU동교동 니콜라오홀(대강당),월-금 09:00-18:00,"420,000원(3시간)",180~200명
51,28,청년문화공간 JU동교동 바실리오홀(전체),월-금 09:00-18:00,"178,000원(2시간)",100명
52,28,청년문화공간 JU동교동 모임방,월-금 09:00-18:00,"68,000원(2시간)",30명
53,29,마포오랑 모여랑,"평  일 10-22시, 토요일 10-17시",무료,2~4인
54,29,마포오랑 이루어랑,"평  일 10-22시, 토요일 10-17시",무료,2~8인
55,29,마포오랑 연결해랑,"평  일 10-22시, 토요일 10-17시",무료,1인미디어실
56,31,마포청년나루 보일락-미디어스튜디오,1일 최대 4시간,무료,최소1명~최대8명
57,31,마포청년나루 오르락-강의실,1일 최대 4시간,무료,최소1명~최대20명
58,31,마포청년나루 말락-상담실,1일 최대 4시간 ,무료,최소1명~최대4명
59,31,슈퍼스타트 이대점 강의장,9~12시,무료,7~16명
60,32,서대문구 일자리카페 (꿈꾸는 반지하),10~4시 (최대2시간),무료,1~10명 이상
61,33,신촌문화발전소 스튜디오창,오전 10시 ~ 오후 9시 (최대2시간),무료,최대 25명
62,33,신촌문화발전소 공연장,"10:00~12:00, 13:00~17:00, 18:00~22:00","30000, 60000, 78000",약 60명
63,34,서울청년센터 서초오랑 - 스튜디오2,"월~금 10:00~12:00, 13:00~15:00. 15:00~17:00, 17:00~19:00, 19:00~21:00 (12:00~13:00 방역), 토 10:00~12:00, 12:00~14:00, 14:00~16:00, 1회 2시간",10000원(2시간기준),1팀(2~4인)
64,34,2023년 서울청년센터 서초오랑 - 스터디룸5,"월~금 10:00~12:00, 13:00~15:00. 15:00~17:00, 17:00~19:00, 19:00~21:00 (12:00~13:00 방역), 토 10:00~12:00, 12:00~14:00, 14:00~16:00, 1회 2시간","10,000원(2시간 기준)",1팀(4~6인)
65,35,성동구립도서관 스터디룸 OR 세미나룸,평일 09시~18시,무료,3~4명
66,35,성동구립도서관 일반열람식,평일 09시~18시,무료,132석
67,36,성수지앵스 수다카페 스터디룸,"화, 목, 금 (13:00~18:00)",무료,3~4명
68,37,성동구 일자리카페 스터디룸,평일 09시~18시 (최대2시간),무료,4인
69,38,소셜 캠퍼스 온(溫)서울 회의실,월~토 07~23시,무료,최대 30명
70,39,장안평자동차산업종합정보센터 스터디룸(3층 상담실),월~금 10:00~17:00,무료,1~8명
71,40,성동오랑 5층 1인미디어실,최대3시간,무료,1명
72,40,성동오랑 4층 공유공간,"월 ~ 금 10:00~21:40, 토 10:00~17:00 (제한시간없음)",무료,10명~30명
73,40,성동오랑 5층 회의실(2인~8인),"월 ~ 금 10:00~21:40, 토 10:00~17:00 (최대3시간)",무료,1 ~ 8 팀
74,42,서경대학교 CLC Zone 1번방,"월-금(학기) 13:00-17:00(공휴일 제외), 월-금(방학) 10:00-15:00(공휴일 제외)",무료,8~10명
75,43,성신여자대학교 대학일자리센터 스터디룸,평일 09시~18시,무료,4인
76,43,성신여자대학교 대학일자리센터 강의실,평일 09시~18시,무료,40인
77,44,성북구 일자리카페 (더스터디) 스터디홀,"화, 수 8:00~11:00(3시간)",무료,43석
78,44,성북구 일자리카페 (더스터디) 스터디룸 4인실 4개,"화, 수 8:00~11:00(3시간)",무료,4인
79,44,성북구 일자리카페 (더스터디) 스터디룸 6인실 2개,"화, 수 8:00~11:00(3시간)",무료,6인
80,44,성북구 일자리카페 (더스터디) 스터디룸 10인실,"화, 수 8:00~11:00(3시간)",무료,10인
81,45,카페머그 소규모 스터디룸,오전 9시 ~ 오후 6시,무료,최대15명
82,45,카페머그 대형 거실,오전 9시 ~ 오후 6시,무료,최대40명
83,46,국민대학교 경력개발지원단 잡카페 세미나룸,월-금 09:00-17:00,무료,3~4명
84,48,커피랑도서관 가락1호점 세미나룸AA-1,월~금 09:00~16:00(최대2시간이용가능),무료,2~3인
85,49,커피랑도서관 가락센터점 스터디룸,월-금 09:00 ~ 16:00,무료,최소 2명~최대 4명
86,50,"커피랑도서관 마천사거리점 세미나룸A1, A2",월-금 09:00~16:00 (최대2시간),무료,최소 2명~최대 4명
87,51,창업디딤누리미디어편집실,09시~17시,무료,
88,51,창업디딤누리제품촬영스튜디오,09시~18시,무료,
89,51,창업디딤누리크리에이터실(영상촬영실),09시~18시,무료,
91,53,피치스터디카페,월~금 10:00~17:00 (최대2시간),무료,4인실
92,54,[서울청년센터 영등포오랑] 마주포랑2,평일 10:00~21:00 토요일 10:00~17:00,무료,최대6명
93,54,[서울청년센터 영등포오랑] 배움포랑1,평일 10:00~21:00 토요일 10:00~17:00,무료,최대 20명
94,54,[서울청년센터 영등포오랑] 배움포랑2,평일 10:00~21:00 토요일 10:00~17:00,무료,최대 20명
95,54,[서울청년센터 영등포오랑] 영상포랑,평일 10:00~21:00 토요일 10:00~17:00,무료,최대 3명
96,54,[서울청년센터 영등포오랑] 라디오포랑,평일 10:00~21:00 토요일 10:00~17:00,무료,최대 4명
98,56,용산전자상상가,"화요일 13시~19시, 목요일 13시~19시",무료,6인
99,56,창업디딤누리회의실,09시~18시,무료,4인~10인
100,57,서울혁신센터 미래청 모두모임방,"실내 월~금 09:00~18:00, 실외 월~토 09:00~18:00",1시간당43000원,2~60명
101,57,서울혁신센터 미래청 영상스튜디오,"실내 월~금 09:00~18:00, 실외 월~토 09:00~18:00",1시간당17000원,2~10명
102,57,서울혁신센터 미래청 공유동 다목적홀,"실내 월~금 09:00~18:00, 실외 월~토 09:00~18:00",1시간당72000원,2~100명
103,57,서울혁신센터 미래청 공유동 야외공간 피아노숲,"실내 월~금 09:00~18:00, 실외 월~토 09:00~18:00",1시간당72000원,1~300명
104,58,서울청년센터 은평 오랑_빌려방B,"월~금 10:00-21:00 / 토 10:00-17:00 (공휴일, 일요일 휴관) 최대2시간",10000원(2시간기준),10명 ~ 40명
105,58,서울청년센터 은평 오랑_빌려방C,월~금 10:00-21:00 / 토 10:00-17:00 2시간기준,5000원(2시간기준),1명 ~ 8명
106,58,서울청년센터 은평 오랑_빌려방A,월~금 10:00-21:00 / 토 10:00-17:00 2시간기준,5000원(2시간기준),1명 ~ 10명
107,59,피앤티스퀘어 스터디룸,"평일, 공휴일, 토요일 09시~22시/일요일 9시~20시",무료,"스터디룸 12인실 1개, 8인실 3개, 6인실 5개 보유"
108,60,파고다 내일캠퍼스,9~20시(최대3시간),무료,최소2명~최대6명
110,62,종로여성인력개발센터 청년라운지,"월~금, AM 09:00 ~ PM 18:00 (최대3시간)",무료,1인석
111,62,종로여성인력개발센터 온라인스튜디오A,"월~금, AM 09:00 ~ PM 18:00 (최대3시간)",무료,1인석
112,62,종로여성인력개발센터 청년 다용도룸,"월~금, AM 09:00 ~ PM 18:00 (최대3시간)",무료,2~4명
113,62,종로여성인력개발센터 그래서 청년서가,"월~금, AM 09:00 ~ PM 18:00 (최대3시간)",무료,2명
114,62,종로여성인력개발센터 청년일자리카페,"평일(월, 금 / 09:00~17:00) *단, 화 13:00~17:00 1:1상담 진행으로 대관불가 (최대3시간이용)",무료,최소 3명~최대 8명
115,63,청년재단 스터디룸(303호),평일 09시~21시,무료,최대 1~4인 수용가능
116,63,청년재단 스터디룸(502호),평일 09시~21시,무료,최대 1~4인 수용가능
117,63,청년재단 상담실Ⅰ,평일 09시~21시,무료,최대 1~2인 수용가능
118,63,청년재단 상담실Ⅱ,평일 09시~21시,무료,최대 1~2인 수용가능
119,64,서울시 청년일자리센터 세미나룸,공간이용 월~금 09~21시/ 토 09~18시,무료,20~25석규모
120,64,서울시 청년일자리센터 스터디룸,공간이용 월~금 09~21시/ 토 09~18시,무료,"6인 그룹스터디룸, 2인 스터디룸, 개인 스터디공간"
121,65,서울시립청소년문화교류센터(미지센터) 스터디룸,"월요일~토요일 10:00 ~ 20:30 ,일요일 및 공휴일 10:00 ~ 17:30",무료,4인
122,65,서울시립청소년문화교류센터(미지센터) 세미나실 나눔,"월요일~토요일 10:00 ~ 20:30 ,일요일 및 공휴일 10:00 ~ 17:30",무료,최대40명
123,65,서울시립청소년문화교류센터(미지센터) 모임터 다름,"월요일~토요일 10:00 ~ 20:30 ,일요일 및 공휴일 10:00 ~ 17:30",무료,최대14명
124,65,서울시립청소년문화교류센터(미지센터) 모임터 공존,"월요일~토요일 10:00 ~ 20:30 ,일요일 및 공휴일 10:00 ~ 17:30",무료,최대14명
125,65,서울시립청소년문화교류센터(미지센터) 모임터 비채(좌석),"월요일~토요일 10:00 ~ 20:30 ,일요일 및 공휴일 10:00 ~ 17:30",무료,최대10명
126,66,서일대학교 Job카페 스터디룸,학기중 : 09시~22시/방학 중 : 10시~17시,무료,4인 이상~ 12인 이하
127,68,가평문화창작공간 얼쑤공장_다목적실,평일(월~금) 09:00 ~ 18:00 ,무료,-
128,68,가평문화창작공간 얼쑤공장_연습실,평일(월~금) 09:00 ~ 18:00 ,무료,-
129,69,토당청소년수련관_1층 공연장,"평일 11:00~20:00, 토요일 11:00~15:00",무료,286
130,69,토당청소년수련관_2층 강의실,"평일 11:00~20:00, 토요일 11:00~15:00",무료,50
131,69,토당청소년수련관_강의(프로그램)실,"평일 11:00~20:00, 토요일 11:00~15:00",무료,15명내외
132,70,28청춘 창업소(청년 창업공간)_3D 프린터,평일 09:00 ~ 18:00 (1시간~6시간),무료,-
133,70,29청춘 창업소(청년 창업공간)_시제품촬영실,평일 09:00 ~ 18:00 (1시간~6시간),무료,-
134,71,청취다방 기똥차룸,월 ~금 10:00~18:00,무료,1~4명
135,71,청취다방 활기차룸,월 ~금 10:00~18:01,무료,1~4명 
136,71,청취다방 아이스룸,월 ~금 10:00~18:02,무료,2~10명
137,71,청취다방 바닐라룸,월 ~금 10:00~18:03,무료,2~10명
138,71,청취다방 라떼룸,월 ~금 10:00~18:04,무료,2~10명
139,71,청취다방 뜨아룸,월 ~금 10:00~18:05,무료,2~10명
140,72,구리시청년창업지원센터 공유오피스,평일(월~금) 09:30~21:00 토요일 09:30~18:00,무료,40명
141,72,구리시청년창업지원센터 코워킹 스페이스,평일(월~금) 09:30~21:00 토요일 09:30~18:00,무료,20명
142,72,구리시청년창업지원센터 교육실,평일(월~금) 09:30~21:00 토요일 09:30~18:00,무료,30명
143,72,구리시청년창업지원센터 회의실,평일(월~금) 09:30~21:00 토요일 09:30~18:00,무료,6명~10명
144,72,구리시청년창업지원센터 메이커 스페이스,평일(월~금) 09:30~21:00 토요일 09:30~18:00,무료,8명
145,72,구리시청년창업지원센터 크리에이터 스튜디오,평일(월~금) 09:30~21:00 토요일 09:30~18:00,무료,20명
146,72,구리시청년창업지원센터 옥상공원,평일(월~금) 09:30~21:00 토요일 09:30~18:00,무료,50명
147,73,수리산상상마을 대강당,평일(월~금) 09:00~21:00 토요일 09:00~18:00,무료,80석
148,73,수리산상상마을 1인 미디어실,평일(월~금) 09:00~21:00 토요일 09:00~18:00,무료,-
149,73,수리산상상마을 디지털플랫폼,평일(월~금) 09:00~21:00 토요일 09:00~18:00,무료,8명
150,75,과천시 청년공간 비행지구 청년지구,월화목금 10:00~21:00 / 수 10:00~18:00/ 토요일 10:00~16:00 (1~3시간),무료,25명
151,75,과천시 청년공간 비행지구 비상지구,월화목금 10:00~21:00 / 수 10:00~18:00/ 토요일 10:00~16:00 (1~3시간),무료,12명
152,75,과천시 청년공간 비행지구 공유지구,월화목금 10:00~21:00 / 수 10:00~18:00/ 토요일 10:00~16:00 (1~3시간),무료,8명
153,75,과천시 청년공간 비행지구 자유지구,월화목금 10:00~21:00 / 수 10:00~18:00/ 토요일 10:00~16:00 (1~3시간),무료,12명
154,75,과천시 청년공간 비행지구 꿈의지구,월화목금 10:00~21:00 / 수 10:00~18:00/ 토요일 10:00~16:00 (1~3시간),무료,10명
155,76,광명시 청년동 회의실 1~3,화요일 - 토요일 : 09:00 - 22:00 일요일 : 09:00 - 18:00,무료,6명 ~12명
156,76,광명시 청년동 다목적실 1~2,화요일 - 토요일 : 09:00 - 22:00 일요일 : 09:00 - 18:00,무료,5명
157,76,광명시 청년동 문화홀,화요일 - 토요일 : 09:00 - 22:00 일요일 : 09:00 - 18:00,무료,50명
158,76,광명시 청년동 개인연습실1,화요일 - 토요일 : 09:00 - 22:00 일요일 : 09:00 - 18:00,무료,2명
159,76,광명시 청년동 개인연습실2,화요일 - 토요일 : 09:00 - 22:00 일요일 : 09:00 - 18:00,무료,2명
160,76,광명시 청년동 밴드실1~2,화요일 - 토요일 : 09:00 - 22:00 일요일 : 09:00 - 18:00,무료,6명
161,76,광명시 청년동 미디어&녹음실,화요일 - 토요일 : 09:00 - 22:00 일요일 : 09:00 - 18:00,무료,6명
162,77,광명도서관 메이커스페이스 공유공간,"월~목 09:00~20:00, 토~일 09:00~17:00 (금요일 및 공휴일 휴무) (30분)",무료,-
163,77,광명도서관 메이커스페이스 교육장,"월~목 09:00~20:00, 토~일 09:00~17:00 (금요일 및 공휴일 휴무) (1시간)",무료,-
164,77,광명도서관 메이커스페이스 장비실,"월~목 09:00~20:00, 토~일 09:00~17:00 (금요일 및 공휴일 휴무) (1시간)",무료,-
165,77,광명도서관 메이커스페이스 섬유재단실,"월~목 09:00~20:00, 토~일 09:00~17:00 (금요일 및 공휴일 휴무) (1시간)",무료,-
166,77,광명도서관 메이커스페이스 1인미디어 및 편집실,"월~목 09:00~20:00, 토~일 09:00~17:00 (금요일 및 공휴일 휴무)  (30분~4시간)",무료,-
167,77,광명도서관 메이커스페이스 미팅룸,"월~목 09:00~20:00, 토~일 09:00~17:00 (금요일 및 공휴일 휴무) (30분~2시간)",무료,-
168,78,광명시창업지원센터 청년창업지원센터 Partner office (2F 회의실),평일 09:00~18:00,무료, 4명~8명
169,78,광명시창업지원센터 청년창업지원센터 Conference room (2F 회의실),평일 09:00~18:00,무료,4명~10명
170,78,광명시창업지원센터 청년창업지원센터 Self studio (2F 셀프 스튜디오),평일 09:00~18:00,무료,-
171,78,광명시창업지원센터 청년창업지원센터Meeting room A (2F 미팅룸),평일 09:00~18:00,무료,4명
172,78,광명시창업지원센터 청년창업지원센터 Meeting room B (2F 미팅룸),평일 09:00~18:00,무료,4명
173,80,더 누림 플랫폼 - 창업누림 라운지,평일(월~금) 10:00~17:00,무료,10명
174,80,더 누림 플랫폼 - 창업누림 세미나실,평일(월~금) 10:00~17:00,무료,24명
175,80,더 누림 플랫폼 - 창업누림 공용사무실,평일(월~금) 10:00~17:00,무료,12명
176,81,더 누림 플랫폼 소통누림(라운지),평일(월~금) 10:00~17:00,무료,30명
177,81,더 누림 플랫폼 대화누림(상담실),평일(월~금) 10:00~17:00,무료,9명
178,81,더 누림 플랫폼 생각누림1(회의실),평일(월~금) 10:00~17:00,무료,14명
179,81,더 누림 플랫폼 생각누림2(강의실),평일(월~금) 10:00~17:00,무료,16명
180,81,더 누림 플랫폼 함께누림(다목적실),평일(월~금) 10:00~17:00,무료,24명
181,81,더 누림 플랫폼 문화누림(미디어실),평일(월~금) 10:00~17:00,무료,4명
182,82,김포청년공간 창공 구래청년지원센터 소모임실,"월~금 오전 9시 ~ 오후 9시, 토요일 오전 10시 ~ 오후 8시",무료,최소 3명
183,82,김포청년공간 창공 구래청년지원센터 교육실,"월~금 오전 9시 ~ 오후 9시, 토요일 오전 10시 ~ 오후 8시",무료,-
184,83,김포청년공간 창공 사우청년지원센터 오픈스페이스,"월~금 오전 9시 ~ 오후 9시, 토요일 오전 10시 ~ 오후 8시",무료,24명
185,83,김포청년공간 창공 사우청년지원센터 코워킹스페이스,"월~금 오전 9시 ~ 오후 9시, 토요일 오전 10시 ~ 오후 8시",무료,6명
186,83,김포청년공간 창공 사우청년지원센터 알파룸,"월~금 오전 9시 ~ 오후 9시, 토요일 오전 10시 ~ 오후 8시",무료,4명
187,86,동두천시 청소년수련관 공연장,화요일~금요일 10시~21시 / 토요일 10시~18시,일반 : 80000(3시간) 청소년 :40000(3시간),170명
188,86,동두천시 청소년수련관 댄스연습실,화요일~금요일 10시~21시 / 토요일 10시~19시,일반 : 20000(3시간) 청소년 :무료(4시간),-
189,86,동두천시 청소년수련관 음악연습실 1~2,화요일~금요일 10시~21시 / 토요일 10시~20시,일반 : 20000(3시간) 청소년 :무료(4시간),-
190,86,동두천시 청소년수련관 체육관,화요일~금요일 10시~21시 / 토요일 10시~21시,일반 - 주간 : 40000 야간 : 50000 1일 : 70000 청소년 - 주간 : 20000 야간 : 25000 1일 : 35000,-
191,86,동두천시 청소년수련관 청소년놀이공간,화요일~금요일 10시~21시 / 토요일 10시~22시,무료,-
192,86,동두천시 청소년수련관 프로그램실 1~3,화요일~금요일 10시~21시 / 토요일 10시~23시,무료,-
193,86,동두천시 청소년수련관 동아리실1~4,화요일~금요일 10시~21시 / 토요일 10시~24시,무료,-
194,88,부천시평생학습센터 고강시민학습원 공유공간,월~토요일 10:00~17:00,무료,20~50명
195,89,부천시평생학습센터 부천시민학습원 공유공간,월~토요일 10:00~17:00,무료,10~60명
196,89,부천시평생학습센터 부천시민학습원 e-스튜디오,월~토요일 10:00~17:00,무료,-
197,90,부천시평생학습센터 송내시민학습원 공유공간,월~토요일 10:00~17:00,무료,20~70명
198,91,부천IOT혁신센터 컨퍼런스룸(대회의실),월~금 - 09:00 ~ 18:00 ,"관내기업 : 20,000원(VAT별도)
관외기업 : 50,000원(VAT별도)
비영리기관 : 10,000원(VAT별도)
공공기관 : 무료",50명
199,91,부천IOT혁신센터 세미나실(미팅룸1),월~금 - 09:00 ~ 18:00 ,"관내기업 : 20,000원(VAT별도)
관외기업 : 50,000원(VAT별도)
비영리기관 : 10,000원(VAT별도)
공공기관 : 무료",20명
200,91,부천IOT혁신센터 미팅룸 2~4,월~금 - 09:00 ~ 18:00 ,무료,4명
201,91,부천IOT혁신센터 미팅룸 4,월~금 - 09:00 ~ 18:00 ,무료,8명
202,92,원미청정구역 열린학습공간,평일/주말 07:00~22:00,무료,100명
203,92,"원미청정구역 촌락1, 2",평일/주말 09:00~18:00 ,무료,24명
204,92,원미청정구역 오픈스튜디오,평일/주말 09:00~18:00 ,무료,2명
205,92,원미청정구역 인터뷰 룸,평일/주말 09:00~18:00 ,무료,3명
206,92,원미청정구역 공유부엌,평일/주말 09:00~18:00 ,무료,40명
207,92,원미청정구역 체험공간,평일/주말 09:00~18:00 ,무료,46명
208,93,고리울청소년센터 소강당,평일 10:00~21:00 / 토요일 10:00~20:00 / 일요일 10:00~18:00,무료,30명
209,93,고리울청소년센터 모임방,평일 10:00~21:00 / 토요일 10:00~20:00 / 일요일 10:00~18:00,무료,5~10명
210,93,고리울청소년센터 미디어센터,평일 10:00~21:00 / 토요일 10:00~20:00 / 일요일 10:00~18:00,무료,10명
211,93,고리울청소년센터 연습실,평일 10:00~21:00 / 토요일 10:00~20:00 / 일요일 10:00~18:00 (최대 4시간),무료,4~10명
212,100,성남일자리센터 세미나실,1타임 : 10:00~11:50 / 2타임 : 13:10~15:00 / 3타임 : 15:10~17:00,무료,10명
213,100,성남일자리센터 면접실,1타임 : 10:00~11:50 / 2타임 : 13:10~15:00 / 3타임 : 15:10~17:00,무료,1명
214,101,청년지원센터 '청년이 봄' 청년이봄,"평일 10시 ~ 21시, 토요일 10시 ~ 15시",무료,최대 10명
215,101,청년지원센터 '청년이 봄' 보고또봄,"평일 10시 ~ 21시, 토요일 10시 ~ 15시",무료,최대 30명
216,101,청년지원센터 '청년이 봄' 미디어실,"평일 10시 ~ 21시, 토요일 10시 ~ 15시",무료,-
217,102,판교역 창업카페 로봇카페,평일 : 09:00~21:00,무료,-
218,102,판교역 창업카페 미팅룸,평일 : 09:00~21:00,무료,-
219,102,판교역 창업카페 창업카페,평일 : 09:00~21:00,무료,-
220,102,판교역 창업카페 창업사무공간,평일 : 09:00~21:00,무료,-
224,104,청년예술창작소 스튜디오1(운영사무공간),월~금 10:00 ~ 19:00 (1시간~최대 3시간),무료,-
225,104,청년예술창작소 스튜디오2(다목적공간),월~금 10:00 ~ 19:00 (1시간~최대 3시간),무료,-
226,104,청년예술창작소 스튜디오3(전시공간),월~금 10:00 ~ 19:00 (1시간~최대 3시간),무료,-
227,104,청년예술창작소 스튜디오4(방음실),월~금 10:00 ~ 19:00 (1시간~최대 3시간),무료,-
228,105,경기도 여성비전센터 창작스튜디오,평일 : 09:00~21:00,무료,-
229,105,"경기도 여성비전센터 공유오피스,커뮤니티",평일 : 09:00~21:00,무료,6명~30명
230,105,경기도 여성비전센터 공유오피스,평일 : 09:00~21:00,무료,-
231,105,경기도 여성비전센터 영상회의실,평일 : 09:00~21:00,무료,14명이내 
232,105,경기도 여성비전센터 영상편집실,평일 : 09:00~21:00,무료,4명사용가능 
233,105,경기도 여성비전센터 대강당,평일 : 09:00~21:00,무료,최대 100명
234,105,경기도 여성비전센터 나혜석홀,평일 : 09:00~21:00,무료,최대 40명
235,106,수원시청년지원센터 청누리 자유존,"화~토 10:00~18:00(월, 공휴일 휴무)",무료,-
236,106,수원시청년지원센터 청누리 회의실,"화~토 10:00~18:00(월, 공휴일 휴무)",무료,3~8명
237,106,수원시청년지원센터 청누리 휴식존,"화~토 10:00~18:00(월, 공휴일 휴무)",무료,20명
238,107,멀티벙커(공간1986 1층),"화-일 10:00-18:00(월요일, 공휴일 제외)",무료,150명
239,107,다목적 로비(공간1986 1층),"화-일 10:00-18:00(월요일, 공휴일 제외)",무료,50명
240,107,미팅룸(공간1986 2층),"화-일 10:00-18:00(월요일, 공휴일 제외)",무료,8명
241,107,코워킹 스페이스(경기상상캠퍼스 청년1981 1층),"화-일 10:00-18:00(월요일, 공휴일 제외)",무료,50명
242,107,그루빙룸(경기상상캠퍼스 청년1981 1층),"화-일 10:00-18:00(월요일, 공휴일 제외)",무료,50명
243,107,딸기살롱(경기상상캠퍼스 생활1980 2층),"화-일 10:00-18:00(월요일, 공휴일 제외)",무료,5명
244,107,무궁화살롱(경기상상캠퍼스 생활1980 2층) ,"화-일 10:00-18:00(월요일, 공휴일 제외)",무료,5명
245,107,교육랩2(경기상상캠퍼스 교육1964),"화-일 10:00-18:00(월요일, 공휴일 제외)",무료,30명 
246,107,교육살롱 1~2 (경기상상캠퍼스 교육1964 1층)  ,"화-일 10:00-18:00(월요일, 공휴일 제외)",무료,12명
247,107,교육랩3 (경기상상캠퍼스 교육1964 2층) ,"화-일 10:00-18:00(월요일, 공휴일 제외)",무료,24명
248,107,교육랩4 (경기상상캠퍼스 교육1964 2층) ,"화-일 10:00-18:00(월요일, 공휴일 제외)",무료,12명
249,107,컨퍼런스홀 (경기상상캠퍼스 교육1964 1층) ,"화-일 10:00-18:00(월요일, 공휴일 제외)",무료,120명
250,107,무아지경 (경기상상캠퍼스 생생1990 2층) ,"화-일 10:00-18:00(월요일, 공휴일 제외)",무료,20명
251,107,연습실4 (경기상상캠퍼스 공작1967) ,"화-일 10:00-18:00(월요일, 공휴일 제외)",무료,4명
252,107,교육실1 (경기상상캠퍼스 디자인1978 2층) ,"화-일 10:00-18:00(월요일, 공휴일 제외)",무료,30명
253,107,교육실3 (경기상상캠퍼스 디자인1978 2층) ,"화-일 10:00-18:00(월요일, 공휴일 제외)",무료,15명
254,107,전시실 (경기상상캠퍼스 디자인1978 1층) ,"화-일 10:00-18:00(월요일, 공휴일 제외)",무료,120명
255,109,수원청년바람지대 소회의실,[월~금] 10:00~21:00 / 토 10:00~18:00,무료,10명
256,109,수원청년바람지대 오픈라운지,[월~금] 10:00~21:00 / 토 10:00~18:00,무료,40명
257,110,청년스테이션 코리빙랩, 월~금 10:00~22:00 / 토~일 10:00~18:00 ,무료,100명
258,110,청년스테이션 청년활력공간, 월~금 10:00~22:00 / 토~일 10:00~18:00 ,무료,15명
259,110,청년스테이션 소담키친, 월~금 10:00~22:00 / 토~일 10:00~18:00,무료,20명
260,110,청년스테이션 소담라운지, 월~금 10:00~22:00 / 토~일 10:00~18:00,무료,5명
261,110,청년스테이션 커뮤니티룸1, 월~금 10:00~22:00 / 토~일 10:00~18:00,무료,8명
262,110,청년스테이션 커뮤니티룸2, 월~금 10:00~22:00 / 토~일 10:00~18:00,무료,15명
263,111,청년협업마을 포토스튜디오,월~토 10:00~21:00,무료,10명
264,111,청년협업마을 뮤직스튜디오1,월~토 10:00~21:01,무료,3명
265,111,청년협업마을 뮤직스튜디오2,월~토 10:00~21:02,무료,10명
266,111,청년협업마을 미디어스튜디오,월~토 10:00~21:03,무료,2명
267,111,청년협업마을 플레이스튜디오,월~토 10:00~21:04,무료,10명
268,111,청년협업마을 콘텐츠제작실,월~토 10:00~21:05,무료,10명
269,111,청년협업마을다목적홀,월~토 10:00~21:06,무료,100명
270,111,청년협업마을 오픈라운지3,월~토 10:00~21:07,무료,10명
271,113,청년큐브-디지털제조스튜디오 제조스튜디오,평일 09:00 ~ 18:00,무료,-
272,113,청년큐브-디지털제조스튜디오 촬영스튜디오,평일 09:00 ~ 18:00,무료,-
273,113,청년큐브-디지털제조스튜디오 장비활용,평일 09:00 ~ 18:00,무료,-
274,114,청년큐브-초지캠프 스튜디오,평일 09:00 ~ 18:00,무료,-
275,114,청년큐브-초지캠프 창업공간,평일 09:00 ~ 18:00,무료,-
276,114,청년큐브-초지캠프 회의실,평일 09:00 ~ 18:00,무료,-
277,114,청년큐브-초지캠프 세미나실,평일 09:00 ~ 18:00,무료,-
278,114,청년큐브-초지캠프 전시장,평일 09:00 ~ 18:00,무료,-
279,114,청년큐브-초지캠프 다목적실,평일 09:00 ~ 18:00,무료,-
280,114,청년큐브-초지캠프 대회의실,평일 09:00 ~ 18:00,무료,-
281,114,청년큐브-초지캠프 공용휴게실,평일 09:00 ~ 18:00,무료,-
282,115,청년큐브- 예대캠프 창업공간,평일 09:00 ~ 18:00,무료,-
283,115,청년큐브- 예대캠프 세미나실,평일 09:00 ~ 18:00,무료,-
284,115,청년큐브- 예대캠프 다목적실,평일 09:00 ~ 18:00,무료,-
285,115,청년큐브-초지캠프 다용도실,평일 09:00 ~ 18:00,무료,-
286,116,청년큐브-한양캠프 세미나실,평일 09:00 ~ 18:00,무료,-
287,116,청년큐브-한양캠프 창업공간,평일 09:00 ~ 18:00,무료,-
288,117,경기내일스퀘어 안산 '상상대로' 원하는대로 다목적실,평일 09:00 ~ 18:00,무료,-
289,117,경기내일스퀘어 안산 '상상대로' 오픈라운지,평일 09:00 ~ 18:00,무료,-
290,117,경기내일스퀘어 안산 '상상대로' 마음먹은대로 강의실 1·2/세미나실,평일 09:00 ~ 18:00,무료,-
291,118,동안청소년수련관 청소년자유공간 '포텐',"월~금요일 : 14:00~20:00
토요일 : 10:00~19:00
일요일(공휴일) : 10:00~17:00",무료,-
292,118,동안청소년수련관 다목적체육관,월~토요일 : 06:00~22:00 / 일요일 : 09:00~18:00,무료,-
293,118,동안청소년수련관 휘트니스룸,월~토 06:00~22:00,"청소년 정기회원: 21,000원	일일 : 1,500원
성인	정기회원 : 32,000원 일일 : 3,000원",-
294,118,동안청소년수련관 라켓볼장,"월~금요일, 토/일요일 : 강습반, 게임반 운영중","평일 : 청소년 33,000원/성인 50,000원 주말 : 청소년 22,000원/성인 33,000원",-
295,118,"동안청소년수련관 동아리실(지하1층 끼나래실, 춤나래실)","월~토요일 : 09:00~21:00, 일요일 : 09:00~18:00",무료,-
296,118,동안청소년수련관문예극장(수련관 4층),목요일 : 16:00~21:00    ,"청소년 20000원, 성인 30000원(2시간당)",-
297,119,만안 청년오피스 매니저존,오전10:00~오후21:00,무료,-
298,119,만안 청년오피스 라운지 탕비실,오전10:00~오후21:00,무료,-
299,119,만안 청년오피스 라운지,오전10:00~오후21:00,무료,-
300,119,만안 청년오피스 라운지 중회의실,오전10:00~오후21:00,무료,50명
301,119,만안 청년오피스 라운지 소회의실,오전10:00~오후21:00,무료,12명
302,119,만안 청년오피스 오피스,오전10:00~오후21:00,무료,6명
303,119,만안 청년오피스 오피스,오전10:00~오후21:00,무료,10명
304,119,만안 청년오피스  오피스 회의실,오전10:00~오후21:00,무료,6명
305,120,동안 청년오피스 오픈무대,오전 10:00~오후 21:00,무료,-
306,120,동안 청년오피스 오픈공간,오전10:00~오후21:00,무료,108명
307,120,동안 청년오피스 스타트업실,오전10:00~오후21:00,무료,50명
308,120,동안 청년오피스 회의실,오전 10:00~오후 21:00,무료,-
309,120,동안 청년오피스 공용PC존,오전10:00~오후21:00,무료,-
310,120,동안 청년오피스 매니저존A/B,오전 10:00~오후 21:00,무료,16명
311,122,양주시청년센터 오픈라운지,평일 9:00 ~ 18:00,무료,15명
312,122,양주시청년센터 프로그램실,평일 9:00 ~ 18:00,무료,20명
313,122,양주시청년센터 공동작업실,평일 9:00 ~ 18:00,무료,8명
314,122,양주시청년센터 1인 미디어실,평일 9:00 ~ 18:00,무료,1명
315,122,양주시청년센터 세미나실,평일 9:00 ~ 18:00,무료,12명
316,123,양평 청년공간 딴딴회관 윗딴,평일 10:00~21:00,무료,10명
317,123,양평 청년공간 딴딴회관 아랫딴,평일 10:00~21:00,무료,20명
318,123,양평 청년공간 딴딴회관 딴딴정원,평일 10:00~21:00,무료,-
319,126,여주시청년활동지원센터(내일스퀘어) 커뮤니티홀,평일(월~금) 10:00~21:00 토 09:00~18:00,무료,-
320,126,여주시청년활동지원센터(내일스퀘어) 스터디룸,평일(월~금) 10:00~21:00 토 09:00~18:00,무료,1명~10명
321,126,여주시청년활동지원센터(내일스퀘어) 공유부엌과 오픈카페,평일(월~금) 10:00~21:00 토 09:00~18:00,무료,-
322,126,여주시청년활동지원센터(내일스퀘어) 공유 오피스,평일(월~금) 10:00~21:00 토 09:00~18:00,무료,-
323,127,연천군 청년센터 공유공간,"주중 09:00 ~ 21:00 (토, 일, 공휴일 휴관)",무료,-
324,127,연천군 청년센터 청년모임방 1,"주중 09:00 ~ 21:00 (토, 일, 공휴일 휴관)",무료,8명
325,127,연천군 청년센터 청년모임방 2,"주중 09:00 ~ 21:00 (토, 일, 공휴일 휴관)",무료,8명
326,127,연천군 청년센터 방송실,"주중 09:00 ~ 21:00 (토, 일, 공휴일 휴관)",무료,-
327,127,연천군 청년센터 공유주방,"주중 09:00 ~ 21:00 (토, 일, 공휴일 휴관)",무료,-
328,130,오산청년일자리카페 이루잡 일자리상담창구,평일 09:00~18:00,무료,2명
329,130,오산청년일자리카페 이루잡 라운지,평일 09:00~22:00 / 주말 10:00~18:00,무료,20명
330,130,오산청년일자리카페 이루잡 세미나실,평일 09:00~22:00 / 주말 10:00~18:00,무료,20명
331,130,오산청년일자리카페 이루잡 오픈데스크,평일 09:00~22:00 / 주말 10:00~18:00,무료,24명
332,130,오산청년일자리카페 이루잡 미팅룸,평일 09:30~21:30 / 주말 10:30~17:30,무료,8명
333,130,오산청년일자리카페 이루잡  AI스튜디오,평일 09:30~21:30 / 주말 10:30~17:30,무료,3명
334,130,오산청년일자리카페 이루잡 OA룸,평일 09:00~22:00 / 주말 10:00~18:00,무료,1명
335,130,오산청년일자리카페 이루잡 모두의서재,평일 09:00~22:00 / 주말 10:00~18:00,무료,15명
336,130,오산청년일자리카페 이루잡 개인학습공간,평일 09:00~22:00 / 주말 10:00~18:00,무료,8명
337,130,오산청년일자리카페 이루잡 포레스트존,평일 09:00~22:00 / 주말 10:00~18:00,무료,20명
338,130,오산청년일자리카페 이루잡 공유주방,평일 09:00~22:00 / 주말 10:00~18:00,무료,8명
339,130,오산청년일자리카페 이루잡 개인상담실,평일 09:00~22:00 / 주말 10:00~18:00,무료,2명
340,131,용인청년LAB 수지 일할LAB (코워킹룸),평일 10:00~22:00 / 토요일 10:00~18:00,무료,14명
341,131,용인청년LAB 수지 마실LAB (공유카페),평일 10:00~22:00 / 토요일 10:00~18:00,무료,10명
342,131,용인청년LAB 수지 다할LAB1~3 (다목적룸),평일 10:00~22:00 / 토요일 10:00~18:00,무료,최대 40명
343,131,용인청년LAB 수지 찍어볼LAB (미디어룸),평일 10:00~22:00 / 토요일 10:00~18:00,무료,4명
344,131,용인청년LAB 수지 먹을LAB (공유주방),평일 10:00~22:00 / 토요일 10:00~18:00,무료,8명
345,131,용인청년LAB 수지 쉴LAB (휴게공간),평일 10:00~22:00 / 토요일 10:00~18:00,무료,10명
346,131,용인청년LAB 수지 모일LAB,평일 10:00~22:00 / 토요일 10:00~18:00,무료,34명
347,132,용인청년LAB 기흥 일할LAB (코워킹룸),평일 10:00~22:00 / 토· 일 10:00~18:00,무료,40명
348,132,용인청년LAB 수지 읽을LAB,평일 10:00~22:00 / 토요일 10:00~18:00,무료,20명
349,132,용인청년LAB 수지 다할LAB,평일 10:00~22:00 / 토요일 10:00~18:00 (4시간까지 이용가능),무료,2~3명
350,132,용인청년LAB 수지 나눌 LAB,평일 10:00~22:00 / 토요일 10:00~18:00,무료,5명
351,132,용인청년LAB 수지 움직일 LAB,평일 10:00~22:00 / 토요일 10:00~18:00,무료,2~4명
352,132,용인청년LAB 수지 먹고 마실 LAB,평일 10:00~22:00 / 토요일 10:00~18:00,무료,18명
353,133,용인청년LAB 수지 다할LAB,평일 10:00~22:00 / 토요일 10:00~18:00,무료,24명
354,133,용인청년LAB 수지 모일 LAB,평일 10:00~22:00 / 토요일 10:00~18:00,무료,6명
355,133,용인청년LAB 수지 OA실,평일 10:00~22:00 / 토요일 10:00~18:00,무료,-
356,134,드림1인창업지원센터 개방형 사무공간 ,월~금 : 09:00~21:00,무료,"33명(고정석 30, 자유석 3석)"
357,134,드림2인창업지원센터 개방형 대회의실,월~금 : 09:00~21:00,무료,-
358,134,드림3인창업지원센터 개방형 중회의실,월~금 : 09:00~21:00,무료,-
359,134,드림4인창업지원센터 개방형 촬영스튜디오,월~금 : 09:00~21:00,무료,-
360,134,드림3인창업지원센터 개방형 중회의실,월~금 : 09:00~21:00,무료,-
361,134,드림4인창업지원센터 개방형 폰부스,월~금 : 09:00~21:00,무료,-
362,134,드림4인창업지원센터 개방형 휴게실,월~금 : 09:00~21:00,무료,-
363,135,"보정역 생활문화센터 '청년, 문화 놀다' 어울림방","화~금 10:00~21:00, 토요일 10:00~17:00",무료,8~10명
364,135,"보정역 생활문화센터 '청년, 문화 놀다' 두드림방","화~금 10:00~21:00, 토요일 10:00~17:00",무료,5~8명
365,135,"보정역 생활문화센터 '청년, 문화 놀다' 흥겨운방","화~금 10:00~21:00, 토요일 10:00~17:00",무료,5~6명
366,135,"보정역 생활문화센터 '청년, 문화 놀다' 다목적실","화~금 10:00~21:00, 토요일 10:00~17:00",무료,10~6명
367,135,"보정역 생활문화센터 '청년, 문화 놀다' 마주침공간","화~금 10:00~21:00, 토요일 10:00~17:00",무료,50명
368,135,"보정역 생활문화센터 '청년, 문화 놀다' 편의시설(수유실)","화~금 10:00~21:00, 토요일 10:00~17:00",무료,-
369,136,청년발전소 포일센터 다목적공간,평일 09:00~21:00 / 토요일 : 9:00~18:00 ,무료,-
370,136,청년발전소 포일센터 강의실(회의실),평일 09:00~21:00 / 토요일 : 9:00~18:00 ,무료,최대 20명
371,136,청년발전소 포일센터 스터디룸,평일 09:00~21:00 / 토요일 : 9:00~18:00 ,무료,-
372,139,청년발전소 고천센터 다목적공간,평일 09:00~21:00 / 토요일 : 9:00~18:00 ,무료,-
373,139,청년발전소 고천센터 강의실(회의실),평일 09:00~21:00 / 토요일 : 9:00~18:00 ,무료,최대 7명
374,139,청년발전소 고천센터 스터디룸,평일 09:00~21:00 / 토요일 : 9:00~18:00 ,무료,-
375,139,청년발전소 고천센터 음악실,평일 09:00~21:00 / 토요일 : 9:00~18:00 ,무료,-
376,139,청년발전소 고천센터 독서실,평일 09:00~21:00 / 토요일 : 9:00~18:00 ,무료,-
377,140,의정부 청년공감터 다목적공간,평일 10:00~21:00 / 토요일 : 10:00~16:00,무료,최대 4명
378,140,의정부 청년공감터 상담실,평일 10:00~21:00 / 토요일 : 10:00~16:00,무료,최대 5명
379,140,의정부 청년공감터 다목적실1,평일 10:00~21:00 / 토요일 : 10:00~16:00,무료,최대 24명
380,140,의정부 청년공감터 열린서재,평일 10:00~21:00 / 토요일 : 10:00~16:00,무료,최대 12명
381,141,파주시 청년공간 GP1934 라운지,"평일 10:00~21:00, 토요일 09:30~17:30",무료,-
382,141,"파주시 청년공간 GP1934 스터디룸 1,2","평일 10:00~21:00, 토요일 09:30~17:30",무료,-
383,141,파주시 청년공간 GP1934 상담실&수다방,"평일 10:00~21:00, 토요일 09:30~17:30",무료,-
384,141,파주시 청년공간 GP1934 미디어룸,"평일 10:00~21:00, 토요일 09:30~17:30",무료,-
385,141,파주시 청년공간 GP1934 세미나실,"평일 10:00~21:00, 토요일 09:30~17:30",무료,-
386,142,"평택시청년지원센터 청년쉼,표 댄스연습실",평일 10:00~21:00 / 토요일 09:00~17:00,무료,15명
387,142,"평택시청년지원센터 청년쉼,표 콘텐츠제작실",평일 10:00~21:00 / 토요일 09:00~17:00,무료,10명
388,142,"평택시청년지원센터 청년쉼,표 밴드연습실",평일 10:00~21:00 / 토요일 09:00~17:00,무료,10명
389,142,"평택시청년지원센터 청년쉼,표 개인연습실",평일 10:00~21:00 / 토요일 09:00~17:00,무료,3명
390,142,"평택시청년지원센터 청년쉼,표 커뮤니티룸",평일 10:00~21:00 / 토요일 09:00~17:00,무료,30명
391,142,"평택시청년지원센터 청년쉼,표 그룹스터디룸1",평일 10:00~21:00 / 토요일 09:00~17:00,무료,8명
392,142,"평택시청년지원센터 청년쉼,표 그룹스터디룸2",평일 10:00~21:00 / 토요일 09:00~17:00,무료,8명
393,142,"평택시청년지원센터 청년쉼,표 공유오피스",평일 10:00~21:00 / 토요일 09:00~17:00,무료,10명
394,142,"평택시청년지원센터 청년쉼,표 교육실",평일 10:00~21:00 / 토요일 09:00~17:00,무료,10명
395,142,"평택시청년지원센터 청년쉼,표 1인스터디룸1",평일 10:00~21:00 / 토요일 09:00~17:00,무료,1명
396,142,"평택시청년지원센터 청년쉼,표 1인스터디룸2",평일 10:00~21:00 / 토요일 09:00~17:00,무료,1명
397,142,"평택시청년지원센터 청년쉼,표 1인스터디룸3",평일 10:00~21:00 / 토요일 09:00~17:00,무료,1명
398,142,"평택시청년지원센터 청년쉼,표 공유부엌",평일 10:00~21:00 / 토요일 09:00~17:00,무료,20명
399,142,"평택시청년지원센터 청년쉼,표 다목적실",평일 10:00~21:00 / 토요일 09:00~17:00,무료,50명
400,143,포천시 청년센터  오픈라운지,월 ~ 금 10:00 ~ 20:50 / 토요일 10:00 ~ 16:50,무료,-
401,143,포천시 청년센터  스터디실,월 ~ 금 10:00 ~ 20:50 / 토요일 10:00 ~ 16:50,무료,-
402,143,포천시 청년센터  세미나실A,월 ~ 금 10:00 ~ 20:50 / 토요일 10:00 ~ 16:50,무료,45명
403,143,포천시 청년센터  세미나실B,월 ~ 금 10:00 ~ 20:50 / 토요일 10:00 ~ 16:50,무료,20명
404,143,포천시 청년센터  회의실,월 ~ 금 10:00 ~ 20:50 / 토요일 10:00 ~ 16:50,무료,8명
405,143,포천시 청년센터  창업사무실A/B,월 ~ 금 10:00 ~ 20:50 / 토요일 10:00 ~ 16:50,무료,-
406,143,VR면접실(준비중),월 ~ 금 10:00 ~ 20:50 / 토요일 10:00 ~ 16:50,무료,1명
407,146,하남 일자리카페 'ILMAREN' 계단식 교육장,월~금요일 09:00~18:00(주말 및 공휴일 휴무),무료,5~50명
408,146,하남 일자리카페 'ILMAREN' 계단식 세미나실,월~금요일 09:00~18:00(주말 및 공휴일 휴무),무료,5~50명
409,146,하남 일자리카페 'ILMAREN' 소교육장,월~금요일 09:00~18:00(주말 및 공휴일 휴무),무료,5~50명
410,147,하남시 청년해냄센터 강의실1,월~금 09:00~18:00(토요일․공휴일 휴무),무료,12명
411,147,하남시 청년해냄센터 강의실2,월~금 09:00~18:00(토요일․공휴일 휴무),무료,16명
412,147,하남시 청년해냄센터 강의실3,월~금 09:00~18:00(토요일․공휴일 휴무),무료,8명
413,148,화성시 청년지원센터 HEY 공유라운지,"월, 금: 09:00~18:00 / 화, 수, 목: 09:00~21:00 / 토: 10:00~18:00",무료,8~20명
414,148,화성시 청년지원센터 HEY 공유주방,"월, 금: 09:00~18:00 / 화, 수, 목: 09:00~21:00 / 토: 10:00~18:00",무료,2~8명
415,148,화성시 청년지원센터 HEY 세미나실,"월, 금: 09:00~18:00 / 화, 수, 목: 09:00~21:00 / 토: 10:00~18:00",무료,2~6명
416,151,강동 일자리카페_AI면접체험룸,3시간,무료,1명
417,151,강동 일자리카페_세미나룸1,3시간,무료,2~6명
418,151,강동 일자리카페_세미나룸2,3시간,무료,2~6명
419,152,건국대학교 job cafe 상담실,평일(월-금) 9:00~17:00,무료,24석
420,152,건국대학교 job café 세미나실,평일(월-금) 9:00~17:00,무료,17석
421,152,건국대학교 job cafe 잡카페,평일(월-금) 9:00~17:00,무료,스터디 좌석 28석
422,153,구로청년공간 청년이룸_스터디룸,평일(금요일) 11:00 ~ 19:00,무료,4명
423,153,구로청년공간 청년이룸_스터디룸,"평일(월-금),토 11:00 ~ 19:00",시간당 3000원,4명
424,154,청년내일 셀프스튜디오,평일(월-금) 주말 (토) 10:00~13:00,무료,1명
425,154,청년내일 내일톡톡,평일(월-금) 주말 (토) 10:00~13:00,무료,2~5명
426,155,노량진청년일자리센터 다목적홀,"평일(월-금) 09:00~22:00, 토요일 09:00~18:00",무료,6~30명
427,155,노량진청년일자리센터 공유공간,"평일(월-금) 09:00~22:00, 토요일 09:00~18:00, 4시간",무료,
428,155,노량진청년일자리센터 다목적홀,"평일(월-금) 09:00~22:00, 토요일 09:00~18:00, 4시간",무료,
429,155,노량진청년일자리센터 면접정장 대여실,평일(월-금) 09:00~18:00,무료,
430,155,노량진청년일자리센터 실습형 프로그램실,"평일(월-금) 09:00~22:00, 토요일 09:00~18:00",무료,24명
431,155,노량진청년일자리센터  세미나룸 1,"평일(월-금) 09:00~22:00, 토요일 09:00~18:00, 4시간",무료,3~6명
432,155,노량진청년일자리센터  세미나룸 2,"평일(월-금) 09:00~22:00, 토요일 09:00~18:00, 4시간",무료,3~7명
433,155,노량진청년일자리센터 직업교육실,"평일(월-금) 09:00~22:00, 토요일 09:00~18:00",무료,30명
434,155,노량진청년일자리센터 셀프스튜디오,"평일(월-금) 09:00~22:00, 토요일 09:00~18:00",무료,
435,157,청년일다방 스터디룸,"평일(월-금) 10:00~17:00, 2시간",무료,2~8명
436,158,양천 청년일자리카페 세미나룸,"평일(화-금),토:10:00-22:00",무료,
437,158,양천 청년일자리카페 스터디룸2-1,"평일(화-금),토:10:00-22:00",무료,
438,158,양천 청년일자리카페 스터디룸2-2,"평일(화-금),토:10:00-22:00",무료,
439,158,양천 청년일자리카페 스터디룸2-3,"평일(화-금),토:10:00-22:00",무료,
440,158,양천 청년일자리카페 스터디룸2-4,"평일(화-금),토:10:00-22:00",무료,
441,158,양천 청년일자리카페 스터디룸2-5,"평일(화-금),토:10:00-22:00",무료,
442,159,청년활력소 자기소개영상실,"평일(월-금) 10:00~18:00, 3시간",무료,
443,159,청년활력소 화상면접실1,"평일(월-금) 10:00~18:00, 3시간",무료,
444,159,청년활력소 화상면접실2,"평일(월-금) 10:00~18:00, 3시간",무료,
445,159,청년활력소 화상면접실3,"평일(월-금) 10:00~18:00, 3시간",무료,
446,160,청년활력소2 스터디카페1,"평일(월-금), 주말(토) 10:00~18:00, 3시간",무료,4인
447,160,청년활력소2 스터디카페2,"평일(월-금), 주말(토) 10:00~18:00, 3시간",무료,6인
448,163,[서울청년센터 강북오랑] 스튜디오실 '남겨보시게',"평일(월~금) 10:00~21:00, 토 10:00~17:00",무료,1~5인
449,2,서울청년센터 강동오랑 오랑홀 대관,"평일(월~금) 10:00~21:00, 토 10:00~17:00",무료,8~25인
450,2,서울청년센터 강동오랑 강의실 대관,"평일(월~금) 10:00~21:00, 토 10:00~17:00",무료,2~6인
451,2,서울청년센터 강동오랑 스튜디오 대관,"평일(월~금) 10:00~21:00, 토 10:00~17:00",무료,2~6인
452,2,서울청년센터 강동오랑 소셜라운지 대관,"평일(월~금) 10:00~21:00, 토 10:00~17:00",무료,2~6인
