PROGRAM_ID,CENTER_ID,PROGRAM_NAME,PROGRAM_TIME,PROGRAM_CONTENT,PROGRAM_NUM
1,1,[대면상담] 1:1 개인역량 맞춤 취업컨설팅-1부,2023-06-09 14:00 ~ 15:10,강점을 찾아 자신감 있는 자소서& 면접 준비하기(☎02-731-9576),
2,1,[대면상담] 1:1 개인역량 맞춤 취업컨설팅-2부,2023-06-09 15:20 ~ 16:30,강점을 찾아 자신감 있는 자소서& 면접 준비하기(☎02-731-9576),
3,1,[대면상담] 1:1 개인역량 맞춤 취업컨설팅-3부,2023-06-09 16:40 ~ 17:50,강점을 찾아 자신감 있는 자소서& 면접 준비하기(☎02-731-9576),
4,1,[대면상담] 1:1 개인역량 맞춤 취업컨설팅-1부,2023-06-16 14:00 ~ 15:10,강점을 찾아 자신감 있는 자소서& 면접 준비하기(☎02-731-9576),
5,1,[대면상담] 1:1 개인역량 맞춤 취업컨설팅-2부,2023-06-16 15:20 ~ 16:30,강점을 찾아 자신감 있는 자소서& 면접 준비하기(☎02-731-9576),
6,1,[대면상담] 1:1 개인역량 맞춤 취업컨설팅-3부,2023-06-16 16:40 ~ 17:50,강점을 찾아 자신감 있는 자소서& 면접 준비하기(☎02-731-9576),
7,1,[오프라인] 호감얻고 신뢰감 주는 스피치 실습 _ 1분 스피치 만들기,2023-06-21 14:00 ~ 15:30,☆스피치 실습☆ 멘토링_1분 스피치 만들기,
8,1,[오프라인] 호감얻고 신뢰감 주는 스피치 실습 _ 피드백 및 트레이닝,2023-06-21 15:30 ~ 17:00,☆스피치 실습☆ 멘토링_피드백 및 트레이닝,
9,1,[대면상담] 1:1 개인역량 맞춤 취업컨설팅-1부,2023-06-30 14:00 ~ 15:10,강점을 찾아 자신감 있는 자소서& 면접 준비하기(☎02-731-9576),
10,1,[대면상담] 1:1 개인역량 맞춤 취업컨설팅-2부,2023-06-30 15:20 ~ 16:30,강점을 찾아 자신감 있는 자소서& 면접 준비하기(☎02-731-9576),
11,1,[대면상담] 1:1 개인역량 맞춤 취업컨설팅-3부,2023-06-30 16:40 ~ 17:50,강점을 찾아 자신감 있는 자소서& 면접 준비하기(☎02-731-9576),
12,1,[대면상담] 1:1 개인역량 맞춤 취업컨설팅-1부,2023-06-02 14:00 ~ 15:10,강점을 찾아 자신감 있는 자소서& 면접 준비하기(☎02-731-9576),
13,1,[대면상담] 1:1 개인역량 맞춤 취업컨설팅-2부,2023-06-02 15:20 ~ 16:30,강점을 찾아 자신감 있는 자소서& 면접 준비하기(☎02-731-9576),
14,1,[대면상담] 1:1 개인역량 맞춤 취업컨설팅-3부,2023-06-02 16:40 ~ 17:50,강점을 찾아 자신감 있는 자소서& 면접 준비하기(☎02-731-9576),
15,2,"강동오랑 자율 독서모임 ""일주일 한시간""",매주화요일 오전10시30분/오후8시,자율 독서모임,만19세~39세청년
16,7,강서오랑 IT 역량 강화 프로그램,상시(온라인 ZOOM),분아별 취업 전문가가 맞춤형 무료상담을 통해 나의 취업 고민을 해결해주는 프로그램,만19세~39세청년
17,10,관악오랑 신림동쓰리룸 6월 오랑티톡 <나다운 바른 글씨 쓰기>,"2023년 6월 1일, 6월 8일 (목) 19:30 ~ 21:30",글씨체 연습,청년 (19세 ~ 39세) / 회당 10명
18,17,노원오랑 1:1 취업멘토링,5월 10일부터 매주 수요일 오후 19시(4회차),"1, 2회차: 기초 문서작성과 ITQ 자격증 꿀팁, 3, 4회차: 포토샵 기초",만19세~39세청년
19,26,[대면상담] 논리력&설득력 강화를 위한 입사 지원(자기소개서&면접) 컨설팅-1부,2023-06-02 14:00 ~ 15:10,지원한 기업에서 어필하는 자기소개서(이력서) 첨삭&코칭/▣ 문의:02-731-9572,
20,26,[대면상담] 논리력&설득력 강화를 위한 입사 지원(자기소개서&면접) 컨설팅-2부,2023-06-02 15:20 ~ 16:30,지원한 기업에서 어필하는 자기소개서(이력서) 첨삭&코칭/▣ 문의:02-731-9572,
21,26,[대면상담] 논리력&설득력 강화를 위한 입사 지원(자기소개서&면접) 컨설팅-3부,2023-06-02 16:40 ~ 17:50,지원한 기업에서 어필하는 자기소개서(이력서) 첨삭&코칭/▣ 문의:02-731-9572,
22,26,[대면상담] 논리력&설득력 강화를 위한 입사 지원(자기소개서&면접) 컨설팅-1부,2023-06-09 14:00 ~ 15:10,지원한 기업에서 어필하는 자기소개서(이력서) 첨삭&코칭/▣ 문의:02-731-9572,
23,26,[대면상담] 논리력&설득력 강화를 위한 입사 지원(자기소개서&면접) 컨설팅-2부,2023-06-09 15:20 ~ 16:30,지원한 기업에서 어필하는 자기소개서(이력서) 첨삭&코칭/▣ 문의:02-731-9572,
24,26,[대면상담] 논리력&설득력 강화를 위한 입사 지원(자기소개서&면접) 컨설팅-3부,2023-06-09 16:40 ~ 17:50,지원한 기업에서 어필하는 자기소개서(이력서) 첨삭&코칭/▣ 문의:02-731-9572,
25,26,[온라인] 디자인전공자의 취업 성공기_현직자멘토링,2023-06-15 18:30 ~ 20:00,"팬택,JBL(하만), Lenovo(레노보), Kohler(콜러), 일렉트로룩스 경험과 노하우 전수!",
26,26,[대면상담] 논리력&설득력 강화를 위한 입사 지원(자기소개서&면접) 컨설팅-1부,2023-06-23 14:00 ~ 15:10,지원한 기업에서 어필하는 자기소개서(이력서) 첨삭&코칭/▣ 문의:02-731-9572,
27,26,[대면상담] 논리력&설득력 강화를 위한 입사 지원(자기소개서&면접) 컨설팅-2부,2023-06-23 15:20 ~ 16:30,지원한 기업에서 어필하는 자기소개서(이력서) 첨삭&코칭/▣ 문의:02-731-9572,
28,26,[대면상담] 논리력&설득력 강화를 위한 입사 지원(자기소개서&면접) 컨설팅-3부,2023-06-23 16:40 ~ 17:50,지원한 기업에서 어필하는 자기소개서(이력서) 첨삭&코칭/▣ 문의:02-731-9572,
29,26,[대면상담] 논리력&설득력 강화를 위한 입사 지원(자기소개서&면접) 컨설팅-1부,2023-06-30 14:00 ~ 15:10,지원한 기업에서 어필하는 자기소개서(이력서) 첨삭&코칭/▣ 문의:02-731-9572,
30,26,[대면상담] 논리력&설득력 강화를 위한 입사 지원(자기소개서&면접) 컨설팅-2부,2023-06-30 15:20 ~ 16:30,지원한 기업에서 어필하는 자기소개서(이력서) 첨삭&코칭/▣ 문의:02-731-9572,
31,26,[대면상담] 논리력&설득력 강화를 위한 입사 지원(자기소개서&면접) 컨설팅-3부,2023-06-30 16:40 ~ 17:50,지원한 기업에서 어필하는 자기소개서(이력서) 첨삭&코칭/▣ 문의:02-731-9572,
32,29,마포오랑 마청넷 토크콘서트,6/15(목) 19:00~20:30,청년들이 청년 대 청년으로서 인사이트를 주고받는 토크콘서트,19~39세 청년 누구나 (최대30명)
33,30,마포청년나루 1:1 원스톱 종합상담,"1타임(오전10시), 2타임(오전11시), 3타임(오후2시), 4타임(오후3시)","무료진로적성검사, 집중컨설팅, 맞춤구직정보제공, 성공적인 취업",만19세~39세청년
34,30,마포청년나루 스타트업 인사/노무 A TO Z,"1회기: 6월3일(토), 2회기: 6월 10일(토), 3회기: 6월17일(토) , 4회기: 6월 24일(토), 14:00~16:00","근로계약의 기본개념, 근로시간과임금, 휴일 및 휴가, 근로관계 종료, 최근 인사/ 노무 주요 이슈",예비 초기 청년 창업자 (만19세~39세)
35,30,마포청년나루 AI취업역량콘텐츠,온라인 개별 실시,"AI 자기소개서, AI 면접, AI역량검사",만19세~39세청년
36,37,[1:1 대면 상담] 입사서류 컨설팅 or 면접 컨설팅-1부,2023-06-02 13:00 ~ 14:10,1:1 맞춤형 역량추출 & 스토리추출을 기반으로 한 취업컨설팅(02-731-9577),
37,37,[1:1 대면 상담] 입사서류 컨설팅 or 면접 컨설팅-2부,2023-06-02 14:20 ~ 15:30,1:1 맞춤형 역량추출 & 스토리추출을 기반으로 한 취업컨설팅(02-731-9577),
38,37,[1:1 대면 상담] 입사서류 컨설팅 or 면접 컨설팅-3부,2023-06-02 15:40 ~ 16:50,1:1 맞춤형 역량추출 & 스토리추출을 기반으로 한 취업컨설팅(02-731-9577),
39,37,[1:1 대면 상담] 입사서류 컨설팅 or 면접 컨설팅-1부,2023-06-09 13:00 ~ 14:10,1:1 맞춤형 역량추출 & 스토리추출을 기반으로 한 취업컨설팅(02-731-9577),
40,37,[1:1 대면 상담] 입사서류 컨설팅 or 면접 컨설팅-2부,2023-06-09 14:20 ~ 15:30,1:1 맞춤형 역량추출 & 스토리추출을 기반으로 한 취업컨설팅(02-731-9577),
41,37,[1:1 대면 상담] 입사서류 컨설팅 or 면접 컨설팅-3부,2023-06-09 15:40 ~ 16:50,1:1 맞춤형 역량추출 & 스토리추출을 기반으로 한 취업컨설팅(02-731-9577),
42,37,[1:1 대면 상담] 입사서류 컨설팅 or 면접 컨설팅-1부,2023-06-16 13:00 ~ 14:10,1:1 맞춤형 역량추출 & 스토리추출을 기반으로 한 취업컨설팅(02-731-9577),
43,37,[1:1 대면 상담] 입사서류 컨설팅 or 면접 컨설팅-2부,2023-06-16 14:20 ~ 15:30,1:1 맞춤형 역량추출 & 스토리추출을 기반으로 한 취업컨설팅(02-731-9577),
44,37,[1:1 대면 상담] 입사서류 컨설팅 or 면접 컨설팅-3부,2023-06-16 15:40 ~ 16:50,1:1 맞춤형 역량추출 & 스토리추출을 기반으로 한 취업컨설팅(02-731-9577),
45,37,[1:1 대면 상담] 입사서류 컨설팅 or 면접 컨설팅-1부,2023-06-23 13:00 ~ 14:10,1:1 맞춤형 역량추출 & 스토리추출을 기반으로 한 취업컨설팅(02-731-9577),
46,37,[1:1 대면 상담] 입사서류 컨설팅 or 면접 컨설팅-2부,2023-06-23 14:20 ~ 15:30,1:1 맞춤형 역량추출 & 스토리추출을 기반으로 한 취업컨설팅(02-731-9577),
47,37,[1:1 대면 상담] 입사서류 컨설팅 or 면접 컨설팅-3부,2023-06-23 15:40 ~ 16:50,1:1 맞춤형 역량추출 & 스토리추출을 기반으로 한 취업컨설팅(02-731-9577),
48,37,[온라인] Endemic 이후 해외채용시장의 변화 및 전망,2023-06-23 13:00 ~ 15:00,해외취업 전문 컨설턴트가 들려주는 Endemic 이후 해외 취업 준비 전략,
49,40,성동오랑 청년도전지원사업 도전 프로그램,9월4일(월)~9월25일(월) 1개월 40시간,"진로탐색, 직업탐색, 직무교육, 진로 직업 상담, 자기계발 및 자신감 활동(프로그램 수료시 취업지원금 50만원)","만18세~만34세 청년, 6개월 이상 근무경력이 없는 청년"
50,54,영등포오랑 취미향유 프로그램<백드롭 페인팅>,"1회차: 6월1일(목) 19시30분~21시, 2회차: 6월8일(목) 19시30분~21시, 3회차 6월15일(목) 19시30분~21시, 4회차: 6월22일(목) 19시30분~21시",백드롭페인팅을 이용한 취미탐구,만19세~39세청년 (모집인원10명)
51,59,[오프라인] 최단기 취업합격 전략! 1:1자소서 첨삭 (입사서류)및 면접가이드-1부,2023-06-13 14:00 ~ 15:10,▶ 면접/자소서 (입사서류) 확실히 합격하는법-강점/경험 마인드맵(☏02-731-9574 ),
52,59,[오프라인] 최단기 취업합격 전략! 1:1자소서 첨삭 (입사서류)및 면접가이드-2부,2023-06-13 15:20 ~ 16:30,▶ 면접/자소서 (입사서류) 확실히 합격하는법-강점/경험 마인드맵(☏02-731-9574 ),
53,59,[오프라인] 최단기 취업합격 전략! 1:1자소서 첨삭 (입사서류)및 면접가이드-3부,2023-06-13 16:40 ~ 17:50,▶ 면접/자소서 (입사서류) 확실히 합격하는법-강점/경험 마인드맵(☏02-731-9574 ),
54,59,(오프라인)원스탑 취업합격 컨설팅!자소서/입사서류/면접 미리 준비하기-1부,2023-06-20 14:00 ~ 15:10,▶ 면접/자소서 (입사서류) 확실히 합격하는법-강점/경험 마인드맵(☏02-731-9574 ),
55,59,(오프라인)원스탑 취업합격 컨설팅!자소서/입사서류/면접 미리 준비하기-2부,2023-06-20 15:20 ~ 16:30,▶ 면접/자소서 (입사서류) 확실히 합격하는법-강점/경험 마인드맵(☏02-731-9574 ),
56,59,(오프라인)원스탑 취업합격 컨설팅!자소서/입사서류/면접 미리 준비하기-3부,2023-06-20 16:40 ~ 17:50,▶ 면접/자소서 (입사서류) 확실히 합격하는법-강점/경험 마인드맵(☏02-731-9574 ),
57,59,(오프라인)원스탑 취업합격 컨설팅!자소서/입사서류 미리 준비하기-1부,2023-06-27 14:00 ~ 15:10,▶ 면접/자소서 (입사서류) 확실히 합격하는법-강점/경험 마인드맵(☏02-731-9574 ),
58,59,(오프라인)원스탑 취업합격 컨설팅!자소서/입사서류 미리 준비하기-2부,2023-06-27 15:20 ~ 16:30,▶ 면접/자소서 (입사서류) 확실히 합격하는법-강점/경험 마인드맵(☏02-731-9574 ),
59,59,(오프라인)원스탑 취업합격 컨설팅!자소서/입사서류 미리 준비하기-3부,2023-06-27 16:40 ~ 17:50,▶ 면접/자소서 (입사서류) 확실히 합격하는법-강점/경험 마인드맵(☏02-731-9574 ),
60,59,[온라인] 지니소프트 게임기획_현직자 멘토링,2023-06-28 18:30 ~ 20:00,지니소프트 게임기획_☆현직자 멘토링☆,
61,62,[오프라인]PPT 실습교육-PT 면접을 위한 보고서용 맞춤 PPT작성(1),2023-06-05 14:00 ~ 15:30,☆PT 면접☆을 위한 보고서용 맞춤 PPT 작성법 배우기,
62,62,[오프라인]PPT 실습교육-PT 면접을 위한 보고서용 맞춤 PPT작성(2),2023-06-05 15:30 ~ 17:00,☆PT 면접☆을 위한 보고서용 맞춤 PPT 작성법 배우기,
63,62,[1:1 대면상담] 한번에 끝내는 취업준비 - 이력서/자소서/면접 컨설팅-1부,2023-06-27 14:00 ~ 15:10,개인역량 및 강점 파악을 바탕으로 한 입사지원서 작성과 면접 대비(02-731-9579),
64,62,[1:1 대면상담] 한번에 끝내는 취업준비 - 이력서/자소서/면접 컨설팅-2부,2023-06-27 15:20 ~ 16:30,개인역량 및 강점 파악을 바탕으로 한 입사지원서 작성과 면접 대비(02-731-9579),
65,62,[1:1 대면상담] 한번에 끝내는 취업준비 - 이력서/자소서/면접 컨설팅-3부,2023-06-27 16:40 ~ 17:50,개인역량 및 강점 파악을 바탕으로 한 입사지원서 작성과 면접 대비(02-731-9579),
66,64,[온라인1:1]취업 성공을 위한 역량&강점 발견 자기소개서(이력서) 첨삭&코칭 컨설팅-1부,2023-06-01 14:00 ~ 14:50,지원한 기업에서 어필하는 자기소개서(이력서) 첨삭&코칭/▣ 문의:02-731-9572,
67,64,[온라인1:1]취업 성공을 위한 역량&강점 발견 자기소개서(이력서) 첨삭&코칭 컨설팅-2부,2023-06-01 15:00 ~ 15:50,지원한 기업에서 어필하는 자기소개서(이력서) 첨삭&코칭/▣ 문의:02-731-9572,
68,64,[온라인1:1]취업 성공을 위한 역량&강점 발견 자기소개서(이력서) 첨삭&코칭 컨설팅-3부,2023-06-01 16:00 ~ 16:50,지원한 기업에서 어필하는 자기소개서(이력서) 첨삭&코칭/▣ 문의:02-731-9572,
69,64,"(비대면 1:1 상담) 입사지원 서류 컨설팅, 이력서와 자기소개서 작성 중심-1부",2023-06-01 13:00 ~ 13:50,취업에 필요한 이력서와 자기소개서 작성 A~Z까지 (02-731-9578),
70,64,"(비대면 1:1 상담) 입사지원 서류 컨설팅, 이력서와 자기소개서 작성 중심-2부",2023-06-01 14:00 ~ 14:50,취업에 필요한 이력서와 자기소개서 작성 A~Z까지 (02-731-9578),
71,64,"(비대면 1:1 상담) 입사지원 서류 컨설팅, 이력서와 자기소개서 작성 중심-3부",2023-06-01 15:00 ~ 15:50,취업에 필요한 이력서와 자기소개서 작성 A~Z까지 (02-731-9578),
72,64,[1:1 비대면 상담] 입사서류 컨설팅 -1부,2023-06-01 13:00 ~ 13:50,자소서 점검 (유선 : 02-731-9577),
73,64,[1:1 비대면 상담] 입사서류 컨설팅 -2부,2023-06-01 14:00 ~ 14:50,자소서 점검 (유선 : 02-731-9577),
74,64,[1:1 비대면 상담] 입사서류 컨설팅 -3부,2023-06-01 15:00 ~ 15:50,자소서 점검 (유선 : 02-731-9577),
75,64,[비대면] 호감을 높이는 면접전략 컨설팅 (모의면접 + 면접전략 확인) (1:1 상담)-1부,2023-06-01 14:00 ~ 14:50,호감 가는 지원자로 거듭나는 면접전략 컨설팅(02-731-9579),
76,64,[비대면] 호감을 높이는 면접전략 컨설팅 (모의면접 + 면접전략 확인) (1:1 상담)-2부,2023-06-01 15:00 ~ 15:50,호감 가는 지원자로 거듭나는 면접전략 컨설팅(02-731-9579),
77,64,[비대면] 호감을 높이는 면접전략 컨설팅 (모의면접 + 면접전략 확인) (1:1 상담)-3부,2023-06-01 16:00 ~ 16:50,호감 가는 지원자로 거듭나는 면접전략 컨설팅(02-731-9579),
78,64,[온라인] 최단기 취업합격 전략! 1:1자소서 첨삭 (입사서류)및 1:1면접 가이드-1부,2023-06-01 14:00 ~ 14:50,▶ 자소서 (입사서류) 확실히 합격하는법-강점/경험 마인드맵(☏02-731-9574 ),
79,64,[온라인] 최단기 취업합격 전략! 1:1자소서 첨삭 (입사서류)및 1:1면접 가이드-2부,2023-06-01 15:00 ~ 15:50,▶ 자소서 (입사서류) 확실히 합격하는법-강점/경험 마인드맵(☏02-731-9574 ),
80,64,[온라인] 최단기 취업합격 전략! 1:1자소서 첨삭 (입사서류)및 1:1면접 가이드-3부,2023-06-01 16:00 ~ 16:50,▶ 자소서 (입사서류) 확실히 합격하는법-강점/경험 마인드맵(☏02-731-9574 ),
81,64,[비대면] 어필하는 자소서 만들기 (항목 분석 + 입사서류클리닉) (1:1 상담)-1부,2023-06-02 14:00 ~ 14:50,인사담당자에게 효과적으로 어필하는 입사서류클리닉(02-731-9579),
82,64,[비대면] 어필하는 자소서 만들기 (항목 분석 + 입사서류클리닉) (1:1 상담)-2부,2023-06-02 15:00 ~ 15:50,인사담당자에게 효과적으로 어필하는 입사서류클리닉(02-731-9579),
83,64,[비대면] 어필하는 자소서 만들기 (항목 분석 + 입사서류클리닉) (1:1 상담)-3부,2023-06-02 16:00 ~ 16:50,인사담당자에게 효과적으로 어필하는 입사서류클리닉(02-731-9579),
84,64,[오프라인] 실전 모의면접 실습&피드백,2023-06-02 14:00 ~ 15:00,실전처럼 진행되는 모의면접 및 면접 컨설팅 진행,
85,64,[오프라인] 실전 모의면접 실습&피드백,2023-06-02 15:00 ~ 16:00,실전처럼 진행되는 모의면접 및 면접 컨설팅 진행,
86,64,[오프라인] 실전 모의면접 실습&피드백,2023-06-02 16:00 ~ 17:00,실전처럼 진행되는 모의면접 및 면접 컨설팅 진행,
87,64,[온라인] 경험기반 1:1취업합격 전략!자소서 첨삭(입사서류) 가이드 -1부,2023-06-02 14:00 ~ 14:50,▶ 자소서 (입사서류) 확실히 합격하는법-강점/경험 마인드맵(☏02-731-9574 ),
88,64,[온라인] 경험기반 1:1취업합격 전략!자소서 첨삭(입사서류) 가이드 -2부,2023-06-02 15:00 ~ 15:50,▶ 자소서 (입사서류) 확실히 합격하는법-강점/경험 마인드맵(☏02-731-9574 ),
89,64,[온라인] 경험기반 1:1취업합격 전략!자소서 첨삭(입사서류) 가이드 -3부,2023-06-02 16:00 ~ 16:50,▶ 자소서 (입사서류) 확실히 합격하는법-강점/경험 마인드맵(☏02-731-9574 ),
90,64,[필독] 신청전 오른쪽 → [상세보기] 클릭! 또랑또랑 합격하는 면접시크릿-1부,2023-06-03 14:00 ~ 14:50,또랑또랑 합격하는 면접시크릿!(02-731-9575),
91,64,[필독] 신청전 오른쪽 → [상세보기] 클릭! 또랑또랑 합격하는 면접시크릿-2부,2023-06-03 15:00 ~ 15:50,또랑또랑 합격하는 면접시크릿!(02-731-9575),
92,64,[필독] 신청전 오른쪽 → [상세보기] 클릭! 또랑또랑 합격하는 면접시크릿-3부,2023-06-03 16:00 ~ 16:50,또랑또랑 합격하는 면접시크릿!(02-731-9575),
93,64,[비대면] 어필하는 자소서 만들기 (항목 분석 + 입사서류클리닉) (1:1 상담)-1부,2023-06-05 14:00 ~ 14:50,인사담당자에게 효과적으로 어필하는 입사서류클리닉(02-731-9579),
94,64,[비대면] 어필하는 자소서 만들기 (항목 분석 + 입사서류클리닉) (1:1 상담)-2부,2023-06-05 15:00 ~ 15:50,인사담당자에게 효과적으로 어필하는 입사서류클리닉(02-731-9579),
95,64,[비대면] 어필하는 자소서 만들기 (항목 분석 + 입사서류클리닉) (1:1 상담)-3부,2023-06-05 16:00 ~ 16:50,인사담당자에게 효과적으로 어필하는 입사서류클리닉(02-731-9579),
96,64,[온라인1:1]취업 성공을 위한 역량&강점 발견 자기소개서(이력서) 첨삭&코칭 컨설팅-1부,2023-06-05 14:00 ~ 14:50,지원한 기업에서 어필하는 자기소개서(이력서) 첨삭&코칭/▣ 문의:02-731-9572,
97,64,[온라인1:1]취업 성공을 위한 역량&강점 발견 자기소개서(이력서) 첨삭&코칭 컨설팅-2부,2023-06-05 15:00 ~ 15:50,지원한 기업에서 어필하는 자기소개서(이력서) 첨삭&코칭/▣ 문의:02-731-9572,
98,64,[온라인1:1]취업 성공을 위한 역량&강점 발견 자기소개서(이력서) 첨삭&코칭 컨설팅-3부,2023-06-05 16:00 ~ 16:50,지원한 기업에서 어필하는 자기소개서(이력서) 첨삭&코칭/▣ 문의:02-731-9572,
99,64,[온라인상담] 1:1 개인역량 맞춤 취업컨설팅-1부,2023-06-05 14:00 ~ 14:50,강점을 찾아 자신감 있는 자소서& 면접 준비하기(☎02-731-9576),
100,64,[온라인상담] 1:1 개인역량 맞춤 취업컨설팅-2부,2023-06-05 15:00 ~ 15:50,강점을 찾아 자신감 있는 자소서& 면접 준비하기(☎02-731-9576),
101,64,[온라인상담] 1:1 개인역량 맞춤 취업컨설팅-3부,2023-06-05 16:00 ~ 16:50,강점을 찾아 자신감 있는 자소서& 면접 준비하기(☎02-731-9576),
102,64,[1:1 비대면 상담] 입사서류 컨설팅 -1부,2023-06-07 13:00 ~ 13:50,1:1 자소서 점검 / (유선 : 02-731-9577),
103,64,[1:1 비대면 상담] 입사서류 컨설팅 -2부,2023-06-07 14:00 ~ 14:50,1:1 자소서 점검 / (유선 : 02-731-9577),
104,64,[1:1 비대면 상담] 입사서류 컨설팅 -3부,2023-06-07 15:00 ~ 15:50,1:1 자소서 점검 / (유선 : 02-731-9577),
105,64,[오프라인]소그룹 면접컨설팅,2023-06-07 13:00 ~ 14:00,"1:3 소그룹 진행, 면접 대비전략 및 면접컨설팅, 피드백",
106,64,[오프라인]소그룹 면접컨설팅,2023-06-07 14:00 ~ 15:00,"1:3 소그룹 진행, 면접 대비전략 및 면접컨설팅, 피드백",
107,64,[오프라인]소그룹 면접컨설팅,2023-06-07 15:00 ~ 16:00,"1:3 소그룹 진행, 면접 대비전략 및 면접컨설팅, 피드백",
108,64,[오프라인]소그룹 면접컨설팅,2023-06-07 16:00 ~ 17:00,"1:3 소그룹 진행, 면접 대비전략 및 면접컨설팅, 피드백",
109,64,[온라인1:1]취업 성공을 위한 역량&강점 발견 자기소개서(이력서) 첨삭&코칭 컨설팅-1부,2023-06-07 14:00 ~ 14:50,지원한 기업에서 어필하는 자기소개서(이력서) 첨삭&코칭/▣ 문의:02-731-9572,
110,64,[온라인1:1]취업 성공을 위한 역량&강점 발견 자기소개서(이력서) 첨삭&코칭 컨설팅-2부,2023-06-07 15:00 ~ 15:50,지원한 기업에서 어필하는 자기소개서(이력서) 첨삭&코칭/▣ 문의:02-731-9572,
111,64,[온라인1:1]취업 성공을 위한 역량&강점 발견 자기소개서(이력서) 첨삭&코칭 컨설팅-3부,2023-06-07 16:00 ~ 16:50,지원한 기업에서 어필하는 자기소개서(이력서) 첨삭&코칭/▣ 문의:02-731-9572,
112,64,[온라인] 경험기반 1:1취업합격 전략!자소서 첨삭(입사서류) -1부,2023-06-07 14:00 ~ 14:50,▶ 자소서 (입사서류) 확실히 합격하는법-강점/경험 마인드맵(☏02-731-9574 ),
113,64,[온라인] 경험기반 1:1취업합격 전략!자소서 첨삭(입사서류) -2부,2023-06-07 15:00 ~ 15:50,▶ 자소서 (입사서류) 확실히 합격하는법-강점/경험 마인드맵(☏02-731-9574 ),
114,64,[온라인] 경험기반 1:1취업합격 전략!자소서 첨삭(입사서류) -3부,2023-06-07 16:00 ~ 16:50,▶ 자소서 (입사서류) 확실히 합격하는법-강점/경험 마인드맵(☏02-731-9574 ),
115,64,[온라인상담] 1:1 개인역량 맞춤 취업컨설팅-1부,2023-06-07 14:00 ~ 14:50,강점을 찾아 자신감 있는 자소서& 면접 준비하기(☎02-731-9576),
116,64,[온라인상담] 1:1 개인역량 맞춤 취업컨설팅-2부,2023-06-07 15:00 ~ 15:50,강점을 찾아 자신감 있는 자소서& 면접 준비하기(☎02-731-9576),
117,64,[온라인상담] 1:1 개인역량 맞춤 취업컨설팅-3부,2023-06-07 16:00 ~ 16:50,강점을 찾아 자신감 있는 자소서& 면접 준비하기(☎02-731-9576),
118,64,[필독] 신청전 오른쪽 → [상세보기] 클릭! 또랑또랑 합격하는 면접시크릿-1부,2023-06-07 14:00 ~ 14:50,또랑또랑 합격하는 면접시크릿!(02-731-9575),
119,64,[필독] 신청전 오른쪽 → [상세보기] 클릭! 또랑또랑 합격하는 면접시크릿-2부,2023-06-07 15:00 ~ 15:50,또랑또랑 합격하는 면접시크릿!(02-731-9575),
120,64,[필독] 신청전 오른쪽 → [상세보기] 클릭! 또랑또랑 합격하는 면접시크릿-3부,2023-06-07 16:00 ~ 16:50,또랑또랑 합격하는 면접시크릿!(02-731-9575),
121,64,[온라인1:1]취업 성공을 위한 역량&강점 발견 자기소개서(이력서) 첨삭&코칭 컨설팅-1부,2023-06-08 14:00 ~ 14:50,지원한 기업에서 어필하는 자기소개서(이력서) 첨삭&코칭/▣ 문의:02-731-9572,
122,64,[온라인1:1]취업 성공을 위한 역량&강점 발견 자기소개서(이력서) 첨삭&코칭 컨설팅-2부,2023-06-08 15:00 ~ 15:50,지원한 기업에서 어필하는 자기소개서(이력서) 첨삭&코칭/▣ 문의:02-731-9572,
123,64,[온라인1:1]취업 성공을 위한 역량&강점 발견 자기소개서(이력서) 첨삭&코칭 컨설팅-3부,2023-06-08 16:00 ~ 16:50,지원한 기업에서 어필하는 자기소개서(이력서) 첨삭&코칭/▣ 문의:02-731-9572,
124,64,[1:1 비대면 상담] 입사서류 컨설팅 -1부,2023-06-08 13:00 ~ 13:50,1:1 자소서 점검 / (유선 : 02-731-9577),
125,64,[1:1 비대면 상담] 입사서류 컨설팅 -2부,2023-06-08 14:00 ~ 14:50,1:1 자소서 점검 / (유선 : 02-731-9577),
126,64,[1:1 비대면 상담] 입사서류 컨설팅 -3부,2023-06-08 15:00 ~ 15:50,1:1 자소서 점검 / (유선 : 02-731-9577),
127,64,[비대면] 어필하는 자소서 만들기 (항목 분석 + 입사서류클리닉) (1:1 상담)-1부,2023-06-08 14:00 ~ 14:50,인사담당자에게 효과적으로 어필하는 입사서류클리닉(02-731-9579),
128,64,[비대면] 어필하는 자소서 만들기 (항목 분석 + 입사서류클리닉) (1:1 상담)-2부,2023-06-08 15:00 ~ 15:50,인사담당자에게 효과적으로 어필하는 입사서류클리닉(02-731-9579),
129,64,[비대면] 어필하는 자소서 만들기 (항목 분석 + 입사서류클리닉) (1:1 상담)-3부,2023-06-08 16:00 ~ 16:50,인사담당자에게 효과적으로 어필하는 입사서류클리닉(02-731-9579),
130,64,[온라인] 최단기 취업합격 전략! 1:1자소서 첨삭 (입사서류/경력기술서) 가이드-1부,2023-06-08 14:00 ~ 14:50,▶ 자소서 (입사서류) 확실히 합격하는법-강점/경험 마인드맵(☏02-731-9574 ),
131,64,[온라인] 최단기 취업합격 전략! 1:1자소서 첨삭 (입사서류/경력기술서) 가이드-2부,2023-06-08 15:00 ~ 15:50,▶ 자소서 (입사서류) 확실히 합격하는법-강점/경험 마인드맵(☏02-731-9574 ),
132,64,[온라인] 최단기 취업합격 전략! 1:1자소서 첨삭 (입사서류/경력기술서) 가이드-3부,2023-06-08 16:00 ~ 16:50,▶ 자소서 (입사서류) 확실히 합격하는법-강점/경험 마인드맵(☏02-731-9574 ),
133,64,[필독] 신청전 오른쪽 → [상세보기] 클릭! 또랑또랑 합격하는 면접시크릿-1부,2023-06-08 14:00 ~ 14:50,또랑또랑 합격하는 면접시크릿!(02-731-9575),
134,64,[필독] 신청전 오른쪽 → [상세보기] 클릭! 또랑또랑 합격하는 면접시크릿-2부,2023-06-08 15:00 ~ 15:50,또랑또랑 합격하는 면접시크릿!(02-731-9575),
135,64,[필독] 신청전 오른쪽 → [상세보기] 클릭! 또랑또랑 합격하는 면접시크릿-3부,2023-06-08 16:00 ~ 16:50,또랑또랑 합격하는 면접시크릿!(02-731-9575),
136,64,[비대면] 호감을 높이는 면접전략 컨설팅 (모의면접 + 면접전략 확인) (1:1 상담)-1부,2023-06-09 14:00 ~ 14:50,호감 가는 지원자로 거듭나는 면접전략 컨설팅(02-731-9579),
137,64,[비대면] 호감을 높이는 면접전략 컨설팅 (모의면접 + 면접전략 확인) (1:1 상담)-2부,2023-06-09 15:00 ~ 15:50,호감 가는 지원자로 거듭나는 면접전략 컨설팅(02-731-9579),
138,64,[비대면] 호감을 높이는 면접전략 컨설팅 (모의면접 + 면접전략 확인) (1:1 상담)-3부,2023-06-09 16:00 ~ 16:50,호감 가는 지원자로 거듭나는 면접전략 컨설팅(02-731-9579),
139,64,[오프라인] 실전 모의면접 실습&피드백,2023-06-09 14:00 ~ 15:00,실전처럼 진행되는 모의면접 및 면접 컨설팅 진행,
140,64,[오프라인] 실전 모의면접 실습&피드백,2023-06-09 15:00 ~ 16:00,실전처럼 진행되는 모의면접 및 면접 컨설팅 진행,
141,64,[오프라인] 실전 모의면접 실습&피드백,2023-06-09 16:00 ~ 17:00,실전처럼 진행되는 모의면접 및 면접 컨설팅 진행,
142,64,[온라인] 최단기 취업합격 전략! 1:1자소서 첨삭 (입사서류/경력기술서) 가이드-1부,2023-06-09 14:00 ~ 14:50,▶ 자소서 (입사서류) 확실히 합격하는법-강점/경험 마인드맵(☏02-731-9574 ),
143,64,[온라인] 최단기 취업합격 전략! 1:1자소서 첨삭 (입사서류/경력기술서) 가이드-2부,2023-06-09 15:00 ~ 15:50,▶ 자소서 (입사서류) 확실히 합격하는법-강점/경험 마인드맵(☏02-731-9574 ),
144,64,[온라인] 최단기 취업합격 전략! 1:1자소서 첨삭 (입사서류/경력기술서) 가이드-3부,2023-06-09 16:00 ~ 16:50,▶ 자소서 (입사서류) 확실히 합격하는법-강점/경험 마인드맵(☏02-731-9574 ),
145,64,[필독] 신청전 오른쪽 → [상세보기] 클릭! 또랑또랑 합격하는 면접시크릿-1부,2023-06-09 14:00 ~ 14:50,또랑또랑 합격하는 면접시크릿!(02-731-9575),
146,64,[필독] 신청전 오른쪽 → [상세보기] 클릭! 또랑또랑 합격하는 면접시크릿-2부,2023-06-09 15:00 ~ 15:50,또랑또랑 합격하는 면접시크릿!(02-731-9575),
147,64,[필독] 신청전 오른쪽 → [상세보기] 클릭! 또랑또랑 합격하는 면접시크릿-3부,2023-06-09 16:00 ~ 16:50,또랑또랑 합격하는 면접시크릿!(02-731-9575),
148,64,[온라인] 최단기 취업합격 전략! 1:1자소서 첨삭 (입사서류)및 1:1 면접 가이드-1부,2023-06-10 14:00 ~ 14:50,▶면접/자소서 (입사서류) 확실히 합격하는법-강점/경험 마인드맵(☏02-731-9574 ),
149,64,[온라인] 최단기 취업합격 전략! 1:1자소서 첨삭 (입사서류)및 1:1 면접 가이드-2부,2023-06-10 15:00 ~ 15:50,▶면접/자소서 (입사서류) 확실히 합격하는법-강점/경험 마인드맵(☏02-731-9574 ),
150,64,[온라인] 최단기 취업합격 전략! 1:1자소서 첨삭 (입사서류)및 1:1 면접 가이드-3부,2023-06-10 16:00 ~ 16:50,▶면접/자소서 (입사서류) 확실히 합격하는법-강점/경험 마인드맵(☏02-731-9574 ),
151,64,[온라인1:1]취업 성공을 위한 역량&강점 발견 자기소개서(이력서) 첨삭&코칭 컨설팅-1부,2023-06-12 14:00 ~ 14:50,지원한 기업에서 어필하는 자기소개서(이력서) 첨삭&코칭/▣ 문의:02-731-9572,
152,64,[온라인1:1]취업 성공을 위한 역량&강점 발견 자기소개서(이력서) 첨삭&코칭 컨설팅-2부,2023-06-12 15:00 ~ 15:50,지원한 기업에서 어필하는 자기소개서(이력서) 첨삭&코칭/▣ 문의:02-731-9572,
153,64,[온라인1:1]취업 성공을 위한 역량&강점 발견 자기소개서(이력서) 첨삭&코칭 컨설팅-3부,2023-06-12 16:00 ~ 16:50,지원한 기업에서 어필하는 자기소개서(이력서) 첨삭&코칭/▣ 문의:02-731-9572,
154,64,"(비대면 1:1 상담) 입사지원 서류 컨설팅, 이력서와 자기소개서 작성 중심-1부",2023-06-12 13:00 ~ 13:50,입사 지원에 필요한 이력서와 자기소개서 작성 A~Z까지 (02-731-9578),
155,64,"(비대면 1:1 상담) 입사지원 서류 컨설팅, 이력서와 자기소개서 작성 중심-2부",2023-06-12 14:00 ~ 14:50,입사 지원에 필요한 이력서와 자기소개서 작성 A~Z까지 (02-731-9578),
156,64,"(비대면 1:1 상담) 입사지원 서류 컨설팅, 이력서와 자기소개서 작성 중심-3부",2023-06-12 15:00 ~ 15:50,입사 지원에 필요한 이력서와 자기소개서 작성 A~Z까지 (02-731-9578),
157,64,[온라인상담] 1:1 개인역량 맞춤 취업컨설팅-1부,2023-06-12 14:00 ~ 14:50,강점을 찾아 자신감 있는 자소서& 면접 준비하기(☎02-731-9576),
158,64,[온라인상담] 1:1 개인역량 맞춤 취업컨설팅-2부,2023-06-12 15:00 ~ 15:50,강점을 찾아 자신감 있는 자소서& 면접 준비하기(☎02-731-9576),
159,64,[온라인상담] 1:1 개인역량 맞춤 취업컨설팅-3부,2023-06-12 16:00 ~ 16:50,강점을 찾아 자신감 있는 자소서& 면접 준비하기(☎02-731-9576),
160,64,"(비대면 1:1 상담) 입사지원 서류 컨설팅, 이력서와 자기소개서 작성 중심-1부",2023-06-13 13:00 ~ 13:50,취업에 필요한 이력서와 자기소개서 작성 A~Z까지 (02-731-9578),
161,64,"(비대면 1:1 상담) 입사지원 서류 컨설팅, 이력서와 자기소개서 작성 중심-2부",2023-06-13 14:00 ~ 14:50,취업에 필요한 이력서와 자기소개서 작성 A~Z까지 (02-731-9578),
162,64,"(비대면 1:1 상담) 입사지원 서류 컨설팅, 이력서와 자기소개서 작성 중심-3부",2023-06-13 15:00 ~ 15:50,취업에 필요한 이력서와 자기소개서 작성 A~Z까지 (02-731-9578),
163,64,[1:1 비대면 상담] 입사서류 컨설팅 -1부,2023-06-13 13:00 ~ 13:50,1:1 자소서 점검 / (유선 : 02-731-9577),
164,64,[1:1 비대면 상담] 입사서류 컨설팅 -2부,2023-06-13 14:00 ~ 14:50,1:1 자소서 점검 / (유선 : 02-731-9577),
165,64,[1:1 비대면 상담] 입사서류 컨설팅 -3부,2023-06-13 15:00 ~ 15:50,1:1 자소서 점검 / (유선 : 02-731-9577),
166,64,[온라인상담] 1:1 개인역량 맞춤 취업컨설팅-1부,2023-06-13 14:00 ~ 14:50,강점을 찾아 자신감 있는 자소서& 면접 준비하기(☎02-731-9576),
167,64,[온라인상담] 1:1 개인역량 맞춤 취업컨설팅-2부,2023-06-13 15:00 ~ 15:50,강점을 찾아 자신감 있는 자소서& 면접 준비하기(☎02-731-9576),
168,64,[온라인상담] 1:1 개인역량 맞춤 취업컨설팅-3부,2023-06-13 16:00 ~ 16:50,강점을 찾아 자신감 있는 자소서& 면접 준비하기(☎02-731-9576),
169,64,[필독] 신청전 오른쪽 → [상세보기] 클릭! 또랑또랑 합격하는 면접시크릿-1부,2023-06-13 14:00 ~ 14:50,또랑또랑 합격하는 면접시크릿!(02-731-9575),
170,64,[필독] 신청전 오른쪽 → [상세보기] 클릭! 또랑또랑 합격하는 면접시크릿-2부,2023-06-13 15:00 ~ 15:50,또랑또랑 합격하는 면접시크릿!(02-731-9575),
171,64,[필독] 신청전 오른쪽 → [상세보기] 클릭! 또랑또랑 합격하는 면접시크릿-3부,2023-06-13 16:00 ~ 16:50,또랑또랑 합격하는 면접시크릿!(02-731-9575),
172,64,[온라인1:1]취업 성공을 위한 역량&강점 발견 자기소개서(이력서) 첨삭&코칭 컨설팅-1부,2023-06-14 14:00 ~ 14:50,지원한 기업에서 어필하는 자기소개서(이력서) 첨삭&코칭/▣ 문의:02-731-9572,
173,64,[온라인1:1]취업 성공을 위한 역량&강점 발견 자기소개서(이력서) 첨삭&코칭 컨설팅-2부,2023-06-14 15:00 ~ 15:50,지원한 기업에서 어필하는 자기소개서(이력서) 첨삭&코칭/▣ 문의:02-731-9572,
174,64,[온라인1:1]취업 성공을 위한 역량&강점 발견 자기소개서(이력서) 첨삭&코칭 컨설팅-3부,2023-06-14 16:00 ~ 16:50,지원한 기업에서 어필하는 자기소개서(이력서) 첨삭&코칭/▣ 문의:02-731-9572,
175,64,"(비대면 1:1 상담) 입사지원 서류 컨설팅, 이력서와 자기소개서 작성 중심-1부",2023-06-14 13:00 ~ 13:50,취업에 필요한 이력서와 자기소개서 작성 A~Z까지 (02-731-9578),
176,64,"(비대면 1:1 상담) 입사지원 서류 컨설팅, 이력서와 자기소개서 작성 중심-2부",2023-06-14 14:00 ~ 14:50,취업에 필요한 이력서와 자기소개서 작성 A~Z까지 (02-731-9578),
177,64,"(비대면 1:1 상담) 입사지원 서류 컨설팅, 이력서와 자기소개서 작성 중심-3부",2023-06-14 15:00 ~ 15:50,취업에 필요한 이력서와 자기소개서 작성 A~Z까지 (02-731-9578),
178,64,[1:1 비대면 상담] 입사서류 컨설팅 -1부,2023-06-14 13:00 ~ 13:50,1:1 자소서 점검 / (유선 : 02-731-957),
179,64,[1:1 비대면 상담] 입사서류 컨설팅 -2부,2023-06-14 14:00 ~ 14:50,1:1 자소서 점검 / (유선 : 02-731-957),
180,64,[1:1 비대면 상담] 입사서류 컨설팅 -3부,2023-06-14 15:00 ~ 15:50,1:1 자소서 점검 / (유선 : 02-731-957),
181,64,[오프라인]소그룹 면접컨설팅,2023-06-14 13:00 ~ 14:00,"1:3 소그룹 진행, 면접 대비전략 및 면접컨설팅, 피드백",
182,64,[오프라인]소그룹 면접컨설팅,2023-06-14 14:00 ~ 15:00,"1:3 소그룹 진행, 면접 대비전략 및 면접컨설팅, 피드백",
183,64,[오프라인]소그룹 면접컨설팅,2023-06-14 15:00 ~ 16:00,"1:3 소그룹 진행, 면접 대비전략 및 면접컨설팅, 피드백",
184,64,[오프라인]소그룹 면접컨설팅,2023-06-14 16:00 ~ 17:00,"1:3 소그룹 진행, 면접 대비전략 및 면접컨설팅, 피드백",
185,64,[온라인] 경험기반 1:1취업합격 전략!자소서 첨삭(입사서류) 가이드 -1부,2023-06-14 14:00 ~ 14:50,▶ 자소서 (입사서류) 확실히 합격하는법-강점/경험 마인드맵(☏02-731-9574 ),
186,64,[온라인] 경험기반 1:1취업합격 전략!자소서 첨삭(입사서류) 가이드 -2부,2023-06-14 15:00 ~ 15:50,▶ 자소서 (입사서류) 확실히 합격하는법-강점/경험 마인드맵(☏02-731-9574 ),
187,64,[온라인] 경험기반 1:1취업합격 전략!자소서 첨삭(입사서류) 가이드 -3부,2023-06-14 16:00 ~ 16:50,▶ 자소서 (입사서류) 확실히 합격하는법-강점/경험 마인드맵(☏02-731-9574 ),
188,64,[온라인상담] 1:1 개인역량 맞춤 취업컨설팅-1부,2023-06-14 14:00 ~ 14:50,강점을 찾아 자신감 있는 자소서& 면접 준비하기(☎02-731-9576),
189,64,[온라인상담] 1:1 개인역량 맞춤 취업컨설팅-2부,2023-06-14 15:00 ~ 15:50,강점을 찾아 자신감 있는 자소서& 면접 준비하기(☎02-731-9576),
190,64,[온라인상담] 1:1 개인역량 맞춤 취업컨설팅-3부,2023-06-14 16:00 ~ 16:50,강점을 찾아 자신감 있는 자소서& 면접 준비하기(☎02-731-9576),
191,64,【특강】 AI역량검사 전격분석 특강,2023-06-14 14:00 ~ 16:00,■AI역량검사■ 개발사 채용전문가 직강!!!,
192,64,[온라인1:1]취업 성공을 위한 역량&강점 발견 자기소개서(이력서) 첨삭&코칭 컨설팅-1부,2023-06-15 14:00 ~ 14:50,지원한 기업에서 어필하는 자기소개서(이력서) 첨삭&코칭/▣ 문의:02-731-9572,
193,64,[온라인1:1]취업 성공을 위한 역량&강점 발견 자기소개서(이력서) 첨삭&코칭 컨설팅-2부,2023-06-15 15:00 ~ 15:50,지원한 기업에서 어필하는 자기소개서(이력서) 첨삭&코칭/▣ 문의:02-731-9572,
194,64,[온라인1:1]취업 성공을 위한 역량&강점 발견 자기소개서(이력서) 첨삭&코칭 컨설팅-3부,2023-06-15 16:00 ~ 16:50,지원한 기업에서 어필하는 자기소개서(이력서) 첨삭&코칭/▣ 문의:02-731-9572,
195,64,"(비대면 1:1 상담) 입사지원 서류 컨설팅, 이력서와 자기소개서 작성 중심-1부",2023-06-15 13:00 ~ 13:50,취업에 필요한 이력서와 자기소개서 작성 A~Z까지 (02-731-9578),
196,64,"(비대면 1:1 상담) 입사지원 서류 컨설팅, 이력서와 자기소개서 작성 중심-2부",2023-06-15 14:00 ~ 14:50,취업에 필요한 이력서와 자기소개서 작성 A~Z까지 (02-731-9578),
197,64,"(비대면 1:1 상담) 입사지원 서류 컨설팅, 이력서와 자기소개서 작성 중심-3부",2023-06-15 15:00 ~ 15:50,취업에 필요한 이력서와 자기소개서 작성 A~Z까지 (02-731-9578),
198,64,[온라인] 최단기 취업합격 전략! 1:1자소서 첨삭 (입사서류/경력기술서) 가이드-1부,2023-06-15 14:00 ~ 14:50,▶ 자소서 (입사서류) 확실히 합격하는법-강점/경험 마인드맵(☏02-731-9574 ),
199,64,[온라인] 최단기 취업합격 전략! 1:1자소서 첨삭 (입사서류/경력기술서) 가이드-2부,2023-06-15 15:00 ~ 15:50,▶ 자소서 (입사서류) 확실히 합격하는법-강점/경험 마인드맵(☏02-731-9574 ),
200,64,[온라인] 최단기 취업합격 전략! 1:1자소서 첨삭 (입사서류/경력기술서) 가이드-3부,2023-06-15 16:00 ~ 16:50,▶ 자소서 (입사서류) 확실히 합격하는법-강점/경험 마인드맵(☏02-731-9574 ),
201,64,[필독] 신청전 오른쪽 → [상세보기] 클릭! 또랑또랑 합격하는 면접시크릿-1부,2023-06-15 14:00 ~ 14:50,또랑또랑 합격하는 면접시크릿!(02-731-9575),
202,64,[필독] 신청전 오른쪽 → [상세보기] 클릭! 또랑또랑 합격하는 면접시크릿-2부,2023-06-15 15:00 ~ 15:50,또랑또랑 합격하는 면접시크릿!(02-731-9575),
203,64,[필독] 신청전 오른쪽 → [상세보기] 클릭! 또랑또랑 합격하는 면접시크릿-3부,2023-06-15 16:00 ~ 16:50,또랑또랑 합격하는 면접시크릿!(02-731-9575),
204,64,6/16 이력서 사진촬영,2023-06-16 14:00 ~ 14:30,무료 이력서 사진촬영 서비스,
205,64,6/16 이력서 사진촬영,2023-06-16 14:30 ~ 15:00,무료 이력서 사진촬영 서비스,
206,64,6/16 이력서 사진촬영,2023-06-16 15:00 ~ 15:30,무료 이력서 사진촬영 서비스,
207,64,6/16 이력서 사진촬영,2023-06-16 15:30 ~ 16:00,무료 이력서 사진촬영 서비스,
208,64,6/16 이력서 사진촬영,2023-06-16 16:00 ~ 16:30,무료 이력서 사진촬영 서비스,
209,64,6/16 이력서 사진촬영,2023-06-16 16:30 ~ 17:00,무료 이력서 사진촬영 서비스,
210,64,[대면상담] 논리력&설득력 강화를 위한 입사 지원(자기소개서&면접) 컨설팅-1부,2023-06-16 14:00 ~ 15:10,지원한 기업에서 어필하는 자기소개서(이력서) 첨삭&코칭/▣ 문의:02-731-9572,
211,64,[대면상담] 논리력&설득력 강화를 위한 입사 지원(자기소개서&면접) 컨설팅-2부,2023-06-16 15:20 ~ 16:30,지원한 기업에서 어필하는 자기소개서(이력서) 첨삭&코칭/▣ 문의:02-731-9572,
212,64,[대면상담] 논리력&설득력 강화를 위한 입사 지원(자기소개서&면접) 컨설팅-3부,2023-06-16 16:40 ~ 17:50,지원한 기업에서 어필하는 자기소개서(이력서) 첨삭&코칭/▣ 문의:02-731-9572,
213,64,[온라인] 최단기 취업합격 전략! 1:1자소서 첨삭 (입사서류/경력기술서) 가이드-1부,2023-06-16 14:00 ~ 14:50,▶ 자소서 (입사서류) 확실히 합격하는법-강점/경험 마인드맵(☏02-731-9574 ),
214,64,[온라인] 최단기 취업합격 전략! 1:1자소서 첨삭 (입사서류/경력기술서) 가이드-2부,2023-06-16 15:00 ~ 15:50,▶ 자소서 (입사서류) 확실히 합격하는법-강점/경험 마인드맵(☏02-731-9574 ),
215,64,[온라인] 최단기 취업합격 전략! 1:1자소서 첨삭 (입사서류/경력기술서) 가이드-3부,2023-06-16 16:00 ~ 16:50,▶ 자소서 (입사서류) 확실히 합격하는법-강점/경험 마인드맵(☏02-731-9574 ),
216,64,[필독] 신청전 오른쪽 → [상세보기] 클릭! 또랑또랑 합격하는 면접시크릿-1부,2023-06-16 14:00 ~ 14:50,또랑또랑 합격하는 면접시크릿!(02-731-9575),
217,64,[필독] 신청전 오른쪽 → [상세보기] 클릭! 또랑또랑 합격하는 면접시크릿-2부,2023-06-16 15:00 ~ 15:50,또랑또랑 합격하는 면접시크릿!(02-731-9575),
218,64,[필독] 신청전 오른쪽 → [상세보기] 클릭! 또랑또랑 합격하는 면접시크릿-3부,2023-06-16 16:00 ~ 16:50,또랑또랑 합격하는 면접시크릿!(02-731-9575),
219,64,[필독] 신청전 오른쪽 → [상세보기] 클릭! 또랑또랑 합격하는 면접시크릿-1부,2023-06-17 14:00 ~ 14:50,또랑또랑 합격하는 면접시크릿!(02-731-9575),
220,64,[필독] 신청전 오른쪽 → [상세보기] 클릭! 또랑또랑 합격하는 면접시크릿-2부,2023-06-17 15:00 ~ 15:50,또랑또랑 합격하는 면접시크릿!(02-731-9575),
221,64,[필독] 신청전 오른쪽 → [상세보기] 클릭! 또랑또랑 합격하는 면접시크릿-3부,2023-06-17 16:00 ~ 16:50,또랑또랑 합격하는 면접시크릿!(02-731-9575),
222,64,[온라인1:1]취업 성공을 위한 역량&강점 발견 자기소개서(이력서) 첨삭&코칭 컨설팅-1부,2023-06-19 14:00 ~ 14:50,지원한 기업에서 어필하는 자기소개서(이력서) 첨삭&코칭/▣ 문의:02-731-9572,
223,64,[온라인1:1]취업 성공을 위한 역량&강점 발견 자기소개서(이력서) 첨삭&코칭 컨설팅-2부,2023-06-19 15:00 ~ 15:50,지원한 기업에서 어필하는 자기소개서(이력서) 첨삭&코칭/▣ 문의:02-731-9572,
224,64,[온라인1:1]취업 성공을 위한 역량&강점 발견 자기소개서(이력서) 첨삭&코칭 컨설팅-3부,2023-06-19 16:00 ~ 16:50,지원한 기업에서 어필하는 자기소개서(이력서) 첨삭&코칭/▣ 문의:02-731-9572,
225,64,"(비대면 1:1 상담) 입사지원 서류 컨설팅, 이력서와 자기소개서 작성 중심-1부",2023-06-19 13:00 ~ 13:50,취업에 필요한 이력서와 자기소개서 작성 A~Z까지 (02-731-9578),
226,64,"(비대면 1:1 상담) 입사지원 서류 컨설팅, 이력서와 자기소개서 작성 중심-2부",2023-06-19 14:00 ~ 14:50,취업에 필요한 이력서와 자기소개서 작성 A~Z까지 (02-731-9578),
227,64,"(비대면 1:1 상담) 입사지원 서류 컨설팅, 이력서와 자기소개서 작성 중심-3부",2023-06-19 15:00 ~ 15:50,취업에 필요한 이력서와 자기소개서 작성 A~Z까지 (02-731-9578),
228,64,"(비대면 1:1 상담) 입사지원 서류 컨설팅, 이력서와 자기소개서 작성 중심-1부",2023-06-20 13:00 ~ 13:50,취업에 필요한 이력서와 자기소개서 작성 A~Z까지 (02-731-9578),
229,64,"(비대면 1:1 상담) 입사지원 서류 컨설팅, 이력서와 자기소개서 작성 중심-2부",2023-06-20 14:00 ~ 14:50,취업에 필요한 이력서와 자기소개서 작성 A~Z까지 (02-731-9578),
230,64,"(비대면 1:1 상담) 입사지원 서류 컨설팅, 이력서와 자기소개서 작성 중심-3부",2023-06-20 15:00 ~ 15:50,취업에 필요한 이력서와 자기소개서 작성 A~Z까지 (02-731-9578),
231,64,[1:1 비대면 상담] 입사서류 컨설팅 -1부,2023-06-20 13:00 ~ 13:50,1:1 자소서 점검 / (유선 : 02-731-9577),
232,64,[1:1 비대면 상담] 입사서류 컨설팅 -2부,2023-06-20 14:00 ~ 14:50,1:1 자소서 점검 / (유선 : 02-731-9577),
233,64,[1:1 비대면 상담] 입사서류 컨설팅 -3부,2023-06-20 15:00 ~ 15:50,1:1 자소서 점검 / (유선 : 02-731-9577),
234,64,[온라인] 핵심만 쏙쏙! 바로 써 먹는 자소서 작성법,2023-06-20 15:00 ~ 17:00,핵심만 쏙쏙! 바로 써 먹는 ☆자소서 작성법☆ 특강,
235,64,[필독] 신청전 오른쪽 → [상세보기] 클릭! 또랑또랑 합격하는 면접시크릿-1부,2023-06-20 14:00 ~ 14:50,또랑또랑 합격하는 면접시크릿!(02-731-9575),
236,64,[필독] 신청전 오른쪽 → [상세보기] 클릭! 또랑또랑 합격하는 면접시크릿-2부,2023-06-20 15:00 ~ 15:50,또랑또랑 합격하는 면접시크릿!(02-731-9575),
237,64,[필독] 신청전 오른쪽 → [상세보기] 클릭! 또랑또랑 합격하는 면접시크릿-3부,2023-06-20 16:00 ~ 16:50,또랑또랑 합격하는 면접시크릿!(02-731-9575),
238,64,[온라인1:1]취업 성공을 위한 역량&강점 발견 자기소개서(이력서) 첨삭&코칭 컨설팅-1부,2023-06-21 14:00 ~ 14:50,지원한 기업에서 어필하는 자기소개서(이력서) 첨삭&코칭/▣ 문의:02-731-9572,
239,64,[온라인1:1]취업 성공을 위한 역량&강점 발견 자기소개서(이력서) 첨삭&코칭 컨설팅-2부,2023-06-21 15:00 ~ 15:50,지원한 기업에서 어필하는 자기소개서(이력서) 첨삭&코칭/▣ 문의:02-731-9572,
240,64,[온라인1:1]취업 성공을 위한 역량&강점 발견 자기소개서(이력서) 첨삭&코칭 컨설팅-3부,2023-06-21 16:00 ~ 16:50,지원한 기업에서 어필하는 자기소개서(이력서) 첨삭&코칭/▣ 문의:02-731-9572,
241,64,[1:1 비대면 상담] 입사서류 컨설팅 -1부,2023-06-21 13:00 ~ 13:50,1:1 자소서 점검 / (유선 : 02-731-9577),
242,64,[1:1 비대면 상담] 입사서류 컨설팅 -2부,2023-06-21 14:00 ~ 14:50,1:1 자소서 점검 / (유선 : 02-731-9577),
243,64,[1:1 비대면 상담] 입사서류 컨설팅 -3부,2023-06-21 15:00 ~ 15:50,1:1 자소서 점검 / (유선 : 02-731-9577),
244,64,[오프라인]소그룹 면접컨설팅,2023-06-21 13:00 ~ 14:00,"1:3 소그룹 진행, 면접 대비전략 및 면접컨설팅, 피드백",
245,64,[오프라인]소그룹 면접컨설팅,2023-06-21 14:00 ~ 15:00,"1:3 소그룹 진행, 면접 대비전략 및 면접컨설팅, 피드백",
246,64,[오프라인]소그룹 면접컨설팅,2023-06-21 15:00 ~ 16:00,"1:3 소그룹 진행, 면접 대비전략 및 면접컨설팅, 피드백",
247,64,[오프라인]소그룹 면접컨설팅,2023-06-21 16:00 ~ 17:00,"1:3 소그룹 진행, 면접 대비전략 및 면접컨설팅, 피드백",
248,64,[온라인] 최단기 취업합격 전략! 1:1자소서 첨삭 (입사서류/경력기술서) 가이드-1부,2023-06-21 14:00 ~ 14:50,▶ 자소서 (입사서류) 확실히 합격하는법-강점/경험 마인드맵(☏02-731-9574 ),
249,64,[온라인] 최단기 취업합격 전략! 1:1자소서 첨삭 (입사서류/경력기술서) 가이드-2부,2023-06-21 15:00 ~ 15:50,▶ 자소서 (입사서류) 확실히 합격하는법-강점/경험 마인드맵(☏02-731-9574 ),
250,64,[온라인] 최단기 취업합격 전략! 1:1자소서 첨삭 (입사서류/경력기술서) 가이드-3부,2023-06-21 16:00 ~ 16:50,▶ 자소서 (입사서류) 확실히 합격하는법-강점/경험 마인드맵(☏02-731-9574 ),
251,64,[필독] 신청전 오른쪽 → [상세보기] 클릭! 또랑또랑 합격하는 면접시크릿-1부,2023-06-21 14:00 ~ 14:50,오른쪽 → 상세보기 꼭 클릭하세요! (02-731-9575),
252,64,[필독] 신청전 오른쪽 → [상세보기] 클릭! 또랑또랑 합격하는 면접시크릿-2부,2023-06-21 15:00 ~ 15:50,오른쪽 → 상세보기 꼭 클릭하세요! (02-731-9575),
253,64,[필독] 신청전 오른쪽 → [상세보기] 클릭! 또랑또랑 합격하는 면접시크릿-3부,2023-06-21 16:00 ~ 16:50,오른쪽 → 상세보기 꼭 클릭하세요! (02-731-9575),
254,64,[온라인1:1]취업 성공을 위한 역량&강점 발견 자기소개서(이력서) 첨삭&코칭 컨설팅-1부,2023-06-22 14:00 ~ 14:50,지원한 기업에서 어필하는 자기소개서(이력서) 첨삭&코칭/▣ 문의:02-731-9572,
255,64,[온라인1:1]취업 성공을 위한 역량&강점 발견 자기소개서(이력서) 첨삭&코칭 컨설팅-2부,2023-06-22 15:00 ~ 15:50,지원한 기업에서 어필하는 자기소개서(이력서) 첨삭&코칭/▣ 문의:02-731-9572,
256,64,[온라인1:1]취업 성공을 위한 역량&강점 발견 자기소개서(이력서) 첨삭&코칭 컨설팅-3부,2023-06-22 16:00 ~ 16:50,지원한 기업에서 어필하는 자기소개서(이력서) 첨삭&코칭/▣ 문의:02-731-9572,
257,64,"(비대면 1:1 상담) 입사지원 서류 컨설팅, 이력서와 자기소개서 작성 중심-1부",2023-06-22 13:00 ~ 13:50,취업에 필요한 이력서와 자기소개서 작성 A~Z까지 (02-731-9578),
258,64,"(비대면 1:1 상담) 입사지원 서류 컨설팅, 이력서와 자기소개서 작성 중심-2부",2023-06-22 14:00 ~ 14:50,취업에 필요한 이력서와 자기소개서 작성 A~Z까지 (02-731-9578),
259,64,"(비대면 1:1 상담) 입사지원 서류 컨설팅, 이력서와 자기소개서 작성 중심-3부",2023-06-22 15:00 ~ 15:50,취업에 필요한 이력서와 자기소개서 작성 A~Z까지 (02-731-9578),
260,64,[1:1 비대면 상담] 입사서류 컨설팅 -1부,2023-06-22 13:00 ~ 13:50,1:1 자소서 점검 / (유선 : 02-731-9577),
261,64,[1:1 비대면 상담] 입사서류 컨설팅 -2부,2023-06-22 14:00 ~ 14:50,1:1 자소서 점검 / (유선 : 02-731-9577),
262,64,[1:1 비대면 상담] 입사서류 컨설팅 -3부,2023-06-22 15:00 ~ 15:50,1:1 자소서 점검 / (유선 : 02-731-9577),
263,64,[비대면] 어필하는 자소서 만들기 (항목 분석 + 입사서류클리닉) (1:1 상담)-1부,2023-06-22 14:00 ~ 14:50,인사담당자에게 효과적으로 어필하는 입사서류클리닉(02-731-9579),
264,64,[비대면] 어필하는 자소서 만들기 (항목 분석 + 입사서류클리닉) (1:1 상담)-2부,2023-06-22 15:00 ~ 15:50,인사담당자에게 효과적으로 어필하는 입사서류클리닉(02-731-9579),
265,64,[비대면] 어필하는 자소서 만들기 (항목 분석 + 입사서류클리닉) (1:1 상담)-3부,2023-06-22 16:00 ~ 16:50,인사담당자에게 효과적으로 어필하는 입사서류클리닉(02-731-9579),
266,64,[온라인] 경험기반 1:1취업합격 전략!자소서 첨삭(입사서류/경력기술서) 가이드 -1부,2023-06-22 14:00 ~ 14:50,▶ 자소서 (입사서류) 확실히 합격하는법-강점/경험 마인드맵(☏02-731-9574 ),
267,64,[온라인] 경험기반 1:1취업합격 전략!자소서 첨삭(입사서류/경력기술서) 가이드 -2부,2023-06-22 15:00 ~ 15:50,▶ 자소서 (입사서류) 확실히 합격하는법-강점/경험 마인드맵(☏02-731-9574 ),
268,64,[온라인] 경험기반 1:1취업합격 전략!자소서 첨삭(입사서류/경력기술서) 가이드 -3부,2023-06-22 16:00 ~ 16:50,▶ 자소서 (입사서류) 확실히 합격하는법-강점/경험 마인드맵(☏02-731-9574 ),
269,64,[온라인]나만 알고 있는 나의 경쟁력 제대로 표현하기_예체능계열 자소서 작성법,2023-06-22 14:00 ~ 16:00,나만의 취업컨텐츠를 발굴하고 스토리텔링하기!,
270,64,[필독] 신청전 오른쪽 → [상세보기] 클릭! 또랑또랑 합격하는 면접시크릿-1부,2023-06-22 14:00 ~ 14:50,또랑또랑 합격하는 면접시크릿!(02-731-9575),
271,64,[필독] 신청전 오른쪽 → [상세보기] 클릭! 또랑또랑 합격하는 면접시크릿-2부,2023-06-22 15:00 ~ 15:50,또랑또랑 합격하는 면접시크릿!(02-731-9575),
272,64,[필독] 신청전 오른쪽 → [상세보기] 클릭! 또랑또랑 합격하는 면접시크릿-3부,2023-06-22 16:00 ~ 16:50,또랑또랑 합격하는 면접시크릿!(02-731-9575),
273,64,[비대면] 호감을 높이는 면접전략 컨설팅 (모의면접 + 면접전략 확인) (1:1 상담)-1부,2023-06-23 14:00 ~ 14:50,호감 가는 지원자로 거듭나는 면접전략 컨설팅(02-731-9579),
274,64,[비대면] 호감을 높이는 면접전략 컨설팅 (모의면접 + 면접전략 확인) (1:1 상담)-2부,2023-06-23 15:00 ~ 15:50,호감 가는 지원자로 거듭나는 면접전략 컨설팅(02-731-9579),
275,64,[비대면] 호감을 높이는 면접전략 컨설팅 (모의면접 + 면접전략 확인) (1:1 상담)-3부,2023-06-23 16:00 ~ 16:50,호감 가는 지원자로 거듭나는 면접전략 컨설팅(02-731-9579),
276,64,[오프라인] 실전 모의면접 실습&피드백,2023-06-23 14:00 ~ 15:00,실전처럼 진행되는 모의면접 및 면접 컨설팅 진행,
277,64,[오프라인] 실전 모의면접 실습&피드백,2023-06-23 15:00 ~ 16:00,실전처럼 진행되는 모의면접 및 면접 컨설팅 진행,
278,64,[오프라인] 실전 모의면접 실습&피드백,2023-06-23 16:00 ~ 17:00,실전처럼 진행되는 모의면접 및 면접 컨설팅 진행,
279,64,[온라인] 최단기 취업합격 전략! 1:1자소서 첨삭 (입사서류/경력기술서) 가이드-1부,2023-06-23 14:00 ~ 14:50,▶ 자소서 (입사서류) 확실히 합격하는법-강점/경험 마인드맵(☏02-731-9574 ),
280,64,[온라인] 최단기 취업합격 전략! 1:1자소서 첨삭 (입사서류/경력기술서) 가이드-2부,2023-06-23 15:00 ~ 15:50,▶ 자소서 (입사서류) 확실히 합격하는법-강점/경험 마인드맵(☏02-731-9574 ),
281,64,[온라인] 최단기 취업합격 전략! 1:1자소서 첨삭 (입사서류/경력기술서) 가이드-3부,2023-06-23 16:00 ~ 16:50,▶ 자소서 (입사서류) 확실히 합격하는법-강점/경험 마인드맵(☏02-731-9574 ),
282,64,[필독] 신청전 오른쪽 → [상세보기] 클릭! 또랑또랑 합격하는 면접시크릿-1부,2023-06-23 14:00 ~ 14:50,또랑또랑 합격하는 면접시크릿!(02-731-9575),
283,64,[필독] 신청전 오른쪽 → [상세보기] 클릭! 또랑또랑 합격하는 면접시크릿-2부,2023-06-23 15:00 ~ 15:50,또랑또랑 합격하는 면접시크릿!(02-731-9575),
284,64,[필독] 신청전 오른쪽 → [상세보기] 클릭! 또랑또랑 합격하는 면접시크릿-3부,2023-06-23 16:00 ~ 16:50,또랑또랑 합격하는 면접시크릿!(02-731-9575),
285,64,[온라인] 최단기 취업합격 전략! 1:1자소서 첨삭 (입사서류) 및 1:1 면접 노하우-1부,2023-06-24 14:00 ~ 14:50,▶자소서 (입사서류) 확실히 합격하는법-강점/경험 마인드맵(☏02-731-9574 ),
286,64,[온라인] 최단기 취업합격 전략! 1:1자소서 첨삭 (입사서류) 및 1:1 면접 노하우-2부,2023-06-24 15:00 ~ 15:50,▶자소서 (입사서류) 확실히 합격하는법-강점/경험 마인드맵(☏02-731-9574 ),
287,64,[온라인] 최단기 취업합격 전략! 1:1자소서 첨삭 (입사서류) 및 1:1 면접 노하우-3부,2023-06-24 16:00 ~ 16:50,▶자소서 (입사서류) 확실히 합격하는법-강점/경험 마인드맵(☏02-731-9574 ),
288,64,[온라인1:1]취업 성공을 위한 역량&강점 발견 자기소개서(이력서) 첨삭&코칭 컨설팅-1부,2023-06-26 14:00 ~ 14:50,지원한 기업에서 어필하는 자기소개서(이력서) 첨삭&코칭/▣ 문의:02-731-9572,
289,64,[온라인1:1]취업 성공을 위한 역량&강점 발견 자기소개서(이력서) 첨삭&코칭 컨설팅-2부,2023-06-26 15:00 ~ 15:50,지원한 기업에서 어필하는 자기소개서(이력서) 첨삭&코칭/▣ 문의:02-731-9572,
290,64,[온라인1:1]취업 성공을 위한 역량&강점 발견 자기소개서(이력서) 첨삭&코칭 컨설팅-3부,2023-06-26 16:00 ~ 16:50,지원한 기업에서 어필하는 자기소개서(이력서) 첨삭&코칭/▣ 문의:02-731-9572,
291,64,"(비대면 1:1 상담) 입사지원 서류 컨설팅, 이력서와 자기소개서 작성 중심-1부",2023-06-26 13:00 ~ 13:50,취업에 필요한 이력서와 자기소개서 작성 A~Z까지 (02-731-9578),
292,64,"(비대면 1:1 상담) 입사지원 서류 컨설팅, 이력서와 자기소개서 작성 중심-2부",2023-06-26 14:00 ~ 14:50,취업에 필요한 이력서와 자기소개서 작성 A~Z까지 (02-731-9578),
293,64,"(비대면 1:1 상담) 입사지원 서류 컨설팅, 이력서와 자기소개서 작성 중심-3부",2023-06-26 15:00 ~ 15:50,취업에 필요한 이력서와 자기소개서 작성 A~Z까지 (02-731-9578),
294,64,[온라인상담] 1:1 개인역량 맞춤 취업컨설팅-1부,2023-06-26 14:00 ~ 14:50,강점을 찾아 자신감 있는 자소서& 면접 준비하기(☎02-731-9576),
295,64,[온라인상담] 1:1 개인역량 맞춤 취업컨설팅-2부,2023-06-26 15:00 ~ 15:50,강점을 찾아 자신감 있는 자소서& 면접 준비하기(☎02-731-9576),
296,64,[온라인상담] 1:1 개인역량 맞춤 취업컨설팅-3부,2023-06-26 16:00 ~ 16:50,강점을 찾아 자신감 있는 자소서& 면접 준비하기(☎02-731-9576),
297,64,"(비대면 1:1 상담) 입사지원 서류 컨설팅, 이력서와 자기소개서 작성 중심-1부",2023-06-27 13:00 ~ 13:50,취업에 필요한 이력서와 자기소개서 작성 A~Z까지 (02-731-9578),
298,64,"(비대면 1:1 상담) 입사지원 서류 컨설팅, 이력서와 자기소개서 작성 중심-2부",2023-06-27 14:00 ~ 14:50,취업에 필요한 이력서와 자기소개서 작성 A~Z까지 (02-731-9578),
299,64,"(비대면 1:1 상담) 입사지원 서류 컨설팅, 이력서와 자기소개서 작성 중심-3부",2023-06-27 15:00 ~ 15:50,취업에 필요한 이력서와 자기소개서 작성 A~Z까지 (02-731-9578),
300,64,[온라인상담] 1:1 개인역량 맞춤 취업컨설팅-1부,2023-06-27 14:00 ~ 14:50,강점을 찾아 자신감 있는 자소서& 면접 준비하기(☎02-731-9576),
301,64,[온라인상담] 1:1 개인역량 맞춤 취업컨설팅-2부,2023-06-27 15:00 ~ 15:50,강점을 찾아 자신감 있는 자소서& 면접 준비하기(☎02-731-9576),
302,64,[온라인상담] 1:1 개인역량 맞춤 취업컨설팅-3부,2023-06-27 16:00 ~ 16:00,강점을 찾아 자신감 있는 자소서& 면접 준비하기(☎02-731-9576),
303,64,[필독] 신청전 오른쪽 → [상세보기] 클릭! 또랑또랑 합격하는 면접시크릿-1부,2023-06-27 14:00 ~ 14:50,또랑또랑 합격하는 면접시크릿!(02-731-9575),
304,64,[필독] 신청전 오른쪽 → [상세보기] 클릭! 또랑또랑 합격하는 면접시크릿-2부,2023-06-27 15:00 ~ 15:50,또랑또랑 합격하는 면접시크릿!(02-731-9575),
305,64,[필독] 신청전 오른쪽 → [상세보기] 클릭! 또랑또랑 합격하는 면접시크릿-3부,2023-06-27 16:00 ~ 16:50,또랑또랑 합격하는 면접시크릿!(02-731-9575),
306,64,[온라인1:1]취업 성공을 위한 역량&강점 발견 자기소개서(이력서) 첨삭&코칭 컨설팅-1부,2023-06-28 14:00 ~ 14:50,지원한 기업에서 어필하는 자기소개서(이력서) 첨삭&코칭/▣ 문의:02-731-9572,
307,64,[온라인1:1]취업 성공을 위한 역량&강점 발견 자기소개서(이력서) 첨삭&코칭 컨설팅-2부,2023-06-28 15:00 ~ 15:50,지원한 기업에서 어필하는 자기소개서(이력서) 첨삭&코칭/▣ 문의:02-731-9572,
308,64,[온라인1:1]취업 성공을 위한 역량&강점 발견 자기소개서(이력서) 첨삭&코칭 컨설팅-3부,2023-06-28 16:00 ~ 16:50,지원한 기업에서 어필하는 자기소개서(이력서) 첨삭&코칭/▣ 문의:02-731-9572,
309,64,"(비대면 1:1 상담) 입사지원 서류 컨설팅, 이력서와 자기소개서 작성 중심-1부",2023-06-28 13:00 ~ 13:50,취업에 필요한 이력서와 자기소개서 작성 A~Z까지 (02-731-9578),
310,64,"(비대면 1:1 상담) 입사지원 서류 컨설팅, 이력서와 자기소개서 작성 중심-2부",2023-06-28 14:00 ~ 14:50,취업에 필요한 이력서와 자기소개서 작성 A~Z까지 (02-731-9578),
311,64,"(비대면 1:1 상담) 입사지원 서류 컨설팅, 이력서와 자기소개서 작성 중심-3부",2023-06-28 15:00 ~ 15:50,취업에 필요한 이력서와 자기소개서 작성 A~Z까지 (02-731-9578),
312,64,[오프라인]소그룹 면접컨설팅,2023-06-28 13:00 ~ 14:00,"1:3 소그룹 진행, 면접 대비전략 및 면접컨설팅, 피드백",
313,64,[오프라인]소그룹 면접컨설팅,2023-06-28 14:00 ~ 15:00,"1:3 소그룹 진행, 면접 대비전략 및 면접컨설팅, 피드백",
314,64,[오프라인]소그룹 면접컨설팅,2023-06-28 15:00 ~ 16:00,"1:3 소그룹 진행, 면접 대비전략 및 면접컨설팅, 피드백",
315,64,[오프라인]소그룹 면접컨설팅,2023-06-28 16:00 ~ 17:00,"1:3 소그룹 진행, 면접 대비전략 및 면접컨설팅, 피드백",
316,64,[온라인] 최단기 취업합격 전략! 1:1자소서 첨삭 (입사서류) 가이드-1부,2023-06-28 14:00 ~ 14:50,▶자소서 (입사서류) 확실히 합격하는법-강점/경험 마인드맵(☏02-731-9574 ),
317,64,[온라인] 최단기 취업합격 전략! 1:1자소서 첨삭 (입사서류) 가이드-2부,2023-06-28 15:00 ~ 15:50,▶자소서 (입사서류) 확실히 합격하는법-강점/경험 마인드맵(☏02-731-9574 ),
318,64,[온라인] 최단기 취업합격 전략! 1:1자소서 첨삭 (입사서류) 가이드-3부,2023-06-28 16:00 ~ 16:50,▶자소서 (입사서류) 확실히 합격하는법-강점/경험 마인드맵(☏02-731-9574 ),
319,64,[온라인상담] 1:1 개인역량 맞춤 취업컨설팅-1부,2023-06-28 14:00 ~ 14:50,강점을 찾아 자신감 있는 자소서& 면접 준비하기(☎02-731-9576),
320,64,[온라인상담] 1:1 개인역량 맞춤 취업컨설팅-2부,2023-06-28 15:00 ~ 15:50,강점을 찾아 자신감 있는 자소서& 면접 준비하기(☎02-731-9576),
321,64,[온라인상담] 1:1 개인역량 맞춤 취업컨설팅-3부,2023-06-28 16:00 ~ 16:50,강점을 찾아 자신감 있는 자소서& 면접 준비하기(☎02-731-9576),
322,64,[온라인1:1]취업 성공을 위한 역량&강점 발견 자기소개서(이력서) 첨삭&코칭 컨설팅-1부,2023-06-29 14:00 ~ 14:50,지원한 기업에서 어필하는 자기소개서(이력서) 첨삭&코칭/▣ 문의:02-731-9572,
323,64,[온라인1:1]취업 성공을 위한 역량&강점 발견 자기소개서(이력서) 첨삭&코칭 컨설팅-2부,2023-06-29 15:00 ~ 15:50,지원한 기업에서 어필하는 자기소개서(이력서) 첨삭&코칭/▣ 문의:02-731-9572,
324,64,[온라인1:1]취업 성공을 위한 역량&강점 발견 자기소개서(이력서) 첨삭&코칭 컨설팅-3부,2023-06-29 16:00 ~ 16:50,지원한 기업에서 어필하는 자기소개서(이력서) 첨삭&코칭/▣ 문의:02-731-9572,
325,64,"(비대면 1:1 상담) 입사지원 서류 컨설팅, 이력서와 자기소개서 작성 중심-1부",2023-06-29 13:00 ~ 13:50,취업에 필요한 이력서와 자기소개서 작성 A~Z까지 (02-731-9578),
326,64,"(비대면 1:1 상담) 입사지원 서류 컨설팅, 이력서와 자기소개서 작성 중심-2부",2023-06-29 14:00 ~ 14:50,취업에 필요한 이력서와 자기소개서 작성 A~Z까지 (02-731-9578),
327,64,"(비대면 1:1 상담) 입사지원 서류 컨설팅, 이력서와 자기소개서 작성 중심-3부",2023-06-29 15:00 ~ 15:50,취업에 필요한 이력서와 자기소개서 작성 A~Z까지 (02-731-9578),
328,64,[온라인] 경험기반 1:1취업합격 전략!자소서 첨삭(입사서류) 가이드-1부,2023-06-29 14:00 ~ 14:50,▶자소서 (입사서류) 확실히 합격하는법-강점/경험 마인드맵(☏02-731-9574 ),
329,64,[온라인] 경험기반 1:1취업합격 전략!자소서 첨삭(입사서류) 가이드-2부,2023-06-29 15:00 ~ 15:50,▶자소서 (입사서류) 확실히 합격하는법-강점/경험 마인드맵(☏02-731-9574 ),
330,64,[온라인] 경험기반 1:1취업합격 전략!자소서 첨삭(입사서류) 가이드-3부,2023-06-29 16:00 ~ 16:50,▶자소서 (입사서류) 확실히 합격하는법-강점/경험 마인드맵(☏02-731-9574 ),
331,64,[필독] 신청전 오른쪽 → [상세보기] 클릭! 또랑또랑 합격하는 면접시크릿-1부,2023-06-29 14:00 ~ 14:50,또랑또랑 합격하는 면접시크릿!(02-731-9575),
332,64,[필독] 신청전 오른쪽 → [상세보기] 클릭! 또랑또랑 합격하는 면접시크릿-2부,2023-06-29 15:00 ~ 15:50,또랑또랑 합격하는 면접시크릿!(02-731-9575),
333,64,[필독] 신청전 오른쪽 → [상세보기] 클릭! 또랑또랑 합격하는 면접시크릿-3부,2023-06-29 16:00 ~ 16:50,또랑또랑 합격하는 면접시크릿!(02-731-9575),
334,64,6/30 이력서 사진촬영,2023-06-30 14:00 ~ 14:30,무료 이력서 사진촬영 서비스,
335,64,6/30 이력서 사진촬영,2023-06-30 14:30 ~ 15:00,무료 이력서 사진촬영 서비스,
336,64,6/30 이력서 사진촬영,2023-06-30 15:00 ~ 15:30,무료 이력서 사진촬영 서비스,
337,64,6/30 이력서 사진촬영,2023-06-30 15:30 ~ 16:00,무료 이력서 사진촬영 서비스,
338,64,6/30 이력서 사진촬영,2023-06-30 16:00 ~ 16:30,무료 이력서 사진촬영 서비스,
339,64,6/30 이력서 사진촬영,2023-06-30 16:30 ~ 17:00,무료 이력서 사진촬영 서비스,
340,64,[비대면] 호감을 높이는 면접전략 컨설팅 (모의면접 + 면접전략 확인) (1:1 상담)-1부,2023-06-30 14:00 ~ 14:50,호감 가는 지원자로 거듭나는 면접전략 컨설팅(02-731-9579),
341,64,[비대면] 호감을 높이는 면접전략 컨설팅 (모의면접 + 면접전략 확인) (1:1 상담)-2부,2023-06-30 15:00 ~ 15:50,호감 가는 지원자로 거듭나는 면접전략 컨설팅(02-731-9579),
342,64,[비대면] 호감을 높이는 면접전략 컨설팅 (모의면접 + 면접전략 확인) (1:1 상담)-3부,2023-06-30 16:00 ~ 16:50,호감 가는 지원자로 거듭나는 면접전략 컨설팅(02-731-9579),
343,64,[온라인] 최단기 취업합격 전략! 1:1자소서 첨삭 (입사서류) 가이드-1부,2023-06-30 14:00 ~ 14:50,▶자소서 (입사서류) 확실히 합격하는법-강점/경험 마인드맵(☏02-731-9574 ),
344,64,[온라인] 최단기 취업합격 전략! 1:1자소서 첨삭 (입사서류) 가이드-2부,2023-06-30 15:00 ~ 15:50,▶자소서 (입사서류) 확실히 합격하는법-강점/경험 마인드맵(☏02-731-9574 ),
345,64,[온라인] 최단기 취업합격 전략! 1:1자소서 첨삭 (입사서류) 가이드-3부,2023-06-30 16:00 ~ 16:50,▶자소서 (입사서류) 확실히 합격하는법-강점/경험 마인드맵(☏02-731-9574 ),
346,64,[필독] 신청전 오른쪽 → [상세보기] 클릭! 또랑또랑 합격하는 면접시크릿-1부,2023-06-30 14:00 ~ 14:50,또랑또랑 합격하는 면접시크릿!(02-731-9575),
347,64,[필독] 신청전 오른쪽 → [상세보기] 클릭! 또랑또랑 합격하는 면접시크릿-2부,2023-06-30 15:00 ~ 15:50,또랑또랑 합격하는 면접시크릿!(02-731-9575),
348,64,[필독] 신청전 오른쪽 → [상세보기] 클릭! 또랑또랑 합격하는 면접시크릿-3부,2023-06-30 16:00 ~ 16:50,또랑또랑 합격하는 면접시크릿!(02-731-9575),
349,75,왕초보 속성 통기타 교실 '낭만기타',6.13(화) 19:00~21:00 ~ 7.4(화) 19:00~21:00,기타 연주 배우기,과천시 거주 또는 제직 등 생활권 청년 (만 19세~39세 이하)/ 6명
350,75,"피어나는 캘리그라피 '손끝, 꽃'",6.2(금) 19:00~21:00 ~ 6.23(금) 19:00~21:00,캘리그라피,과천시 거주 또는 제직 등 생활권 청년 (만 19세~39세 이하)/10명
351,75,떴다 떴다 드론,6.13(수) 13:00~15:00,드론,과천시 거주 또는 제직 등 생활권 청년 (만 19세~39세 이하)/6명
352,75,프레첼 제빵 도전기 '빵심전심',6.13(화) 19:00~21:00,제빵,과천시 거주 또는 제직 등 생활권 청년 (만 19세~39세 이하)/ 9명
353,75,레진아트 썬캐쳐 만들기 '낮별',6.8(목) 오후반 16:00~18:00 (저녁반) 19:00~21:00,레진아트 썬캐처 제작,과천시 거주 또는 제직 등 생활권 청년 (만 19세~39세 이하)/10명
354,75,과천시 비행지구 6월 프로그램: 자녀와 함께하는 ‘로봇 놀이 코딩,2023. 6. 10.(토) ~ 6. 24.(토) 10:30 ~ 12:00 / 매주 토요일,로봇코딩,과천시 거주 또는 제직 등 생활권 청년 (만 19세~39세 이하)/10명
355,75,과천시 비행지구 6월 프로그램: 직접 만드는 반려악기 '칼림바 하루', 2023. 6. 12.(월) 19:00 ~ 21:00,"칼림바 제작, 연주 배우기",과천시 거주 또는 제직 등 생활권 청년 (만 19세~39세 이하)/10명
356,76,[WEMADE_운동하고 광명찾자],2023-06-01 ~ 2023-06-29,러닝 챌린지,"
내일의 건강을 위해 오늘 땀흘리는 청년 누구나 / 8명"
357,76,[WEMADE_밀가루 없는 저녁],2023-06-01 ~ 2023-06-29,밀가루 줄이기 챌린지,밀가루와 헤어질 결심을 할 청년 누구나 / 8명
358,76,[WEMADE_일주일에 오만원],2023-06-01 ~ 2023-06-29,절약 챌린지,절약을 습관화하고 싶은 청년 누구나 / 8명
359,76,[WEMADE_우리의 새벽은 아름답다],2023-06-01 ~ 2023-06-29,기상 챌린지,아침 일찍 나를 위한 시간을 가지고 싶은 청년 누구나 / 8명
360,76,[WEMADE_내 작고 소중한 독서모임],2023-06-01 ~ 2023-06-29,독서 모임,함께 책을 읽고 공유하고 싶은 청년 누구나 / 8명
361,76,[WEMADE_발등에 불 떨어],2023-06-01 ~ 2023-06-30,학습 스터디 ,꾸준히 공부하는 것에 러닝메이트가 필요한 청년 누구나 / 8명
362,76,[WEMADE_가보자고~],2023-06-01 ~ 2023-06-29,운동챌린지,매일 꾸준히 운동하는 것에 동기부여가 필요한 청년 /8명
363,82,인스타툰 시작하기,5.30~6.2 19:00,인스타툰 ,만19~35세 김포청년
364,82,[6월] 내돈 꽉잡아!,"6월 7,8,9,12,13",가계부 쓰는법,만19~34세 김포청년
365,127,6~7월 스텝박스 참여,"매주 월요일 / 저녁 6:30~8:30 일일1시간 /
무료수업
- 6월  12, 19, 26일
- 7월  3, 10, 17, 24, 31일 (총 8회)",운동,만19~39세 연천 관내 청년 (2004-1983년생까지)
366,127,소셜다이닝 : 약이되는 건강밥상,6월 27일(화) 오후 13:00~15:00,소셜다이닝,만19~39세 연천 관내 청년 (2004-1983년생까지)
367,127,우드버닝아트 액자 만들기 - 참여신청서,6월 21일(수) 18:30~20:30,우드버닝아트,만19~39세 연천 관내 청년 (2004-1983년생까지)
368,127,손뜨개 케이프 만들기 참여,2023년 6월 16일(금),뜨개질,만19~39세 연천 관내 청년 (2004-1983년생까지)
369,150, 케이스 스터디 6기 콘텐츠 마케팅,023년 5월 12일(금) ~ 6월 4일(일),마케팅,만 15세~39세 청년 취준생 30명
370,150,6월 취업상담소 1:1 맞춤 컨설팅,2023년 06월 19일(월)～ 06월 30일(금),취업교육,만 15세~39세 청년 취준생 10명
371,150,청년도전지원사업 더드림 2기 참여자 모집,2023.06.13(화) ~ 2023.11.03(금),취업 교육,"6개월이상 취업 및 교육, 직업훈련 이력이 없는 만 18세~34세"
372,150,기업가정신교육 2회차 – 자금조달과 투자유치,2023.06.22.(목) 15:00~16:30,금융,"스타트업 임직원, 예비창업자, 창업에 관심있는 누구나"
373,150,[1:1] 우리랑 '마음톡 심리상담'-1부,2023-06-01 10:30 ~ 11:20,직업 탐색 과정에서의 심리·정서 문제 ☎ 070-4112-2305,
374,150,[1:1] 우리랑 '마음톡 심리상담'-2부,2023-06-01 14:00 ~ 14:50,직업 탐색 과정에서의 심리·정서 문제 ☎ 070-4112-2305,
375,150,[1:1] 우리랑 '마음톡 심리상담'-3부,2023-06-01 15:30 ~ 16:20,직업 탐색 과정에서의 심리·정서 문제 ☎ 070-4112-2305,
376,150,[1:1] 우리랑 '마음톡 심리상담'-1부,2023-06-02 10:30 ~ 11:20,직업 탐색 과정에서의 심리·정서 문제 ☎ 070-4112-2305,
377,150,[1:1] 우리랑 '마음톡 심리상담'-2부,2023-06-02 14:00 ~ 14:50,직업 탐색 과정에서의 심리·정서 문제 ☎ 070-4112-2305,
378,150,[1:1] 우리랑 '마음톡 심리상담'-3부,2023-06-02 15:30 ~ 16:20,직업 탐색 과정에서의 심리·정서 문제 ☎ 070-4112-2305,
379,150,[1:1] 우리랑 '톡톡톡 직업상담'-1부,2023-06-02 14:00 ~ 14:50,마이온에고를 통한 직업탐색을 통한 다양한 진로코칭,
380,150,[1:1] 우리랑 '톡톡톡 직업상담'-2부,2023-06-02 15:30 ~ 16:10,마이온에고를 통한 직업탐색을 통한 다양한 진로코칭,
381,150,[1:1] 우리랑 '마음톡 심리상담'-1부,2023-06-05 10:30 ~ 11:20,직업 탐색 과정에서의 심리·정서 문제 ☎ 070-4112-2305,
382,150,[1:1] 우리랑 '마음톡 심리상담'-2부,2023-06-05 14:00 ~ 14:50,직업 탐색 과정에서의 심리·정서 문제 ☎ 070-4112-2305,
383,150,[1:1] 우리랑 '마음톡 심리상담'-3부,2023-06-05 15:30 ~ 16:20,직업 탐색 과정에서의 심리·정서 문제 ☎ 070-4112-2305,
384,150,[1:1] 우리랑 '톡톡톡 직업상담'-1부,2023-06-05 10:30 ~ 11:20,마이온에고를 통한 직업탐색을 통한 다양한 진로코칭,
385,150,[1:1] 우리랑 '톡톡톡 직업상담'-2부,2023-06-05 14:00 ~ 14:50,마이온에고를 통한 직업탐색을 통한 다양한 진로코칭,
386,150,[1:1] 우리랑 '톡톡톡 직업상담'-3부,2023-06-05 15:30 ~ 16:20,마이온에고를 통한 직업탐색을 통한 다양한 진로코칭,
387,150,[1:1] 우리랑 '마음톡 심리상담'-1부,2023-06-07 10:30 ~ 11:20,직업 탐색 과정에서의 심리·정서 문제 ☎ 070-4112-2305,
388,150,[1:1] 우리랑 '마음톡 심리상담'-2부,2023-06-07 14:00 ~ 14:50,직업 탐색 과정에서의 심리·정서 문제 ☎ 070-4112-2305,
389,150,[1:1] 우리랑 '마음톡 심리상담'-3부,2023-06-07 15:30 ~ 16:20,직업 탐색 과정에서의 심리·정서 문제 ☎ 070-4112-2305,
390,150,[1:1] 우리랑 '톡톡톡 직업상담'-1부,2023-06-07 14:00 ~ 14:50,마이온에고를 통한 직업탐색을 통한 다양한 진로코칭,
391,150,[1:1] 우리랑 '톡톡톡 직업상담'-2부,2023-06-07 15:30 ~ 16:20,마이온에고를 통한 직업탐색을 통한 다양한 진로코칭,
392,150,[1:1] 우리랑 '마음톡 심리상담'-1부,2023-06-08 10:30 ~ 11:20,직업 탐색 과정에서의 심리·정서 문제 ☎ 070-4112-2305,
393,150,[1:1] 우리랑 '마음톡 심리상담'-2부,2023-06-08 14:00 ~ 14:50,직업 탐색 과정에서의 심리·정서 문제 ☎ 070-4112-2305,
394,150,[1:1] 우리랑 '마음톡 심리상담'-3부,2023-06-08 15:30 ~ 16:20,직업 탐색 과정에서의 심리·정서 문제 ☎ 070-4112-2305,
395,150,[1:1] 우리랑 '톡톡톡 직업상담'-1부,2023-06-08 14:00 ~ 14:50,마이온에고를 통한 직업탐색을 통한 다양한 진로코칭,
396,150,[1:1] 우리랑 '톡톡톡 직업상담'-2부,2023-06-08 15:30 ~ 16:20,마이온에고를 통한 직업탐색을 통한 다양한 진로코칭,
397,150,[1:1] 우리랑 '마음톡 심리상담'-1부,2023-06-09 10:30 ~ 11:20,직업 탐색 과정에서의 심리·정서 문제 ☎ 070-4112-2305,
398,150,[1:1] 우리랑 '마음톡 심리상담'-2부,2023-06-09 14:00 ~ 14:50,직업 탐색 과정에서의 심리·정서 문제 ☎ 070-4112-2305,
399,150,[1:1] 우리랑 '마음톡 심리상담'-3부,2023-06-09 15:30 ~ 16:20,직업 탐색 과정에서의 심리·정서 문제 ☎ 070-4112-2305,
400,150,[1:1] 우리랑 '톡톡톡 직업상담'-1부,2023-06-09 10:30 ~ 11:20,마이온에고를 통한 직업탐색을 통한 다양한 진로코칭,
401,151,[E-mail 첨삭] 성공적인 취업 지원 서류 준비하기-1부,2023-06-01 14:00 ~ 14:50,"내가 가진 경험, 직무역량과 연결하여 취업 지원 서류 준비하기 문의)02-3427-1068",
402,151,[E-mail 첨삭] 성공적인 취업 지원 서류 준비하기-2부,2023-06-01 15:00 ~ 15:50,"내가 가진 경험, 직무역량과 연결하여 취업 지원 서류 준비하기 문의)02-3427-1068",
403,151,[E-mail 첨삭] 성공적인 취업 지원 서류 준비하기-3부,2023-06-01 16:00 ~ 16:50,"내가 가진 경험, 직무역량과 연결하여 취업 지원 서류 준비하기 문의)02-3427-1068",
404,151,(1:1 비대면 첨삭 진행) 한눈에 들어오는 자기소개서 완성하기-1부,2023-06-02 14:00 ~ 14:50,경험 중심의 읽기 쉬운 자기소개서 만들기 / 문의 : 02-3427-1067,
405,151,(1:1 비대면 첨삭 진행) 한눈에 들어오는 자기소개서 완성하기-2부,2023-06-02 15:00 ~ 15:50,경험 중심의 읽기 쉬운 자기소개서 만들기 / 문의 : 02-3427-1067,
406,151,(1:1 비대면 첨삭 진행) 한눈에 들어오는 자기소개서 완성하기-3부,2023-06-02 16:00 ~ 16:50,경험 중심의 읽기 쉬운 자기소개서 만들기 / 문의 : 02-3427-1067,
407,151,[E-mail 첨삭] 성공적인 취업 지원 서류 준비하기-1부,2023-06-02 14:00 ~ 14:50,"내가 가진 경험, 직무역량과 연결하여 취업 지원 서류 준비하기 문의)02-3427-1068",
408,151,[E-mail 첨삭] 성공적인 취업 지원 서류 준비하기-2부,2023-06-02 15:00 ~ 15:50,"내가 가진 경험, 직무역량과 연결하여 취업 지원 서류 준비하기 문의)02-3427-1068",
409,151,[E-mail 첨삭] 성공적인 취업 지원 서류 준비하기-3부,2023-06-02 16:00 ~ 16:50,"내가 가진 경험, 직무역량과 연결하여 취업 지원 서류 준비하기 문의)02-3427-1068",
410,151,[오프라인] 나의 퍼스널컬러 찾기_퍼스널컬러 진단,2023-06-05 13:00 ~ 14:00,퍼스널컬러 진단 실습강의,
411,151,[오프라인] 나의 퍼스널컬러 찾기_퍼스널컬러 진단,2023-06-05 14:00 ~ 15:00,퍼스널컬러 진단 실습강의,
412,151,[오프라인] 나의 퍼스널컬러 찾기_퍼스널컬러 진단,2023-06-05 15:00 ~ 16:00,퍼스널컬러 진단 실습강의,
413,151,[1:1 대면] 성공적인 취업 지원 서류 준비하기-1부,2023-06-07 13:00 ~ 14:10,"내가 가진 경험, 직무역량과 연결하여 취업 지원 서류 준비하기 문의)02-3427-1068",
414,151,[1:1 대면] 성공적인 취업 지원 서류 준비하기-2부,2023-06-07 14:20 ~ 15:30,"내가 가진 경험, 직무역량과 연결하여 취업 지원 서류 준비하기 문의)02-3427-1068",
415,151,[1:1 대면] 성공적인 취업 지원 서류 준비하기-3부,2023-06-07 15:40 ~ 16:50,"내가 가진 경험, 직무역량과 연결하여 취업 지원 서류 준비하기 문의)02-3427-1068",
416,151,"[E-mail첨삭] 신입,이직자의 자기소개서 첨삭-1부",2023-06-07 14:00 ~ 14:50,입사지원 서류 컨설팅(문의처: 02-3427-1069),
417,151,"[E-mail첨삭] 신입,이직자의 자기소개서 첨삭-2부",2023-06-07 15:00 ~ 14:50,입사지원 서류 컨설팅(문의처: 02-3427-1069),
418,151,"[E-mail첨삭] 신입,이직자의 자기소개서 첨삭-3부",2023-06-07 16:00 ~ 14:50,입사지원 서류 컨설팅(문의처: 02-3427-1069),
419,151,[E-mail 첨삭] 성공적인 취업 지원 서류 준비하기-1부,2023-06-08 14:00 ~ 14:50,"내가 가진 경험, 직무역량과 연결하여 취업 지원 서류 준비하기 문의)02-3427-1068",
420,151,[E-mail 첨삭] 성공적인 취업 지원 서류 준비하기-2부,2023-06-08 15:00 ~ 15:50,"내가 가진 경험, 직무역량과 연결하여 취업 지원 서류 준비하기 문의)02-3427-1068",
421,151,[E-mail 첨삭] 성공적인 취업 지원 서류 준비하기-3부,2023-06-08 16:00 ~ 16:50,"내가 가진 경험, 직무역량과 연결하여 취업 지원 서류 준비하기 문의)02-3427-1068",
422,151,"[대면상담] 신입,이직자의 자기소개서 첨삭-1부",2023-06-08 14:00 ~ 15:10,입사지원 서류 컨설팅(문의처: 02-3427-1069),
423,151,"[대면상담] 신입,이직자의 자기소개서 첨삭-2부",2023-06-08 15:20 ~ 16:30,입사지원 서류 컨설팅(문의처: 02-3427-1069),
424,151,"[대면상담] 신입,이직자의 자기소개서 첨삭-3부",2023-06-08 16:40 ~ 17:50,입사지원 서류 컨설팅(문의처: 02-3427-1069),
425,151,[E-mail 첨삭] 성공적인 취업 지원 서류 준비하기-1부,2023-06-09 14:00 ~ 14:50,"내가 가진 경험, 직무역량과 연결하여 취업 지원 서류 준비하기 문의)02-3427-1068",
426,151,[E-mail 첨삭] 성공적인 취업 지원 서류 준비하기-2부,2023-06-09 15:00 ~ 15:50,"내가 가진 경험, 직무역량과 연결하여 취업 지원 서류 준비하기 문의)02-3427-1068",
427,151,[E-mail 첨삭] 성공적인 취업 지원 서류 준비하기-3부,2023-06-09 16:00 ~ 16:50,"내가 가진 경험, 직무역량과 연결하여 취업 지원 서류 준비하기 문의)02-3427-1068",
428,151,"[E-mail첨삭] 신입,이직자의 자기소개서 첨삭-1부",2023-06-09 14:00 ~ 14:50,입사지원 서류 컨설팅(문의처: 02-3427-1069),
429,151,"[E-mail첨삭] 신입,이직자의 자기소개서 첨삭-2부",2023-06-09 15:00 ~ 15:50,입사지원 서류 컨설팅(문의처: 02-3427-1069),
430,151,"[E-mail첨삭] 신입,이직자의 자기소개서 첨삭-3부",2023-06-09 16:00 ~ 16:50,입사지원 서류 컨설팅(문의처: 02-3427-1069),
431,151,[오프라인] 취준생을 위한 마음 테라피_나의 감정 달래주기,2023-06-10 15:00 ~ 17:00,취준생을 위한 ☆마음 테라피 특강☆_나의 감정 달래주기,
432,151,[오프라인] 취준생을 위한 마음 테라피_나의 정서 알아보기,2023-06-10 13:00 ~ 15:00,취준생을 위한 ☆마음 테라피 특강☆_나의 정서 알아보기,
433,151,[오프라인] 나의 퍼스널컬러 찾기_퍼스널컬러 진단,2023-06-12 13:00 ~ 14:00,퍼스널컬러 진단 실습강의,
434,151,[오프라인] 나의 퍼스널컬러 찾기_퍼스널컬러 진단,2023-06-12 14:00 ~ 15:00,퍼스널컬러 진단 실습강의,
435,151,(1:1 비대면 첨삭 진행) 한눈에 들어오는 자기소개서 완성하기-1부,2023-06-13 14:00 ~ 14:50,경험 중심의 읽기 쉬운 자기소개서 만들기 / 문의 : 02-3427-1067,
436,151,(1:1 비대면 첨삭 진행) 한눈에 들어오는 자기소개서 완성하기-2부,2023-06-13 15:00 ~ 15:50,경험 중심의 읽기 쉬운 자기소개서 만들기 / 문의 : 02-3427-1067,
437,151,(1:1 비대면 첨삭 진행) 한눈에 들어오는 자기소개서 완성하기-3부,2023-06-13 16:00 ~ 16:50,경험 중심의 읽기 쉬운 자기소개서 만들기 / 문의 : 02-3427-1067,
438,151,"[E-mail첨삭] 신입,이직자의 자기소개서 첨삭-1부",2023-06-13 14:00 ~ 14:50,입사지원 서류 컨설팅(문의처: 02-3427-1069),
439,151,"[E-mail첨삭] 신입,이직자의 자기소개서 첨삭-2부",2023-06-13 15:00 ~ 14:50,입사지원 서류 컨설팅(문의처: 02-3427-1069),
440,151,"[E-mail첨삭] 신입,이직자의 자기소개서 첨삭-3부",2023-06-13 16:00 ~ 14:50,입사지원 서류 컨설팅(문의처: 02-3427-1069),
441,151,[오프라인]성공적인 면접을 위한 이미지메이킹(메이크업중심),2023-06-13 15:00 ~ 17:00,면접용 메이크업 방법 강의 및 실습,
442,151,( 1:1 대면상담만 가능 ) 자기소개서 작성을 위한 자기 분석 및 진로 탐색 상담-1부,2023-06-14 13:00 ~ 14:10,경험 탐색을 통한 진로 방향 찾기 / 문의 : 02-3427-1067,
443,151,( 1:1 대면상담만 가능 ) 자기소개서 작성을 위한 자기 분석 및 진로 탐색 상담-2부,2023-06-14 14:20 ~ 15:30,경험 탐색을 통한 진로 방향 찾기 / 문의 : 02-3427-1067,
444,151,( 1:1 대면상담만 가능 ) 자기소개서 작성을 위한 자기 분석 및 진로 탐색 상담-3부,2023-06-14 15:40 ~ 16:50,경험 탐색을 통한 진로 방향 찾기 / 문의 : 02-3427-1067,
445,151,"[Email첨삭] 신입,이직자의 자기소개서 첨삭-1부",2023-06-14 14:00 ~ 14:50,입사지원 서류 컨설팅(문의처: 02-3427-1069),
446,151,"[Email첨삭] 신입,이직자의 자기소개서 첨삭-2부",2023-06-14 15:00 ~ 15:50,입사지원 서류 컨설팅(문의처: 02-3427-1069),
447,151,"[Email첨삭] 신입,이직자의 자기소개서 첨삭-3부",2023-06-14 16:00 ~ 16:50,입사지원 서류 컨설팅(문의처: 02-3427-1069),
448,151,(1:1 비대면 첨삭 진행) 한눈에 들어오는 자기소개서 완성하기-1부,2023-06-15 14:00 ~ 14:50,경험 중심의 읽기 쉬운 자기소개서 만들기 / 문의 : 02-3427-1067,
449,151,(1:1 비대면 첨삭 진행) 한눈에 들어오는 자기소개서 완성하기-2부,2023-06-15 15:00 ~ 15:50,경험 중심의 읽기 쉬운 자기소개서 만들기 / 문의 : 02-3427-1067,
450,151,(1:1 비대면 첨삭 진행) 한눈에 들어오는 자기소개서 완성하기-3부,2023-06-15 16:00 ~ 16:50,경험 중심의 읽기 쉬운 자기소개서 만들기 / 문의 : 02-3427-1067,
451,151,"[대면상담] 신입,이직자의 자기소개서 첨삭-1부",2023-06-15 14:00 ~ 15:10,입사지원 서류 컨설팅(문의처: 02-3427-1069),
452,151,"[대면상담] 신입,이직자의 자기소개서 첨삭-2부",2023-06-15 15:20 ~ 16:30,입사지원 서류 컨설팅(문의처: 02-3427-1069),
453,151,"[대면상담] 신입,이직자의 자기소개서 첨삭-3부",2023-06-15 16:40 ~ 17:50,입사지원 서류 컨설팅(문의처: 02-3427-1069),
454,151,[온라인] 완전히 달라진 AI 역량검사 고득점 비법,2023-06-15 15:00 ~ 17:00,☆AI 역량검사 고득점 비법☆ 특강,
455,151,"[E-mail첨삭] 신입,이직자의 자기소개서 첨삭-1부",2023-06-16 14:00 ~ 14:50,입사지원 서류 컨설팅(문의처: 02-3427-1069),
456,151,"[E-mail첨삭] 신입,이직자의 자기소개서 첨삭-2부",2023-06-16 15:00 ~ 15:50,입사지원 서류 컨설팅(문의처: 02-3427-1069),
457,151,"[E-mail첨삭] 신입,이직자의 자기소개서 첨삭-3부",2023-06-16 16:00 ~ 16:50,입사지원 서류 컨설팅(문의처: 02-3427-1069),
458,151,[오프라인] 나의 퍼스널컬러 찾기_퍼스널컬러 진단,2023-06-19 13:00 ~ 14:00,퍼스널컬러 진단 실습강의,
459,151,[오프라인] 나의 퍼스널컬러 찾기_퍼스널컬러 진단,2023-06-19 14:00 ~ 15:00,퍼스널컬러 진단 실습강의,
460,151,[오프라인] 나의 퍼스널컬러 찾기_퍼스널컬러 진단,2023-06-19 15:00 ~ 16:00,퍼스널컬러 진단 실습강의,
461,151,[E-mail 첨삭] 성공적인 취업 지원 서류 준비하기-1부,2023-06-20 14:00 ~ 14:50,"내가 가진 경험, 직무역량과 연결하여 취업 지원 서류 준비하기 문의)02-3427-1068",
462,151,[E-mail 첨삭] 성공적인 취업 지원 서류 준비하기-2부,2023-06-20 15:00 ~ 15:50,"내가 가진 경험, 직무역량과 연결하여 취업 지원 서류 준비하기 문의)02-3427-1068",
463,151,[E-mail 첨삭] 성공적인 취업 지원 서류 준비하기-3부,2023-06-20 16:00 ~ 16:50,"내가 가진 경험, 직무역량과 연결하여 취업 지원 서류 준비하기 문의)02-3427-1068",
464,151,[1:1 대면] 성공적인 취업 지원 서류 준비하기-1부,2023-06-21 13:00 ~ 14:10,"내가 가진 경험, 직무역량과 연결하여 취업 지원 서류 준비하기 문의)02-3427-1068",
465,151,[1:1 대면] 성공적인 취업 지원 서류 준비하기-2부,2023-06-21 14:20 ~ 15:30,"내가 가진 경험, 직무역량과 연결하여 취업 지원 서류 준비하기 문의)02-3427-1068",
466,151,[1:1 대면] 성공적인 취업 지원 서류 준비하기-3부,2023-06-21 15:40 ~ 16:50,"내가 가진 경험, 직무역량과 연결하여 취업 지원 서류 준비하기 문의)02-3427-1068",
467,151,【특강】 AI역량검사 전격분석 특강,2023-06-21 14:00 ~ 16:00,■AI역량검사■ 개발사 채용전문가 직강!!!,
468,151,[E-mail 첨삭] 성공적인 취업 지원 서류 준비하기-1부,2023-06-22 14:00 ~ 14:50,"내가 가진 경험, 직무역량과 연결하여 취업 지원 서류 준비하기 문의)02-3427-1068",
469,151,[E-mail 첨삭] 성공적인 취업 지원 서류 준비하기-2부,2023-06-22 15:00 ~ 15:50,"내가 가진 경험, 직무역량과 연결하여 취업 지원 서류 준비하기 문의)02-3427-1068",
470,151,[E-mail 첨삭] 성공적인 취업 지원 서류 준비하기-3부,2023-06-22 16:00 ~ 16:50,"내가 가진 경험, 직무역량과 연결하여 취업 지원 서류 준비하기 문의)02-3427-1068",
471,151,( 1:1 대면상담만가능 ) 자기소개서 작성을 위한 자기 분석 및 진로 탐색 상담-1부,2023-06-22 13:00 ~ 14:10,경험 탐색을 통한 진로 방향 찾기 / 문의 : 02-3427-1067,
472,151,( 1:1 대면상담만가능 ) 자기소개서 작성을 위한 자기 분석 및 진로 탐색 상담-2부,2023-06-22 14:20 ~ 15:30,경험 탐색을 통한 진로 방향 찾기 / 문의 : 02-3427-1067,
473,151,( 1:1 대면상담만가능 ) 자기소개서 작성을 위한 자기 분석 및 진로 탐색 상담-3부,2023-06-22 15:40 ~ 16:50,경험 탐색을 통한 진로 방향 찾기 / 문의 : 02-3427-1067,
474,151,(1:1 비대면 첨삭 진행) 한눈에 들어오는 자기소개서 완성하기-1부,2023-06-23 14:00 ~ 14:50,경험 중심의 읽기 쉬운 자기소개서 만들기 / 문의 : 02-3427-1067,
475,151,(1:1 비대면 첨삭 진행) 한눈에 들어오는 자기소개서 완성하기-2부,2023-06-23 15:00 ~ 15:50,경험 중심의 읽기 쉬운 자기소개서 만들기 / 문의 : 02-3427-1067,
476,151,(1:1 비대면 첨삭 진행) 한눈에 들어오는 자기소개서 완성하기-3부,2023-06-23 16:00 ~ 16:50,경험 중심의 읽기 쉬운 자기소개서 만들기 / 문의 : 02-3427-1067,
477,151,[E-mail 첨삭] 성공적인 취업 지원 서류 준비하기-1부,2023-06-23 14:00 ~ 14:50,"내가 가진 경험, 직무역량과 연결하여 취업 지원 서류 준비하기 문의)02-3427-1068",
478,151,[E-mail 첨삭] 성공적인 취업 지원 서류 준비하기-2부,2023-06-23 15:00 ~ 15:50,"내가 가진 경험, 직무역량과 연결하여 취업 지원 서류 준비하기 문의)02-3427-1068",
479,151,[E-mail 첨삭] 성공적인 취업 지원 서류 준비하기-3부,2023-06-23 16:00 ~ 16:50,"내가 가진 경험, 직무역량과 연결하여 취업 지원 서류 준비하기 문의)02-3427-1068",
480,151,[오프라인] 200% 활용 가능한 이직 성공 전략_이직의 기술,2023-06-24 15:00 ~ 17:00,200% 활용 가능한 ☆이직 성공 전략☆_이직의 기술,
481,151,[오프라인] 200% 활용 가능한 이직 성공 전략_이직의 준비,2023-06-24 13:00 ~ 15:00,200% 활용 가능한 ☆이직 성공 전략☆_이직의 준비,
482,151,[오프라인] 나의 퍼스널컬러 찾기_퍼스널컬러 진단,2023-06-26 13:00 ~ 14:00,퍼스널컬러 진단 실습강의,
483,151,[오프라인] 나의 퍼스널컬러 찾기_퍼스널컬러 진단,2023-06-26 14:00 ~ 15:00,퍼스널컬러 진단 실습강의,
484,151,[E-mail 첨삭] 성공적인 취업 지원 서류 준비하기-1부,2023-06-27 14:00 ~ 14:50,"내가 가진 경험, 직무역량과 연결하여 취업 지원 서류 준비하기 문의)02-3427-1068",
485,151,[E-mail 첨삭] 성공적인 취업 지원 서류 준비하기-2부,2023-06-27 15:00 ~ 15:50,"내가 가진 경험, 직무역량과 연결하여 취업 지원 서류 준비하기 문의)02-3427-1068",
486,151,[E-mail 첨삭] 성공적인 취업 지원 서류 준비하기-3부,2023-06-27 16:00 ~ 16:50,"내가 가진 경험, 직무역량과 연결하여 취업 지원 서류 준비하기 문의)02-3427-1068",
487,151,"[E-mail첨삭] 신입,이직자의 자기소개서 첨삭-1부",2023-06-27 14:00 ~ 14:50,입사지원 서류 컨설팅(문의처: 02-3427-1069),
488,151,"[E-mail첨삭] 신입,이직자의 자기소개서 첨삭-2부",2023-06-27 15:00 ~ 15:50,입사지원 서류 컨설팅(문의처: 02-3427-1069),
489,151,"[E-mail첨삭] 신입,이직자의 자기소개서 첨삭-3부",2023-06-27 16:00 ~ 16:50,입사지원 서류 컨설팅(문의처: 02-3427-1069),
490,151,[오프라인]성공적인 면접을 위한 이미지메이킹(메이크업중심),2023-06-27 15:00 ~ 17:00,면접용 메이크업 방법 강의 및 실습,
491,151,[1:1 대면] 성공적인 취업 지원 서류 준비하기-1부,2023-06-28 13:00 ~ 14:10,"내가 가진 경험, 직무역량과 연결하여 취업 지원 서류 준비하기 문의)02-3427-1068",
492,151,[1:1 대면] 성공적인 취업 지원 서류 준비하기-2부,2023-06-28 14:20 ~ 15:30,"내가 가진 경험, 직무역량과 연결하여 취업 지원 서류 준비하기 문의)02-3427-1068",
493,151,[1:1 대면] 성공적인 취업 지원 서류 준비하기-3부,2023-06-28 15:40 ~ 16:50,"내가 가진 경험, 직무역량과 연결하여 취업 지원 서류 준비하기 문의)02-3427-1068",
494,151,"[E-mail첨삭] 신입,이직자의 자기소개서 첨삭-1부",2023-06-28 14:00 ~ 14:50,입사지원 서류 컨설팅(문의처: 02-3427-1069),
495,151,"[E-mail첨삭] 신입,이직자의 자기소개서 첨삭-2부",2023-06-28 15:00 ~ 15:50,입사지원 서류 컨설팅(문의처: 02-3427-1069),
496,151,"[E-mail첨삭] 신입,이직자의 자기소개서 첨삭-3부",2023-06-28 16:00 ~ 16:50,입사지원 서류 컨설팅(문의처: 02-3427-1069),
497,151,[E-mail 첨삭] 성공적인 취업 지원 서류 준비하기-1부,2023-06-29 14:00 ~ 14:50,"내가 가진 경험, 직무역량과 연결하여 취업 지원 서류 준비하기 문의)02-3427-1068",
498,151,[E-mail 첨삭] 성공적인 취업 지원 서류 준비하기-2부,2023-06-29 15:00 ~ 15:50,"내가 가진 경험, 직무역량과 연결하여 취업 지원 서류 준비하기 문의)02-3427-1068",
499,151,[E-mail 첨삭] 성공적인 취업 지원 서류 준비하기-3부,2023-06-29 16:00 ~ 16:50,"내가 가진 경험, 직무역량과 연결하여 취업 지원 서류 준비하기 문의)02-3427-1068",
500,151,"[대면상담] 신입,이직자의 자기소개서 첨삭-1부",2023-06-29 14:00 ~ 15:10,입사지원 서류 컨설팅(문의처: 02-3427-1069),
501,151,"[대면상담] 신입,이직자의 자기소개서 첨삭-2부",2023-06-29 15:20 ~ 16:30,입사지원 서류 컨설팅(문의처: 02-3427-1069),
502,151,"[대면상담] 신입,이직자의 자기소개서 첨삭-3부",2023-06-29 16:40 ~ 17:50,입사지원 서류 컨설팅(문의처: 02-3427-1069),
503,151,[E-mail 첨삭] 성공적인 취업 지원 서류 준비하기-1부,2023-06-30 14:00 ~ 14:50,"내가 가진 경험, 직무역량과 연결하여 취업 지원 서류 준비하기 문의)02-3427-1068",
504,151,[E-mail 첨삭] 성공적인 취업 지원 서류 준비하기-2부,2023-06-30 15:00 ~ 15:50,"내가 가진 경험, 직무역량과 연결하여 취업 지원 서류 준비하기 문의)02-3427-1068",
505,151,[E-mail 첨삭] 성공적인 취업 지원 서류 준비하기-3부,2023-06-30 16:00 ~ 16:50,"내가 가진 경험, 직무역량과 연결하여 취업 지원 서류 준비하기 문의)02-3427-1068",
506,151,"[E-mail첨삭] 신입,이직자의 자기소개서 첨삭-1부",2023-06-30 14:00 ~ 14:50,입사지원 서류 컨설팅(문의처: 02-3427-1069),
507,151,"[E-mail첨삭] 신입,이직자의 자기소개서 첨삭-2부",2023-06-30 15:00 ~ 15:50,입사지원 서류 컨설팅(문의처: 02-3427-1069),
508,151,"[E-mail첨삭] 신입,이직자의 자기소개서 첨삭-3부",2023-06-30 16:00 ~ 16:50,입사지원 서류 컨설팅(문의처: 02-3427-1069),
509,151,[오프라인] 중고신입 재도약 취업전략,2023-06-30 16:00 ~ 18:00,중고신입을 위한 취업 준비 전략,
510,154,현직자 멘토링 링크 <마케팅편>,2023-06-01 19:00 ~ 21:00,현직자의 멘토링 프로그램,
511,154,현직자 멘토링 링크 <인사·HR편>,2023-06-02 19:00 ~ 21:00,현직자의 멘토링 프로그램,
512,158,[1:1 대면] 이력서/자소서/면접/취업상담(서류제출 필수)-1부,2023-06-01 15:00 ~ 15:50,구직에 필요한 맞춤 컨설팅(서류제출 필수),
513,158,[1:1 대면] 이력서/자소서/면접/취업상담(서류제출 필수)-2부,2023-06-01 16:00 ~ 16:50,구직에 필요한 맞춤 컨설팅(서류제출 필수),
514,158,[1:1대면] 이력서/자소서/면접/취업상담(서류제출 필수)-1부,2023-06-08 15:00 ~ 15:50,구직에 필요한 맞춤 컨설팅(서류제출 필수),
515,158,[1:1대면] 이력서/자소서/면접/취업상담(서류제출 필수)-2부,2023-06-08 16:00 ~ 16:50,구직에 필요한 맞춤 컨설팅(서류제출 필수),
516,159,[오직 ‘이메일’만] 경험 도출&역량 강화! 이력서&자기소개서 컨설팅-1부,2023-06-01 16:00 ~ 16:50,[이메일] 이력서&자기소개서 컨설팅(문의: 02-739-9050),
517,159,[온라인1:1] 화상으로 진행! 면접코칭(Google Meet)-1부,2023-06-02 10:00 ~ 10:50,면접코칭/HRcats검사(T:02-739-9051),
518,159,[온라인1:1] 화상으로 진행! 면접코칭(Google Meet)-2부,2023-06-02 14:10 ~ 15:00,면접코칭/HRcats검사(T:02-739-9051),
519,159,【특강】 AI역량검사 전격분석 특강,2023-06-07 14:00 ~ 16:00,■AI역량검사■ 개발사 채용전문가 직강!!!,
520,159,[오프라인] 경험 도출&역량 강화! 취업 지원 서류 컨설팅/면접 컨설팅-1부,2023-06-08 10:00 ~ 11:10,[오프라인] 취업 서류 컨설팅/면접 컨설팅(문의: 02-739-9050),
521,159,[오프라인] 경험 도출&역량 강화! 취업 지원 서류 컨설팅/면접 컨설팅-2부,2023-06-08 15:00 ~ 16:10,[오프라인] 취업 서류 컨설팅/면접 컨설팅(문의: 02-739-9050),
522,159,[오프라인] 경험 도출&역량 강화! 취업 지원 서류 컨설팅/면접 컨설팅-1부,2023-06-09 10:00 ~ 11:10,[오프라인] 취업 서류 컨설팅/면접 컨설팅(문의: 02-739-9050),
523,159,[대면취업상담] 면접코칭-모의면접 진행! 영상으로 녹화하여 분석!! -1부,2023-06-12 16:00 ~ 17:10,면접코칭/HRcats검사(T:02-739-9051),
524,159,6/13 이력서 사진촬영,2023-06-13 14:00 ~ 14:30,무료 이력서 사진촬영 서비스,
525,159,6/13 이력서 사진촬영,2023-06-13 14:30 ~ 15:00,무료 이력서 사진촬영 서비스,
526,159,6/13 이력서 사진촬영,2023-06-13 15:00 ~ 15:30,무료 이력서 사진촬영 서비스,
527,159,6/13 이력서 사진촬영,2023-06-13 15:30 ~ 16:00,무료 이력서 사진촬영 서비스,
528,159,6/13 이력서 사진촬영,2023-06-13 16:00 ~ 16:30,무료 이력서 사진촬영 서비스,
529,159,6/13 이력서 사진촬영,2023-06-13 16:30 ~ 17:00,무료 이력서 사진촬영 서비스,
530,159,[대면취업상담] 면접코칭-모의면접 진행! 영상으로 녹화하여 분석!! -1부,2023-06-13 14:00 ~ 15:10,면접코칭/HRcats검사(T:02-739-9051),
531,159,[대면취업상담] 면접코칭-모의면접 진행! 영상으로 녹화하여 분석!! -2부,2023-06-13 16:00 ~ 17:10,면접코칭/HRcats검사(T:02-739-9051),
532,159,[오직 ‘이메일’만] 경험 도출&역량 강화! 이력서&자기소개서 컨설팅-1부,2023-06-13 16:00 ~ 16:50,[이메일] 이력서&자기소개서 컨설팅(문의: 02-739-9050),
533,159,[오직 ‘이메일’만] 경험 도출&역량 강화! 이력서&자기소개서 컨설팅-1부,2023-06-14 16:00 ~ 16:50,[이메일] 이력서&자기소개서 컨설팅(문의: 02-739-9050),
534,159,[대면취업상담] 면접코칭-모의면접 진행! 영상으로 녹화하여 분석!! -1부,2023-06-15 14:00 ~ 15:10,면접코칭/HRcats검사(T:02-739-9051),
535,159,[대면취업상담] 면접코칭-모의면접 진행! 영상으로 녹화하여 분석!! -2부,2023-06-15 16:00 ~ 17:10,면접코칭/HRcats검사(T:02-739-9051),
536,159,[오직 ‘이메일’만] 경험 도출&역량 강화! 이력서&자기소개서 컨설팅-1부,2023-06-15 16:00 ~ 16:50,[이메일] 이력서&자기소개서 컨설팅(문의: 02-739-9050),
537,159,[온라인1:1] 화상으로 진행! 면접코칭-1부,2023-06-16 10:00 ~ 10:50,면접코칭/HRcats검사(T:02-739-9051),
538,159,[온라인1:1] 화상으로 진행! 면접코칭-2부,2023-06-16 14:10 ~ 15:00,면접코칭/HRcats검사(T:02-739-9051),
539,159,[오프라인] 경험 도출&역량 강화! 취업 지원 서류 컨설팅/면접 컨설팅-1부,2023-06-19 15:00 ~ 16:10,[오프라인] 취업 서류 컨설팅/면접 컨설팅(문의: 02-739-9050),
540,159,6/20 이력서 사진촬영,2023-06-20 14:00 ~ 14:30,무료 이력서 사진촬영 서비스,
541,159,6/20 이력서 사진촬영,2023-06-20 14:30 ~ 15:00,무료 이력서 사진촬영 서비스,
542,159,6/20 이력서 사진촬영,2023-06-20 15:00 ~ 15:30,무료 이력서 사진촬영 서비스,
543,159,6/20 이력서 사진촬영,2023-06-20 15:30 ~ 16:00,무료 이력서 사진촬영 서비스,
544,159,6/20 이력서 사진촬영,2023-06-20 16:00 ~ 16:30,무료 이력서 사진촬영 서비스,
545,159,6/20 이력서 사진촬영,2023-06-20 16:30 ~ 17:00,무료 이력서 사진촬영 서비스,
546,159,[오직 ‘이메일’만] 경험 도출&역량 강화! 이력서&자기소개서 컨설팅-1부,2023-06-20 16:00 ~ 16:50,[이메일] 이력서&자기소개서 컨설팅(문의: 02-739-9050),
547,159,[오직 ‘이메일’만] 경험 도출&역량 강화! 이력서&자기소개서 컨설팅-1부,2023-06-21 16:00 ~ 16:50,[이메일] 이력서&자기소개서 컨설팅(문의: 02-739-9050),
548,159,[오직 ‘이메일’만] 경험 도출&역량 강화! 이력서&자기소개서 컨설팅-1부,2023-06-22 16:00 ~ 16:50,[이메일] 이력서&자기소개서 컨설팅(문의: 02-739-9050),
549,159,6/27 이력서 사진촬영,2023-06-27 14:00 ~ 14:30,무료 이력서 사진촬영 서비스,
550,159,6/27 이력서 사진촬영,2023-06-27 14:30 ~ 15:00,무료 이력서 사진촬영 서비스,
551,159,6/27 이력서 사진촬영,2023-06-27 15:00 ~ 15:30,무료 이력서 사진촬영 서비스,
552,159,6/27 이력서 사진촬영,2023-06-27 15:30 ~ 16:00,무료 이력서 사진촬영 서비스,
553,159,6/27 이력서 사진촬영,2023-06-27 16:00 ~ 16:30,무료 이력서 사진촬영 서비스,
554,159,6/27 이력서 사진촬영,2023-06-27 16:30 ~ 17:00,무료 이력서 사진촬영 서비스,
555,159,[대면취업상담] 면접코칭-모의면접 진행! 영상으로 녹화하여 분석!! -1부,2023-06-27 14:00 ~ 15:10,면접코칭/HRcats검사(T:02-739-9051),
556,159,[오프라인] 경험 도출&역량 강화! 취업 지원 서류 컨설팅/면접 컨설팅-1부,2023-06-27 10:00 ~ 11:10,[오프라인] 취업 서류 컨설팅/면접 컨설팅(문의: 02-739-9050),
557,159,[오프라인] 경험 도출&역량 강화! 취업 지원 서류 컨설팅/면접 컨설팅-2부,2023-06-27 15:00 ~ 16:10,[오프라인] 취업 서류 컨설팅/면접 컨설팅(문의: 02-739-9050),
558,159,[오직 ‘이메일’만] 경험 도출&역량 강화! 이력서&자기소개서 컨설팅-1부,2023-06-28 16:00 ~ 16:50,[이메일] 이력서&자기소개서 컨설팅(문의: 02-739-9050),
559,159,[오프라인] 경험 도출&역량 강화! 취업 지원 서류 컨설팅/면접 컨설팅-1부,2023-06-30 10:00 ~ 11:10,[오프라인] 취업 서류 컨설팅/면접 컨설팅(문의: 02-739-9050),
560,159,[오프라인] 경험 도출&역량 강화! 취업 지원 서류 컨설팅/면접 컨설팅-2부,2023-06-30 15:00 ~ 16:10,[오프라인] 취업 서류 컨설팅/면접 컨설팅(문의: 02-739-9050),
561,160,[대면] 역량/직무/기업 분석 기반 자소서 컨설팅_희망직무기업분석,2023-06-01 15:00 ~ 16:00,"직무와 기업을 알아야 자소서를 쓰지?_ 맞춤형 진로, 취업컨설팅",
562,160,[대면] 역량/직무/기업 분석 기반 자소서 컨설팅_희망직무기업분석,2023-06-01 16:00 ~ 17:00,"직무와 기업을 알아야 자소서를 쓰지?_ 맞춤형 진로, 취업컨설팅",
563,160,자소서 컨설팅에 앞서 나의 재능과 강점에 맞는 직무/직업 알아보기,2023-06-01 13:00 ~ 15:00,개별 희망직무기업분석 컨설팅에 앞서 특강 형식의 직무/기업 이해 시간,
564,160,자기분석을 통한 자기 유형 탐색 및 선호 직업 찾기,2023-06-02 14:00 ~ 15:30,나를 이해하는 시간을 통해 직업 및 직업 탐색하기,
565,160,자기분석을 통한 커리어 설계 전략세우기,2023-06-02 15:30 ~ 17:00,나의 강점을 찾아 진로 탐색 및 진로 설정!!,
566,160,역량강화를 위한 입사서류클리닉-1부,2023-06-03 10:30 ~ 11:40,입사서류 클리닉,
567,160,역량강화를 위한 입사서류클리닉-2부,2023-06-03 14:00 ~ 15:10,입사서류 클리닉,
568,160,[온라인] 알짜 기업 서치 및 알짜 기업 분석 전략_강소기업찾기,2023-06-07 15:00 ~ 17:00,알짜 기업 찾고 분석 전략 특강_강소기업 찾기,
569,160,[대면]역량/직무/기업 분석 기반 자소서 컨설팅_희망직무기업분석,2023-06-08 13:00 ~ 14:00,"직무와 기업을 알아야 자소서를 쓰지?_ 맞춤형 진로, 취업컨설팅",
570,160,[대면]역량/직무/기업 분석 기반 자소서 컨설팅_희망직무기업분석,2023-06-08 14:00 ~ 15:00,"직무와 기업을 알아야 자소서를 쓰지?_ 맞춤형 진로, 취업컨설팅",
571,160,[대면]역량/직무/기업 분석 기반 자소서 컨설팅_희망직무기업분석,2023-06-08 15:00 ~ 16:00,"직무와 기업을 알아야 자소서를 쓰지?_ 맞춤형 진로, 취업컨설팅",
572,160,[대면]역량/직무/기업 분석 기반 자소서 컨설팅_희망직무기업분석,2023-06-08 16:00 ~ 17:00,"직무와 기업을 알아야 자소서를 쓰지?_ 맞춤형 진로, 취업컨설팅",
573,160,[오프라인] 역량 강화 자소서 & 면접 컨설팅-1부,2023-06-08 09:30 ~ 10:40,1:1 이력서·자소서 및 면접컨설팅 (T: 070-8805-2919),
574,160,[오프라인] 역량 강화 자소서 & 면접 컨설팅-2부,2023-06-08 14:30 ~ 15:30,1:1 이력서·자소서 및 면접컨설팅 (T: 070-8805-2919),
575,160,[온라인] 비전공자의 이커머스 세일즈&마케팅 직무_현직자멘토링,2023-06-09 16:30 ~ 18:00,비전공자의 이커머스 마케팅 직무 및 외국계 회사 취업 노하우 대방출_현직자멘토링,
576,160,[온라인] 현직자가 알려주는 전공과 다른 커리어 개발방법 및 취업전략,2023-06-09 15:00 ~ 16:30,현직자에게 직접 듣는다_비전공자의 취업 전략 및 노하우,
577,160,역량강화를 위한 입사서류클리닉-1부,2023-06-10 10:30 ~ 11:40,입사서류 클리닉,
578,160,역량강화를 위한 입사서류클리닉-2부,2023-06-10 14:00 ~ 15:10,입사서류 클리닉,
579,160,1분 자기소개 및 면접 준비 전략,2023-06-12 15:00 ~ 17:00,[온라인] 1분 자기소개 및 ☆면접 준비 전략☆,
580,160,6/13 이력서 사진촬영 맟춤 헤어/메이크업,2023-06-13 13:00 ~ 13:20,이력서 사진촬영 맟춤 헤어/메이크업 프로그램,
581,160,6/13 이력서 사진촬영 맟춤 헤어/메이크업,2023-06-13 13:20 ~ 13:40,이력서 사진촬영 맟춤 헤어/메이크업 프로그램,
582,160,6/13 이력서 사진촬영 맟춤 헤어/메이크업,2023-06-13 13:40 ~ 14:00,이력서 사진촬영 맟춤 헤어/메이크업 프로그램,
583,160,6/13 이력서 사진촬영 맟춤 헤어/메이크업,2023-06-13 14:00 ~ 14:20,이력서 사진촬영 맟춤 헤어/메이크업 프로그램,
584,160,6/13 이력서 사진촬영 맟춤 헤어/메이크업,2023-06-13 14:20 ~ 14:40,이력서 사진촬영 맟춤 헤어/메이크업 프로그램,
585,160,6/13 이력서 사진촬영 맟춤 헤어/메이크업,2023-06-13 14:40 ~ 15:00,이력서 사진촬영 맟춤 헤어/메이크업 프로그램,
586,160,6/13 이력서 사진촬영 맟춤 헤어/메이크업,2023-06-13 15:00 ~ 15:20,이력서 사진촬영 맟춤 헤어/메이크업 프로그램,
587,160,6/13 이력서 사진촬영 맟춤 헤어/메이크업,2023-06-13 15:20 ~ 15:40,이력서 사진촬영 맟춤 헤어/메이크업 프로그램,
588,160,6/13 이력서 사진촬영 맟춤 헤어/메이크업,2023-06-13 15:40 ~ 16:00,이력서 사진촬영 맟춤 헤어/메이크업 프로그램,
589,160,[온라인] 직무분석은 이렇게!_직무 집중분석,2023-06-14 15:00 ~ 17:00,☆직무 집중분석☆ 특강,
590,160,역량강화를 위한 입사서류클리닉-1부,2023-06-14 11:00 ~ 12:10,입사서류 클리닉,
591,160,역량강화를 위한 입사서류클리닉-2부,2023-06-14 14:30 ~ 15:40,입사서류 클리닉,
592,160,[대면]역량/직무/기업 분석 기반 자소서 컨설팅_희망직무기업분석,2023-06-15 13:00 ~ 14:00,"직무와 기업을 알아야 자소서를 쓰지?_ 맞춤형 진로, 취업컨설팅",
593,160,[대면]역량/직무/기업 분석 기반 자소서 컨설팅_희망직무기업분석,2023-06-15 14:00 ~ 15:00,"직무와 기업을 알아야 자소서를 쓰지?_ 맞춤형 진로, 취업컨설팅",
594,160,[대면]역량/직무/기업 분석 기반 자소서 컨설팅_희망직무기업분석,2023-06-15 15:00 ~ 16:00,"직무와 기업을 알아야 자소서를 쓰지?_ 맞춤형 진로, 취업컨설팅",
595,160,[대면]역량/직무/기업 분석 기반 자소서 컨설팅_희망직무기업분석,2023-06-15 16:00 ~ 17:00,"직무와 기업을 알아야 자소서를 쓰지?_ 맞춤형 진로, 취업컨설팅",
596,160,역량강화를 위한 입사서류클리닉-1부,2023-06-15 10:30 ~ 11:40,입사서류 클리닉,
597,160,[온라인] 즉문즉답 실시간 소통하는 기업 분석 특강,2023-06-16 15:00 ~ 17:00,온라인이지만 소규모로 실시간 소통하며 즉문즉답 솔루션을 제공합니다.,
598,160,[온라인] 즉문즉답 실시간 소통하는 산업 분석 특강,2023-06-16 13:00 ~ 15:00,온라인이지만 소규모로 실시간 소통하며 즉문즉답 솔루션을 제공합니다.,
599,160,역량강화를 위한 입사서류클리닉-1부,2023-06-17 10:30 ~ 11:40,입사서류 클리닉,
600,160,역량강화를 위한 입사서류클리닉-2부,2023-06-17 14:00 ~ 15:10,입사서류 클리닉,
601,160,[온라인] 나만의 스토리가 있는 포트폴리오 작성법,2023-06-19 15:00 ~ 17:00,스토리가 있는 ☆포트폴리오 작성법☆ 특강,
602,160,[온라인] 야놀자 채용담당자의 직무와 개발자 취업전략_현직자멘토링,2023-06-19 13:00 ~ 14:30,"야놀자 채용자가 알려주는 HRD 직무, IT 개발자 채용 기준 취업전략",
603,160,6/20 이력서 사진촬영 맟춤 헤어/메이크업,2023-06-20 13:00 ~ 13:20,이력서 사진촬영 맟춤 헤어/메이크업 프로그램,
604,160,6/20 이력서 사진촬영 맟춤 헤어/메이크업,2023-06-20 13:20 ~ 13:40,이력서 사진촬영 맟춤 헤어/메이크업 프로그램,
605,160,6/20 이력서 사진촬영 맟춤 헤어/메이크업,2023-06-20 13:40 ~ 14:00,이력서 사진촬영 맟춤 헤어/메이크업 프로그램,
606,160,6/20 이력서 사진촬영 맟춤 헤어/메이크업,2023-06-20 14:00 ~ 14:20,이력서 사진촬영 맟춤 헤어/메이크업 프로그램,
607,160,6/20 이력서 사진촬영 맟춤 헤어/메이크업,2023-06-20 14:20 ~ 14:40,이력서 사진촬영 맟춤 헤어/메이크업 프로그램,
608,160,6/20 이력서 사진촬영 맟춤 헤어/메이크업,2023-06-20 14:40 ~ 15:00,이력서 사진촬영 맟춤 헤어/메이크업 프로그램,
609,160,6/20 이력서 사진촬영 맟춤 헤어/메이크업,2023-06-20 15:00 ~ 15:20,이력서 사진촬영 맟춤 헤어/메이크업 프로그램,
610,160,6/20 이력서 사진촬영 맟춤 헤어/메이크업,2023-06-20 15:20 ~ 15:40,이력서 사진촬영 맟춤 헤어/메이크업 프로그램,
611,160,6/20 이력서 사진촬영 맟춤 헤어/메이크업,2023-06-20 15:40 ~ 16:00,이력서 사진촬영 맟춤 헤어/메이크업 프로그램,
612,160,금융권 면접 컨설팅 및 모의면접_희망직무기업분석,2023-06-22 13:00 ~ 14:00,삼성금융 현직자의 면접컨설팅 및 모의면접 코칭,
613,160,금융권 면접 컨설팅 및 모의면접_희망직무기업분석,2023-06-22 14:00 ~ 15:00,삼성금융 현직자의 면접컨설팅 및 모의면접 코칭,
614,160,금융권 면접 컨설팅 및 모의면접_희망직무기업분석,2023-06-22 15:00 ~ 16:00,삼성금융 현직자의 면접컨설팅 및 모의면접 코칭,
615,160,금융권 면접 컨설팅 및 모의면접_희망직무기업분석,2023-06-22 16:00 ~ 17:00,삼성금융 현직자의 면접컨설팅 및 모의면접 코칭,
616,160,[온라인] 챗 GPT를 활용한 면접 준비 방법,2023-06-23 15:00 ~ 17:00,챗 GPT 잘 사용해야 약이 된다!_효율적이고 올바르게 활용한 챗 GPT 활용법,
617,160,역량강화를 위한 입사서류클리닉-1부,2023-06-24 10:30 ~ 11:40,입사서류 클리닉,
618,160,역량강화를 위한 입사서류클리닉-2부,2023-06-24 14:00 ~ 15:10,입사서류 클리닉,
619,160,[오프라인] 취업 필수 영어 및 챗 GPT영어 검색 활용법,2023-06-26 15:00 ~ 17:00,☆취업 필수 영어☆ 및 챗 GPT영어 검색 활용법 특강,
620,160,6/27 이력서 사진촬영 맟춤 헤어/메이크업,2023-06-27 13:00 ~ 13:20,이력서 사진촬영 맟춤 헤어/메이크업 프로그램,
621,160,6/27 이력서 사진촬영 맟춤 헤어/메이크업,2023-06-27 13:20 ~ 13:40,이력서 사진촬영 맟춤 헤어/메이크업 프로그램,
622,160,6/27 이력서 사진촬영 맟춤 헤어/메이크업,2023-06-27 13:40 ~ 14:00,이력서 사진촬영 맟춤 헤어/메이크업 프로그램,
623,160,6/27 이력서 사진촬영 맟춤 헤어/메이크업,2023-06-27 14:00 ~ 14:20,이력서 사진촬영 맟춤 헤어/메이크업 프로그램,
624,160,6/27 이력서 사진촬영 맟춤 헤어/메이크업,2023-06-27 14:20 ~ 14:40,이력서 사진촬영 맟춤 헤어/메이크업 프로그램,
625,160,6/27 이력서 사진촬영 맟춤 헤어/메이크업,2023-06-27 14:40 ~ 15:00,이력서 사진촬영 맟춤 헤어/메이크업 프로그램,
626,160,6/27 이력서 사진촬영 맟춤 헤어/메이크업,2023-06-27 15:00 ~ 15:20,이력서 사진촬영 맟춤 헤어/메이크업 프로그램,
627,160,6/27 이력서 사진촬영 맟춤 헤어/메이크업,2023-06-27 15:20 ~ 15:40,이력서 사진촬영 맟춤 헤어/메이크업 프로그램,
628,160,6/27 이력서 사진촬영 맟춤 헤어/메이크업,2023-06-27 15:40 ~ 16:00,이력서 사진촬영 맟춤 헤어/메이크업 프로그램,
629,160,[대면]역량/직무/기업 분석 기반 자소서 컨설팅_희망직무기업분석,2023-06-29 15:00 ~ 16:00,"직무와 기업을 알아야 자소서를 쓰지?_ 맞춤형 진로, 취업컨설팅",
630,160,[대면]역량/직무/기업 분석 기반 자소서 컨설팅_희망직무기업분석,2023-06-29 16:00 ~ 17:00,"직무와 기업을 알아야 자소서를 쓰지?_ 맞춤형 진로, 취업컨설팅",
631,160,역량/직무/기업 분석 기반 자소서 작성 전략_내 자소서 단장하기,2023-06-29 13:00 ~ 15:00,개별 희망직무기업분석 컨설팅에 앞서 특강 형식의 직무/기업 이해 시간,
632,160,[온라인] 취준생 스트레스 DOWN! 회복탄력성 높이기,2023-06-30 13:00 ~ 15:00,취준생의 스트레스 관리 프로그램_긍정정서를 높이는 힘 회복탄력성!,
