REVIEW_NUM,CENTER_ID,MEMBER_ID,REVIEW_CONTENT,REVIEW_RATE
1,1,1,"홈페이지에 표시된 이용 가능 시간,기간 등 정보가 실제 이용 정보와 달라 전화 문의를 상세하게 드려야 했고, 청년 공간임에도 동시에 업무 공간이기에 다른 기관들 및 내부 회의 등 일정에 따라 3시간마다 자리를 비워드려야 한다는 부분에서 친구를 만나기 전 잠시 쉬는 용도 외에 실질적인 취업 카페로써의 이용이 불가능한 공간이었습니다. 안내주신 분은 친절했습니다 :)",
2,1,1,"업무 공간을 빌려 쓰는 개념의 공간이라, 이용 중 12시~1시는 점심시간이라 밖에 나가있어야 합니다. 월/금은 오후만 이용 가능, 화요일은 이용이 안됩니다. 예약을 원하면 반드시 이용 전날까지 전화 문의 후 열어주신 예약 창구로 승인을 받아 이용 가능합니다. 홈페이지에 기재된 모든 공간은 이용 시간이 3시간 제한이며, 그 이후는 추가 방문객/외부 기관/기관 내 회의 일정에 따라 비워드려야 합니다. (2023년 2월 1일 기준)",
3,1,1,"선생님 저 저번에 폰안들고가서, 강의 후 설문조사 못한 사람인데요 (출석체크랑). 설문조사 문자로 왜 안보내주시나요 보내주세요 설문조사하게.",
4,1,1,자기소개서 특강을 듣기위해 LH 강남권마이홈센터에 방문하게 되었습니다. 자기소개서를 쓰는 방법과 강사님의 개별 코칭으로 자기소개서를 어떻게 써야하는가에대한 구체적인 방향을 찾을 수 있는 좋은 시간이었습니다. LH 강남권 마이홈센터도 추후에 다른 좋은 특강을 듣거나 스터디룸을 이용하기위해 방문하기 좋은 장소인거 같습니다. 감사합니다.,
5,1,1,면접에 자신감을 얻고 싶어 강의에 참여하게 되었습니다. 강의 내용이 흥미롭고 실용적이어서 많은 도움이 되었습니다. 특히 강사님께서 수강생들의 자기소개를 듣고 개인별로 코멘트를 해주셔서 매우 유익했습니다. 좋은 기회를 주셔서 감사합니다!,
6,1,1,"면접과 자기소개에 대해 처음으로 배워보았는데, 참신하고 유익했던 강의였고 앞으로 어떻게 준비해야 할지에 대해 많은 도움이 되었습니다. 좋은 강의를 무료로, 또 좋은 위치에서 접할 수 있는 기회였습니다.",
7,1,1,면접에 대한 팁을 얻고 싶어 자기소개 스피치 특강을 듣기 위해 LH강남권마이홈센터에 방문하게 되었습니다. 특강강사님이 한분한분 자기소개를 들어보고 직접 교정해주셔서 면접준비에 큰 도움이 되었습니다. 마이홈센터도 위치도 좋고 이용하기 편해서 자주 방문할 것 같습니다. 좋은 기회주셔서 감사합니다.,
8,1,1,"1분 자기소개 스피치를 배우기 위해 LH강남권마이홈센터에 방문하게 되었습니다. 무료로 제공받는 컨설팅이다 보니 크게 기대하지 않았는데, 강사님의 강의가 정말 유익하고 도움이 많이 되었습니다. 뿐만 아니라 마이홈센터라는 장소에 대해 알게되어 좋았습니다. 추후에도 취업 준비를 하며 스터디룸이라든지, 다른 목적으로도 방문하기 좋은 장소인 것 같습니다.",
9,1,1,좋은 기회에 좋은 강사님과 함께 스피치 강의를 들을 수 있어서 좋았습니다. 선릉역 바로 앞이라 위치도 좋고 스터디룸도 무료로 이용할 수 있어서 앞으로 자주 애용할 수 있을것 같습니다 감사합니다.,
10,1,1,면접스터디를 준비하며 스터디카페를 알아보다가 서울시에서 취업청년들을 위해 무료로 스터디룸을 제공한다는것을 알았습니다. 무료여서 기대안하고갔었는데 돈내고 가는 스터디카페 못지않게 깨끗하고 조용했습니다. 관계자분께서도 물과 차마실 수있다는 안내도 해주시고 친절하셔서 기분좋게 스터디하고왔어요. 기회가 된다면 또 이용하고 싶어요.,
11,1,1,공기업 취업에 대해 관심은 많았지만 어떤 방법으로 준비해 나가야 할지 막막했습니다. 그런데 LH강남권마이홈센터에서 소중한 기회를 주셔서 공기업 취업전략 설명회에 참여할 수 있게 되었습니다. 강사님으로부터 체계적이고 현실적인 조언들을 들을 수 있어 취업 준비 과정의 막연함이 사라지고 목표를 다질 수 있었던 매우 뜻깊은 시간이었습니다. 앞으로도 이러한 기회가 있으면 꼭 참여하고 싶습니다!,
12,1,1,"LH강남권마이홈센터에서 좋은 기회가 있어 처음으로 공기업취업전략 설명회에 참여하게 되었습니다. 막막하게 생각했던 공기업 취업 준비에 대해 강사님께서 명쾌하게 설명해주시고 응원해주셔서, 앞으로 어떤 준비를 한 단계씩 해나가야 할지 뚜렷해지는 시간이었습니다. 시설도 쾌적하고, 자유롭게 이용가능한 공간이 있어서 스터디 모임이나 혼자 공부할 때도 유용한 공간이 될 것 같습니다.",
13,1,1,와 강사님이 너무 재미있으셨고 공기업에 대한 정보들을 많이 알아가는것 같아서 좋았습니다.@@,
14,1,1,공기업취업전략설명회를 듣기 위해 LH강남권마이홈센터에 방문하게 됐습니다. 아직 대학생이라 공기업 취업에 대해 정확히 알지 못했는데 이번 기회를 통해 구체적인 방향을 설정해 계획을 세울 수 있었습니다. LH강남권 마이홈센터도 위치도 좋고 스터디룸도 무료로 이용할 수 있어 정말 유용할꺼 같슺니다. 앞으로도 이런 기회가 많아 자주 참여할 수 있으면 좋겠습니다. 설명회 감사합니다!,
15,1,1,LH강남권마이홈센터에서 열린 공기업 취업전략 설명회에 참여하였습니다. 공기업을 준비하는 입장에서 막막했던 게 사실입니다. 하지만 이번 설명회를 통해 준비 시 가이드라인과 여러 팁들을 알려주셔서 방향성을 잡는데 도움이 되었습니다. 강남권마이홈센터가 서울시취업카페인지 몰랐는데 위치와 시설이 좋아서 앞으로 다른 설명회나 기회가 있으면 참여하기 좋을 것 갔습니다.,
16,3,0,좋아요,
17,3,0,좋아용!,
18,3,0,주말에 아이와 가기 좋아요~~ 크로플도 음료도 맛있어요 ~~,
19,3,0,책이 많아요,
20,3,0,좃아요,
21,3,0,야외주차장 경차 할인시 호출 하세요!,
22,3,0,배울게 많아요,
23,3,0,ㅎㅎ,
24,3,0,새로 리모델링해서 정말좋아요,
25,3,0,굿굿ㅅ,
26,3,0,좋아용,
27,3,0,굿,
28,3,0,굿,
29,3,0,친절,
30,3,0,시원해요,
31,3,0,시원해요,
32,3,0,좋아요,
33,3,0,편리해요,
34,3,0,좋아요,
35,3,0,굳,
36,3,0,굿,
37,3,0,굿,
38,3,0,좋아요,
39,3,0,굿,
40,3,0,좋아요,
41,3,0,좋아요,
42,3,0,굿,
43,3,0,좋아요,
44,3,0,굿,
45,3,0,굿,
46,3,0,좋아요,
47,3,0,근처에 편의시설이 좀 들어왔으면 좋겠네요,4.5
48,3,0,주차장 유료화. 도서관 굿,4.5
49,3,0,좋아요,5
50,3,0,좋아요,3.5
51,5,0,좋네요,5
52,6,1,작년 8월에 취업상담을 여기서 받았는데 커피랑 도서관 안락하고 위치도 좋아 매우 좋습니다. 편안한 환경에서 상담받으니까 조명?이 좋아서 그런지 마음이 안정된것 같고 취업에 관련된 많은 고민을 털어 놓으면 안심이 되어 매우 좋습니다. 고민하지 마시고 신청해보세요... 취준생 입장에서 굉장히 좋습니다 ^^,
53,6,1,커피랑도서관에서 ‘원하는 강의개설’ 신청 해서 두시부터 면접컨설팅과 모의면접도 진행했습니다. 진지하게 임하면서 대답하는데 같이 프로그램 관리하시는? 직원분이 같이 앉아서 저희 태도나 대답이 웃겼는지 바로앞에서대놓고 피식피식 비웃으시더리고요...? 강사분이랑 같이 그러시기도 하고..순간 뭐하자는건가 눈과 귀를 의심했습니다..ㅋㅋㅋ 어리다고 쉽게 생각하신건지 최소한의 예의에 대한 개념이 없어보이셨어요,
54,7,1,"이력서 클리닉 다녀왔습니다. 사실 별 기대 안하고 갔는데, 생각보다 도움이 많이 되었던 것 같아서 좋았습니다~ 역에서 내려서 바로여서 편하고 시설도 사진보다 좋고 깨끗했습니다ㅎㅎ",
55,7,0,굿,
56,7,0,"상담해주시는분 너무친절해서 좋았습니다.
역이랑도 가까워요~^^",
57,7,0,교통편이 편해서 좋음,
58,7,0,시설이 깨끗하고 좋아요. 신림역 바로 앞이예요.,
59,7,0,왕친절,
60,9,1,2021.05.25 15:00 ~ 16:00 [온라인] 모의면접: 실무 & 임원면접 온라인(Zoom 프로그램) 진행 신청했었는데 관련한 링크도 안 오고 강의에 적혀져 있는 연락처로 전화해도 안 받아서 수강을 못했어요. 노쇼처리 하지 말아주세요 ㅠㅠ,
61,9,1,처음으로 프로그램 신청하고 자소서 클리닉 및 면접 코칭을 받았습니다. 상담사님이 면접 답변시에 저의 문제점이 무엇인지 코치해 주셔서 이번 기회를 통해 확실하게 알 수 있었고 많은 면접 관련 자료도 주셔서 많은 도움이 되었습니다. 반면 다소 상담 시간이 짧아서 아쉬웠습니다. 다음번에도 신청 기회가 생긴다면 좀 더 코칭받을 수 있었으면 좋겠습니다 감사합니다.,
62,9,1,"1:1 취업 상담 이용했습니다. 면접 관련 상담을 하였는데 지도해주시는 분이 제가 지원한 기업에 대한 면접 기출질문, 최근 이슈와 같은 것을 조사해 오시는 세밀함에 정말 놀랐습니다. 또한, 제 태도라던가 면접관의 입장에서 지원자를 관심있게 보는 요소를 객관적으로 말씀해주셔서 많은 도움이 되었습니다.",
63,13,1,"이 시설은 '청년'들이 본인들의 꿈을 위해 자유롭게 사용하는 공간인데, 주말 저녁만 되면 초등학생, 중학생들이 여럿이 모여 과외선생님과 같이 공부하는 모습을 볼 수 있습니다.. 좋은 취지로 진행하시는 건 알겠으나, 어린 아이들이라 심한 잡담과 뛰어다니는 등의 행동을 보입니다. 개선해 주셨으면 합니다.",
64,13,1,"얼마 전 청춘삘딩에서 일자리카페 정선기선생님께 1:1면접 컨설팅을 받고 지원한 회사에 최종합격했습니다. 선생님께서 말씀해주신 것처럼 대표님의 말씀을 눈여겨보고, 회사의 미션과 질문 핵심의도를 파악하려 노력한 것이 큰 도움이 되었습니다. 면접 경험이 적었던 제게 친절하게 방향을 설정해주시고, 긍정적인 힘을 주셔서 정말 감사드립니다. 또 오프라인컨설팅을 가능하게 자리를 마련해 주신 청춘삘딩에도 감사드립니다.",
65,14,1,스터디북킹에서 김푸름강사님의 퍼스널컬러 강의를 들었는데 어떤 강의보다 더 와닿고 강의 시간이 전혀 지루하지 않았고 재밌었습니다. 기회가 있으면 또 듣고싶습니다. 은평구에서두 했으면 좋겠습니다.,
66,14,1,"세미나룸 이용했는데 환경도 쾌적하고 좋았습니다! 다만 아쉬운 점은 세미나룸 이용시 인원에 대한 기준치가 있는데 인원이 부족하면 벌금을 물더라구요. 벌금제도를 무는 것에 대해 예약시 주의 사항란에 명시해 두었으면 좋겠습니다. 벌금제도와 관련한 것만 없더라구요ㅠㅠ가장 중요한 부분인데.. 인당, 시간당 얼마인지 정확히 벌금에 대해 예약 전 미리 명시해두면 정말 좋을것같아요~!",
67,21,1,이용 관련 문의 드립니다. 예약은 반드시 2주전에 해야하는건가요? 2일 후 예약 가능 자리가 있어서 예약 신청하였는데 해당 주의사항을 예약 후에 보게 되어 문의 드립니다.,
68,21,1,남들은 자소서 첨삭을 받고 있는데 정작 내가 어떤 일을 하고싶은지도 모르겠더라구요. 분명 경험과 스펙은 많이 쌓았는데 정작 어디로 취업해야할 지 도저히 답이 안나와 스스로도 답답했는데 서울시 일자리카페 프로그램을 알게되어 1:1 진로상담을 신청했습니다. 말씀드리기도 부끄러웠지만 선생님께서 정말정말 처음부터 끝까지 너무 잘 들어주시고 친절하게 조언해주셔서 그 방향으로 준비 중입니다. 정말 감사합니다!,
69,21,1,안녕하세요 면접준비로 스터디원들이랑 장소를 구하고자 스터디룸을 예약하려고 들어왔는데 내년까지도 계속 예약불가라고 되어있어서 다른 방식으로 스터디룸을 예약해야하는지 알고싶습니다.,
70,21,1,"금액을 지불하고 이용했었는데 화장실의 개선이 필요하다고 생각합니다. 옆에 카페랑 공용으로 사용해서 그런지 가는길부터 화장실 내부까지 거미줄과 불청결한 점 때문에 재방문 의사가 사라집니다,,,",
71,21,1,"안녕하세요. 루키즈캠퍼스 재키, 샐리 컨설턴트님께 감사의 말씀을 전하고자 남깁니다. 어제 최종합격 했다는 소식을 들었습니다. 면접때 컨설턴트님들께서 계속 물어보시고, 생각할 거리를 던져주셨던 지원동기 관련 질문을 3번이나 받았습니다. 당연한 것이라고 생각해 철저히 준비하지 않았었는데, 사소한 부분까지 계속 피드백주시고 마지막까지 연습시켜주셔서 합격한 것 같습니다. 진심으로 감사드립니다!",
72,21,1,"루키즈 캠퍼스의 면접관련 컨설팅을 지금까지 3번 참여하였습니다. 20분이라는 짧은 시간에도 불구하고, 제가 부족한 부분들을 정확히 짚어주시고 어떻게 개선하면 좋을지에 대해 구체적인 피드백을 주셔서 정말 많은 도움이 되었습니다. 수정을 거듭한 결과 면접답안이 훨씬 깔끔하게 정리된 것 같습니다. 진심으로 감사드립니다!",
73,21,1,루키즈 캠퍼스 재키 컨설턴트님의 외국계 기업 취업전략 & 영문이력서 작성법 강의를 들었습니다. 이력서 작성 팁과 역량 어필 방법을 배울 수 있었고 각자의 상황에 맞는 조언을 해주셨습니다. 또한 궁금한 것 하나하나 자세히 알려주셔서 앞으로의 준비 방향을 알 수 있어 좋았습니다.,
74,21,1,예약이 안되네요,
75,22,0,친절해요,
76,22,1,6월 2일이나 3일 정도에 청년을 위한 공간에서 캠페인 활동을 진행해야 하는데 잠시 1-2시간 정도 캠페인 활동을 할 수 있게끔 양해를 구하고 캠페인 활동을 진행을 하고 싶은데 문의는 전화로 드리면 될까요?,
77,22,1,스터디룸 예약 취소하려고 하는데 어떻게 해야하나요? 찾아도 안 보이네요..ㅠ,
78,22,1,안녕하세요. 12월은 아직 예약 불가한가요? 언제 가능한가요?,
79,22,1,여긴 전화를 안받네요 휴관여부 공지라도 해주셔야되는거 아닙니까...,
80,22,1,전화받는분 불친절합니다,
81,22,1,이용시간 12~15시/15시~18시만 가능하다고 합니다. 저 시간 아니면 예약이 불가하니 취소하라는 연락을 이틀 전에 받았습니다. 이럴거면 담당자가 예약 확인하는 과정은 왜 있는건지...,
82,22,1,"현재 스터디룸 이용하고 있는 학생입니다. 공간도 넓어서 공부하기 좋은 환경이고, 최근에는 워터초크 칠판을 설치해서 매우 유용하게 사용하고 있습니다. 감사합니다 ㅎㅎ",
83,22,1,"취업상담 알아보다 취업관련 프로그램을 알게 되어 사랑밭청년센터를 이용하게 되었습니다. 취업으로 걱정이 많았는데 상담사분께서 이력서, 면접 등 전반적으로 꼼꼼히 잘 설명해주시고 지도해주셔서 매우 도움이 되었습니다. 격려도 해주시고^^ 센터에 계시는 담당자분들도 매우 친절하시구 ^^ 시설도 분위기도 매우 좋습니다. 집 가까운 곳에 청년을 위한 공간있어 너무 좋네요 ㅎ 감사해요. 뿅~~!",
84,22,1,시원하고 아늑한 느낌이였고 조용조용하니 분위기가 너무 맘에 들었습니다. ^-^ 키오스크도 있고~ 다 갖춰져 있네요 ㅎㅎ 상담쌤도 친절하시고 꼼꼼히 봐주셔서 넘 좋네용 ㅎㅎㅎㅎ,
85,22,1,룸도 넓고 개별방 에어컨도 있고 좋았어요!,
86,24,0,"돌체라떼 3,000원 구입(500원 할인 받음)
📣kb페이 결제 or kb스타뱅크 가입(청춘마루 회원)이면 500원 할인 가능해요!

저렴하고 맛있는 음료 가격에 보드게임까지 즐길 수 있음!! 각종 이벤트도 상시 진행 중~~",
87,24,0,"홍대입구 부근에 이런 멋진 공간이 있다니! 깔끔, 귀여움, 도심 속 쉼의 공간... 앞으로도 자주 이용하게 될 것 같네요.",
88,24,0,이런 곳을 무료로 이용할 수 있다니 너무 좋아요~~당장 프사 바꿔야겠네용ㅎㅎ,
89,24,0,"직원분 친절하시고, 스튜디오 깔끔!
딸 사진 이쁘게 잘 찍었어요! 강추!
많이 찍었는데, 제가 고른 한컷 리뷰에 올려요♡

소품으로 모자, 안경, 꽃, 1인의자, 2~3인용 의자 있습니다!
무료라니! 정말 대박이죠?

배경도 여러가지 있던데, 깔끔하게 찍고싶어서 변경 안했어요.
직원분께 요청하면 가능한걸로 알아요!",
90,24,0,쉬다가기 좋아요 저렴하고요!,
91,24,0,"같은 시간에 세미나실을 사용하던 다른 팀이 시끄러워서 아쉬웠지만, 깔끔한 공간에서 독서모임을 진행하기에 너무 좋았습니다! 또 이용할 것 같아요.",
92,26,0,"전화 응대부터 불친절, 질문하기도 전에 저희가 하는거 아닌데여, 여기에 물어봐도 몰라요 시전 ㅋㅋㅋ 괜히 기분나빠지지 않길바라는 마음에 글씁니다^^ 좋은 세상에서 살아요 우리, 전화응대자분 뺴고요",
93,26,0,친절하고 좋아요 감사합니다.,
94,36,1,도착하니 예약 동시간대에 특강이 이미 진행중이라 특강하는곳 구석 빈자리에 하라고 하더군요. 2층에 공간이 있지 않냐고 하니까 2층 스터디룸은 예약자들의 사용이 험해서 막아놨다고 합니다. 게다가 1층은 전체공간이 협소하고 시끄러워 도저히 이용이 불가능할 것 같아서 결국 스터디를 허탕치고 왔습니다. 차라리 동시간대에 특강이 있으면 예약을 막아놓았으면 합니다.,
95,37,1,"6/5 입사서류 클리닉을 받으러 방문하였는데, 카페에 일하고 계신 분들께서 친절한 응대와 일자리카페 전용 공간을 안내 해 주셔서 처음 방문이었는데도 어려움 없이 프로그램 서비스를 받을 수 있었습니다. 감사합니다!!",
96,37,1,안녕하세요! 스터디룸 예약이 11월에 예약불가인 회색칸으로 가득해서 문의 남깁니다. 현재도 스터디룸은 운영하지 않고 있나요?? *오늘도 좋은 하루되시길 바랍니다:)*,
97,51,1,전문성 있는 컨설팅으로 부족한 부분을 알게 되어서 좋았습니다.,
98,51,1,양천도서관 옆 사경센터 3층에 있어서 처음에 찾을땐 어려웠지만 넓고 쾌적해서 이용하기 편리합니다.,
99,53,1,선생님 덕분에 원하는 곳으로 이직합니다. 합격 연락받구 신체검사까지 받았습니다. 이제 7일 출근하기전에 송도쪽 집 알아보는 중입니다. 감사합니다 :),
100,53,1,"저는 약 2주전에 이력서 첨삭을 받았어요. 상담사분이 나이있으신 여성분인데, 요즘 취업시장이나 기업 직무에 대해 저보다 모르시는 것 같았어요.맞춤법(..)위주로 거의 봐주시더라구요. 학생이라고 은근슬쩍 말 놓으시고, 압박면접처럼 좀 말꼬리 잡으시고.. 기분 나쁜 말투로 하시더라구요. 처음 봤는데 왜 그러시지? 싶었어요. 차라리 현직자 분께 첨삭을 받으시거나, 4년제 대학생이시면 학교 취업센터 도움 받으세요. 제발.",
101,53,1,저 여기서 두차례 무료 영어취업수업 들었었는데요. 정말 도움 많이 받고 얼마되지 않았지만 현재 취업해서 즐거운 직장생활을 하고 있습니다! 면접준비도 잘 되었구 무료 음료까지 제공해 주셔서 감동백배! 더군다나 수업 시에 면접 전화가 왔다고 이야기 하니까 모두 박수쳐주시면서 힘내라고 응원해 주시고... 아.. 정말 눈물이...(잠깐 닦고 갈게요) 이런 좋은 수업 개최해 주셔서 정말 감사드려요ㅠ,
102,53,1,"	좋아요",
103,53,1,예약했는데.. 어떤 안내도없이 예약취소되었다고 문자가오네요.. 참으로 불친절..,
104,59,1,지금 예약가능한 날이 하나도 없는데 혹시 예약은 매주 무슨요일에 열리나요?,
105,59,1,취소기준이 뭔가요?설명도 없이 예약하면 그냥 취소인가요?,
106,59,1,승인이 왜 안나나요?,
107,59,1,"여기 분명 무료라고 해서 예약하고 갔습니다. 예약 되었다고 문자도 받았었구요... 근데 제가 좀 늦어서 먼저간분들이 확인해보니, 당일날 예약 안되어 있다고 했고, 요금도 지불 했습니다. 이번주에 다시가서 제가 얘기하니까 잘못계산된거라고 하더군요. 다시 안갔으면 몰랐을것 같네요. 서울시 일자리 카페라고 이름달고 하시면서 너무 안일하게 운영하시는거 아닌가요??",
108,59,1,"	안녕하세요 날짜 예약이 안 되는데요, 혹시 코로나 때문에 운영 안 하시는 건가요??",
109,59,1,"	안녕하세요, 11월달에 예약을 하고 싶은데 날짜 예약이 안되네요ㅠㅠ 혹시 코로나 때문에 이번 달에는 운영을 안하시나요?",
110,59,1,12월에는 예약이 불가능한가요?,
111,59,1,"안녕하세요, 12월 예약하고 싶은데 아직 예약이 안되는거같아요. 언제쯤 가능할까요 ?",
112,59,1,안녕하세요 혹시 4월 예약은 불가능한걸까요?,
113,59,1,지금 예약은 안되나봐요..?,
114,59,1,8월 예약 다 찬 건가요?,
115,59,1,지금예약불가한가요?,
116,59,1,"	5월은 예약이 불가능한걸까요?",
117,59,0,사장님이신지 알바인지는 모르겠는데 친절하시고 민트차가 좋았어요,
118,59,0,시간을 오버해서 써야 했는데 시간 조정 잘 해주시고 공간도 쾌적해서 좋았습니다.,
119,59,0,굿 저렴해요!,
120,59,0,깔끔하고 쾌적해요 근데 좀 춥네요,
121,59,0,깔끔하고 친절해요! 완전!,
122,59,0,"실습을 위해서 공간대여를 했는데요.
지하인데도 조용하고 분위기 좋고 괜찮았습니다.
종로에서 모임이 있게 되면 여기를 찾을께요^^",
123,59,0,지하2층이라 지하철 지나갈때 울림이.... 그리고 스터디룸 벽이 유리라서 카페소음 다 들려요ㅠㅠ 그것빼곤 쾌적하고 있을거다 있고 가격도 저렴하고 그래서 두번 갔습니당,
124,59,0,굿,
125,59,0,공간도 넉넉하고 방도 많아서 모임 잘 가졌습니다. 커피랑 같이 먹을 빵이나 쿠키 같은 것이 많았으면 더 좋았을텐데 쪼금 아쉬웠어요,
126,59,0,굿,
127,59,0,"혼자 조용하게 노트북작업을 하거나 회의나 모임때도 완전 좋습니다~
스터디룸 가격 너무 착하고 음료도 좋구요
강추합니다!",
128,59,0,"서울역회의식 2시간 4.5 인데
클라이언트와 미팅을 저렴하게 잘했어요
부장님들 이런 곳도 있냐며 신기해하셨음 ㅋㅋㅋ
다음에 또 이용 의사 58000%",
129,59,0,좋아욤,
130,59,0,공간 좋아요! 지하임에도 쾌적하고 방음 잘되고요!!굿,
131,59,0,관리가 잘 되어있어 깨끗합니다. 조용한 곳에서 스터디하거나 면접보실 분들께 강력하게 추천드려요~,
132,59,0,"깨끗하고 조용하고 좋았어요.
다음 모임도 예약할 생각입니다.",
133,59,0,"너무 좋았어요! 역이랑도 가깝고, 시설도 좋았어용
빔프가 좀 흐리게 보인다고 사장님께서 친절히 대형 티비도 갖다주셨습니다 ㅎㅎ
화장실도 깨끗하고 ㅡ, 정수기도 있고, 개별 냉난방 되고 책산, 공간 너비 등 대체로 모두 만족스러웠습니다~!
20인실 3시간 9만원에 대여했는데 12명이 쓰기에 넉넉한 공간이었어요 ㅎㅎ 추천합니다",
134,59,0,"넓찍하고
프라이빗하게 사용하기 좋아요",
135,59,0,저렴하고 좋네요 ㅎㅎ,
136,59,0,직원분 친절하시고 분위기 좋아요. 감각적인 인테리어도 굳!,
137,59,0,깔끔하고 넓어서 좋음,
138,59,0,굿,
139,59,0,깔끔하고 좋아요,
140,59,0,공간 조용하고 깨긋하고 좋아요 위치도 굿,
141,59,0,굿,
142,59,0,자주 이용하는데 넘 좋습니다,
143,59,0,깔끔하고 안정감 있는 분위기. 차분한 논의하기 좋은 공간이었어요.,
144,59,0,"친절하게 안내해주셨어요.
공간도 깔끔하고 모여서 작업하기도 좋은 곳이에요.
종로 근처 스터디카페로 추천합니다.",
145,59,0,ㄱ,
146,59,0,굿,
147,59,0,시간도.공간도 시설도 여유로울수 있어서 좋았습니다.,
148,59,0,조용하고 깔끔하고 스터디모임하기 너무 좋아요. 또 이용하겠습니다~,
149,59,0,깔끔하고 좋아요~,
150,59,0,아이좋아 최고~,
151,59,0,"종로3가역이라 교통의 요충지여서 모이기 좋은 위치입니다. 내부 시설 괜찮고, 외부음식 반입은 안되지만, 카페가 있어 주문해서 마실 수 있고, 정수기 물도 마실 수 있어요. 구비된 컴퓨터와 모니터로 따로 노트북 안가지고 가도 되어서 좋습니다.",
152,59,0,서울 중심가라 대중교통 이용해서 오기도 좋고 장소도 쾌적해서 매월 독서모임 하고 있어요,
153,59,0,주말에 고객님과 세무상담 하느라 2시간 이용했는데 쾌적했습니다. 다음에 또 이용할 것 같아요. 번창하세요~^^,
154,59,0,깨끗하고 단체 스터디하기 좋아요. 다만 옆방에서 머하는지 보이는 투명문 구조입니다~,
155,59,0,"모임하기에는 이만한 곳이 없는 듯 합니다.
가성비도 좋네요~",
156,59,0,카페 + 스터디룸 구조의 카페에요 사장님이 친절하시고 모임이나 스터디 하기 좋은 실내 구성입니다,
157,59,0,조용하고 깔끔했습니다,
158,59,0,두번째 사용 이었습니다. 사용 할때마다 만족하고 있습니다. 다음에 또 이용 하겠습니다.,
159,59,0,"방음이 안 되네요... 옆방소리, 까페소리 다들려요ㅠㅠ 조용한 곳 찾으신다면 비추... 카공족은 여기 추천합니다. 가격도 저렴하고 나머지는 편리하고 좋아요.",
160,59,0,굿굿,
161,59,0,깔끔하고 좋았어요. 또 올 것 같아요. 직원 분 친절하세요.,
162,59,0,"화상면접 봐야하는데 집으로 갈 시간이 되지 않아서 급하게 빌렸는데 좋았어요!
공부할 때도 정말 좋을 거 같았답니다.
개인적으로 조용히 쉬고 싶을 때나 컴퓨터로 뭔가 보고 싶을 때 이렇게 같이 방 빌려도 좋을 거 같아요ㅎㅎ!",
163,59,0,친절하고 스터디룸이 잘되어있어요,
164,59,0,정말 좋습니다!,
165,59,0,깔끔하고 가격도 저렴해서 너무 좋아요!,
166,59,0,직원분 친철합니다. 룸이 쾌적하고 와이파이 잘 됩니다. 난방도 잘 됩니다. 역에서도 걸어서 금방이라 자주 이용할게요.,
167,59,0,친절하시고 쾌적하고 넓고 모두 좋습니다.,
168,59,0,공간도 넓고 항상 만족하고 있습니다.,
169,59,0,깔끔하고 좋아요,
170,59,0,쪼아요쪼아요,
171,59,0,친절하시구 시설도 괜찮아요!!,
172,59,0,"P가오나
Noon이오나
Tal려갑니다",
173,59,0,조용하고 깨끗하고 사장님이 상주하시면서 관리해주시니 좋아요.,
174,59,0,엄청 깨끗하고 쾌적해서 좋았습니다!!,
175,59,0,너무 좋아요...♡,
176,59,0,"시설 만족스럽고,노트북 젠더도 챙겨 주셔서 잘 사용하였습니다. 친절한 응대 해 주어 다음에도 꼭 이용하겠습니다.",
177,59,0,단골 돼버렸어요 스터디 장소로 굿,
178,59,0,지하철이 옆으로 지나가는 듯 진동과 소리가 좀 들려요. 하지만 가격이 너무나 합리적이라 전 또 방문할겁니다 ㅎㅎㅎㅎ,
179,59,0,"만족스럽게 스터디하고 잘 이용했습니다.
다음에도 이용 예정입니다",
180,59,0,Love this place. always the best!,
181,59,0,최고요~!!!,
182,59,0,조용하고 저렴하고 시설도 좋았어요.,
183,59,0,원래 주변에 다른 스터디카페 이용하다 어제 처음 갔었는데 장소 넓고 또 관리하시는 매니저님 친절하셔서 쾌적하게 잘 사용하다 갔습니다 다음에도 또 이용할 예정입니다 ^^,
184,59,0,친절하시고 저는 장소가 너무 마음에 들었어요^^,
185,59,0,친절해요,
186,59,0,good,
187,59,0,다 좋은데.. 마지막 타임은 건물 문 닫는 시간과 맞물려 있어서 시간을 다 사용할수가 없네요. 아쉽습니다.,
188,59,0,프로젝트 모임 때문에 예약했는데 가격도 저렴하고 조용하고 좋습니다.,
189,59,0,괜찮아요,
190,59,0,조아요,
191,59,0,회의하기 좋아요,
192,59,0,직원분 친절하구 넓고 깨끗하고 무엇보다 저렴!,
193,59,0,좋아요,
194,59,0,서울에서 회의할 수 있는 공간을 저렴하게 대여해서 좋아요!,
195,59,0,"가성비도 좋고 깨끗하고 좋습니다.
또,예약했네요.",
196,59,0,근처에 비교적 저렴하게 모임할 수 있어 좋아요,
197,59,0,바닐라 라떼 맛있어요~~,
198,59,0,바닐라 라떼 맛있어요 스터디카페 이용하기 편해요,
199,59,0,"회를 위해 사용했는데 시끄럽지 않고 화이트보드와,
PPT사용 가능한 시설도 좋습니다. 가성비 좋아서 다시 올 겁니다~^^",
200,59,0,좋아요,
201,59,0,깨끗하고 에어컨도 맘대로 켤 수 있어서 좋아요,
202,59,0,좋습니다^^,
203,59,0,넓고 깔끔했고 사장님이 친절했음. 다음주에 또 이용할 예정,
204,59,0,"위치도 좋고 시설도 넓고 쾌적해요
사장님도 친절하시구요 :)
자주 방문했었는데 오랜만에 가도 좋네요",
205,59,0,항상 잘 이용하고 갑니다 ㅎㅎ,
206,59,0,자주 이용하는 곳이에요~ 버스정류장에서 1분거리ㅎㅎ 너무 편하고 시설도 좋고 쾌적해요,
207,59,0,좋습니다. 좋아요,
208,59,0,친절하게 안내해주시고 깔끔해서 좋아요,
209,59,0,장소도 찾기 쉬운 곳에 있고 시설도 생각한 것보다 아주 만족스러웠어요. 나중에도 또 이용할 생각입니다!,
210,59,0,친절하십니다,
211,59,0,조용하고 좋아요’!!,
212,59,0,깨끗해서 취업 준비 하기 좋았습니다~ 다음에 또 방문하고 싶어요,
213,59,0,굿,
214,59,0,너무 친절하며 깨긋한 공간입니다!!,
215,59,0,조용하고....친절해요…,
216,59,0,종이컵이 한모금 마시는 그 얇은 종이컵밖에 없어서 물을 따로 사가야하는게 아쉬워요,
217,59,0,굿,
218,59,0,"사장님 정말 친절하시고, 랩실 이용하기에 편안한 분위기였습니다^^",
219,59,0,"깔끔하고 좋아요-!
음료도 카페보다 저렴하더라구요
시설 좋아요",
220,59,0,조용하고 좋아요,
221,59,0,가격 싸고 깔끔합니다 사장님도 친절하셔서 좋아요,
222,59,0,조용하고 붐비지않아 좋았습니다. 간단히 컨퍼런스콜 을 진행하거나 조 모임을 진행하기에 적합했습니다.,
223,59,0,가격싸고 시설도 좋고 사장님착하셔요,
224,59,0,좋아요....,
225,59,0,항상 애용하는곳입니다 맘에들어요 깔끔하고,
226,59,0,직원분이 친절하시고 깔끔하고 조용하고 좋았습니다 :),
227,59,0,좋아요...,
228,59,0,스터디 진행하기좋고 깔끔합니다 애용중,
229,59,0,직원분이 친절하시고 깔끔하고 조용하고 좋았습니다 :),
230,59,0,조용하고 좋았습니다.....,
231,59,0,조용하고.. 친절하셨어요.,
232,59,0,굿,
233,59,0,사장님이 정말 친절하셔요!,
234,59,0,굿,
235,59,0,좋아요,
236,59,0,보통,
237,59,0,보통,
238,59,0,만족해요 깔끔해요,
239,59,0,조용하고 피피티 장비가 되어있어서 발표연습하기에는 좋아요!! 알바분도 친절하셨습니다,
240,59,0,굳,
241,59,0,좋아요!! 음료는 이제 룸비에 포함되어 있지 않아요! 돈주고 다 사먹어야 해요,
242,59,0,스터디하기 좋은 곳이에요,
243,59,0,직원분 친절해요,
244,59,0,굳,
245,59,0,스터디하기 좋아요,
246,59,0,넓고 좋아요,
247,59,0,좋아요,
248,59,0,6천원에 음료 3천원이하 종일권에 자주 이용합니다 ㅎㅎ,
249,59,0,스터디 카페였는데 좋았어요 자리도 넓고 쾌적하고!,
250,62,1,혹시 2인은 스터디룸 공간예약 신청 불가능할까요?,
251,62,1,안녕하세요. 스터디룸 예약하려고 했는데 다 회색칸(예약불가)로 뜹니다. 현재 코로나로 스터디룸 이용 불가일까요?,
252,62,1,안녕하세요. 스터디룸 예약 코로나로 인해 불가한 상황인가요?,
253,64,1,여기 관리해주시는 관리자분께서 철저하게 잘 관리해주시는것같아서 좋았습니다. 상당히 친절하시고요 ㅜ 장소도 좋고 흠잡을데가 없네요 ㅜ감사합니다.,
254,64,1,예약시간을 바꾸려고 하는데 취소/변경을 어떻게 해야하는지 알 수 없네요. 안내 문구대로 개인서비스 > 일자리카페에 가보았는데도 어떻게 해야하는지 정보가 없어요. 인터넷 취소/변경을 좀 더 편하게 할 수 있도록 개선해주세요.,
255,64,1,혹시 책쓰기 프로그램은 없는지요. 매니져님께 관련 프로그램이 생겼으면 하고 제안 드립니다.,
256,64,1,요새 사람이 많아져서 그런지 와이파이가 많이 느려졌어요.. 개선되면 더욱 열심히 취업 준비 할 수 있을 것 같아요!,
257,64,1,시설도 좋고 만족합니다! 다만 와이파이가 하나밖에 없는데 많은 사람이 이용해서 너무 느리거나 자주 끊깁니다. 보완해주시면 감사하겠습니다^_^,
258,64,1,"난방이 쎄서 그룹스터디룸은 너무 덥고 건조해요. 겨울이라 추울까봐 난방 잘 켜주시는건 정말 감사하지만, 조금만 난방 줄여주셨으면 좋겠어요ㅠㅠ",
259,64,1,팀플 때문에 스터디룸 한번 빌려봤는데 방음이 굉장히 잘돼있네요~ 앞으로도 자주 이용할 것 같습니다ㅎㅎ,
260,64,1,┌담당자님 신경써주셔서 감사합니다.,
261,64,1,너무너무 추워요 ㅜㅜ 겉옷을 입고 있어도 손이 너무 시렵습니다. 아래 댓글에서도 춥다는 말씀 하셨는데 정말 추워요...,
262,64,1,스터디룸도 그렇고 홀도 그렇고 너무 춥습니다... 직원분들께 말씀 드려도 중앙난방이라는 말만 반복하시네요ㅜㅜ 너무 추워서 겉옷도 못벗고 앉아있어요.. 앞으로 더 추워질텐데 난방좀 제대로 해주세요,
263,64,1,요즘 일자리센터 문을 아주 활짝 열어놓고 운영하는 경우가 많은데 한화 직원분들 이동하는 소음 + 다른 소음이 이곳에서 공부하는 취준생에게 방해가 되는 거 같습니다. 문을 닫고 운영하는것도 좋은거 같습니다. 한번만 더 신경쓰셔서 해주시면 감사합니다.,
264,64,1,"화상면접에 적당한 스터디룸을 예약해야하는데 맞는 곳을 찾을 수 없어 당황하던 차에, 서울시 청년 일자리 센터로 전화 드렸더니 담당자 분께서 너무 친절하게 도와주셨습니다. 감사합니다.",
265,64,1,보내주셔서 더 수월하게 작성할 수 있었습니다. 면접컨설팅에서는 함께 고민해주시며 질문의 의도를 알려주시며 피해야할 답변과 좋은 답변을 알려주셔서 큰 도움이 되었습니다. 2번의 컨설팅 이후에 저는 한 번에 취업될 수 있었습니다. 결론적으론 상담사님의 도움이 정말 컸고 무료로 맞춤 1:1컨설팅을 제한 없이 들을 수 있어서 좋았습니다. 많은 분들이 이런 좋은 기회를 통해 모두 저처럼 한 번에 취업하셨으면 좋겠습니다!!,
266,64,1,"김미연 상담사님께 자기소개서컨설팅, 면접컨설팅 총 2번의 컨설팅을 진행했습니다. 처음엔 막막했지만 함께 고민해주시고 자소서 각 항목에서 어필해야할 부분, 적절한 고급스러운 어휘 등을 설명해주셨습니다. 또한, 지원할 회사가 원하는 인재상에 맞춰 자연스럽게 이야기 하는 와중에 소재를 이끌어 내주셨습니다. 혼자 자소서 작성 후 피드백도 따로 해주셨는데 그 과정에서 가지고 계신 샘플 양식과 작성된 자소서를",
267,64,1,그룹 스터디 룸이 더 많아져서 많은 사람들이 이용했으면 좋겠습니다. 자리잡기 너무 힘들어요. 잘 안쓰는 개인스터디룸 줄이고 그룹스터디룸을 늘려주세요.,
268,64,1,그룹 스터디룸은 오후 6시 이후에 에어컨이 전혀 나오지 않아서 매우. 심하게. 덥습니다. 작은 선풍기를 가져와서 틀어놓고 룸의 문을 열어놔도 환풍기조차 돌지 않아서 매우 답답하고 덥습니다.,
269,64,1,"이때까지 혼자서 면접준비를 하였는데 지인의 소개로 서울시청년일자리센터를 알게되어 부산에서 올라와 3일동안 현희정 선생님께 많은걸 배웠습니다. 면접자세, 면접질문에대한 접근방법, 가장 적합한 단어 선택등 많은 면접 스킬에대해 배울수 있었으며, 무엇보다도 선생님의 열정이 너무 좋았습니다. 덕분에 공기업 면접 잘보고 발표 기다리기 있습니다. 너무 감사드립니다.",
270,64,1,청년 일자리... 39세이하만리 스터디 개인룸을 쓸 수 있다니 너무 제약적이네요,
271,64,1,프로그램 신청하는 시스템이 굉장히 번거롭습니다. 한꺼번에 마음에 드는 여러개 신청 할 수 있는것이 아닌 한개씩 일일이 페이지 다시 열어야 되는데 이는 비효율적인 행정입니다. 시정되면 좋겠습니다.,
272,64,1,"스터디룸의 스탠드 혹은 조명이 너무 어둡다고 생각이 듭니다. 2시간 생각하고 갔는데, 눈이 아파 30분도 안되서 나왔습니다.",
273,64,1,"1인 스터디룸의 경우 조명이 의자 뒤에 있어서 역광이에요. 책 보는데 책 위로 그림자가 집니다 ㅠㅠ... 독립된 공간이어서 좋긴 한데, 눈이 불편하네요.",
274,64,1,"목적성이 확실히 있었으면 좋겠습니다. 어떨때는 강의를 해서 시끄럽게 하고, 어떨때는 취업박람회 있다며 이용못하게 하고...공부하기 불편한 장소가 되었네요. 그리고 해당 장소에 노숙자나 외국인들이 너무 많습니다. 와이파이도 너무 느립니다. 위 사항들 개선 부탁드립니다. 스터디 모집공고 같은거 올리게 했으면 좋겠습니다. 시설에 있는 게시판, 사물함 등이 활용되지 않아서 아쉽습니다.",
275,64,1,제가 다른 이메일을 기재한 걸로 착각해서 사진 확인을 못했습니다. 정말 죄송합니다. 조금 전에 담당자 분께 연락받고 수신함에서 이력서 사진 파일 확인했습니다. 덕분에 신속하게 문제 해결했습니다. 감사합니다!,
276,64,1,지난 2월 22일에 일자리카페에서 찍은 이력서 사진 파일 이메일로 보내주신다고 하셨는데 아직도 못 받았어요 ㅠㅠ 언제쯤 받아볼 수 있을까요...?,
277,64,1,신경써주셔서 감사합니다 담당자님! 앞으로 이용시에 또 같은 문제가 발생하면 알려주신 번호로 연락드리겠습니다. 감사합니다!,
278,64,1,노트북으로 인터넷 접속시 'PC 추가단말 서비스' 안내 페이지가 자주 뜨는데 해결할 방법이 없을까요~? PC변경 버튼을 눌러도 해결되지 않아 인터넷 접속이 힘든 때가 많네요 TㅅT,
279,64,1,"복사를 하고 싶은 경우, 일자리카페 내에서 할 수 있는 방안이 있나요?",
280,64,1,센터내 난방이 중앙난방으로 가동되고 있으나 일부 중앙에서 전체 건물온도를 조절해주고 계시기도하니....이점 참고해 주세요~~~ 감사합니다.,
281,64,1,시설이 좋아 자주 이용하고 있습니다 하지만 겨울철인데 난방 사용을 잘 하지 않는거같아 전체적으로 엄청 추위를 떨며 공부합니다 난방 가동률좀 높여주세요,
282,64,1,"담당자님 스터디룸에서는 와이파이가 잘 안잡히는데, 이유가 뭔지 확인해주실 수 있나요? 핸드폰은 데이터를 쓰면 되는데 노트북은 와이파이가 잘 안돼서 불편하네요ㅜㅜ",
283,64,1,혹시 1인 스터디룸 앞에있는 오픈된 탁자에서 언제든지 공부할 수 있나요?,
284,64,1,"안녕하세요, 담당자님! 그룹스터디룸2가 3에 비해 환풍기의 소음이 월등히 크며, 히터도 과해 너무 건조해져서 후기 남깁니다. 이 부분 개선되었으면 좋겠어요 :)",
285,64,1,"스터디그룹 멘토링 후기 올려주신 김**님, 저희 프로그램에 만족하셨다니 저희도 매우 기쁘고 감사드립니다. 취업에 심층적인 도움을 받으시어 멘토링 그룹 전원이 원하시는 기업에 반드시 취업성공되시길 간절히 바라겠습니다. 감사합니다~",
286,64,1,"환풍기관련 문의주신 김**님, 서울시일자리카페입니다. 저희 일자리카페를 이용하시는데 불편을 드려 매우 죄송합니다. 환풍기 소음때문에 저희도 매우 염려중이어 시설담당자가 환풍기 교체 또는 수리 등의 대안을 마련중에 있습니다. 그리하여 새로운 대책이 세워지기 전까지는 환풍기 전원을 차단하여 우선 소음방지를 할 예정입니다. 양해해 주시길 부탁드립니다. 이용해 주심에 감사드립니다~",
287,64,1,"안녕하세요. 일자리센터 항상 잘 이용하고 있습니다! 다 좋지만, 아쉬운 점 하나만 말씀드리면, '노쇼'에 대해 엄격하게 관리해주셨음 합니다. 체크는 하시는데, 패널티는 없는 것 같아요. 예약에 실패할 때가 많은데, 같은 시간에 그룹스터디룸을 보면 비어있는 경우도 꽤 되더라구요. 이런 부분만 개선된다면 훨씬 더더 좋을 것 같아요.",
288,64,1,"현재 2인스터디룸과 그룹 스터디룸 몇개의 7월 예약이 시스템적으로 아예 막혀있는것 같은데 전산 오류인지, 센터 행사때문인지 잘 모르겠네요 확인 부탁 드립니다.",
289,64,1,어플리케이션 스터디룸 예약방식이 매우 비효율적입다. 몇년째 개선되지 않네요. 고안자나 담당관계자 분들이 단 한번도 이 어플 예약 시스템을 사용해본 적이 없는것 같아요. 날짜 - 스터디룸 넘버- 시간대 순서로 지정할 수 있도록 수정 바랍니다. 스터디룸 넘버 - 날짜 - 시간대 순으로 지정해야 하는 현 시스템은 이용자들이 원하는 시간대에 남은 빈 스터디룸을 검색하고자 할때 매우 번거롭고 불편합니다.,
290,64,1,7월 1일 청년일자리센터에서 스터디 그룹 멘토링을 받았습니다. 자율적으로 스터디를 구성해서 한달정도 진행하고 있었는데 방향이 잘 잡히지 않아 스터디그룹 멘토링을 신청습니다. 일자리포털에서 공고 보자마자 신청했는데 연락도 금방 오고 스케줄도 빨리 잡아주셔서 좋았습니다. 멘토님이 스터디원 개별적으로 상담을 해주셨고 앞으로 스터디에서 가야할 방향을 명확하게 설정해주셔서 모든 스터디원들이 만족했습니다.,
291,64,1,스터디룸 이용자입니다. 스터디룸1 천장에 달린 환풍기 소리가 소음공해 수준으로 너무 큰데 조치 취해주셨으면 좋겠습니다.,
292,64,1,5월25일 6시-9시까지 스터디룸 예약해서 사용하고 있었는데 7시 40분경에 26일 행사준비한다고 다짜고짜 나오란 소리를 들었습니다. 미안하다 양해바란다 소리 한마디도 없이요. 무슨 권리로 타인의 시간을 짓밟으시는지 모르겠지만요 무척 무례하게 내쫓으신것같습니다. 이렇게 갑작스럽게 내쫓으실거면 처음부터 이날은 예약을 받지 마시거나 예약할때 얘기를 해주셨으면 좋겠습니다.,
293,64,1,이력서 클리닉을 받았는데 상담사 분이 너무 전문성이 없어 보였습니다. 관련 분야에 지식이 있으신 분으로 배정해주셨으면 좋겠고 취업준비를 하는 입장에서는 도움을 받는 입장이니 상담사분이 불쾌한 이야기를 하셔도 그냥 듣고 있을 수 밖에 없는 입장입니다. 본인이 도와주는 입장이고 신청자가 도움을 원하는 입장이라고 해서 갑질하지 않으셨으면 합니다.,
294,64,1,그룹스터디룸을 예약하려고 했는데 4월 중 대부분이 이미 예약되어있는 것 같습니다. 다음 5월 그룹스터디룸 예약은 언제부터 가능한 건가요? 5월 1일 00시부터 가능한 건가요?,
295,64,1,안녕하세요 금주 토요일에 스터디룸 예약을 하려하는데 전부 예약불가네요. 혹시 예약이 다 찬건가요? 아니면 문을 열지 않는다던가.. 평상 공간에서라도 공부를 하고 싶은데 가능한지 문의드립니다. 감사합니다.,
296,64,1,"예약했다가 급한일이 생겨 취소하려고 하는데 취소가 안되네요. 당일 취소가 안되는건지, 아님 시스템 오류인건지 모르겠습니다. ""개인서비스""-> ""일자리카페""로 들어가도 그어디에서도 예약 취소 버튼을 찾을수가 없습니다.",
297,64,1,스터디룸 예약 취소 방법을 알려주실 수 있으신지요. 4인 이상 스터디룸 아니라 2인으로 다시 신청하려고 합니다.,
298,64,1,카페에서 프린트 가능한가요?,
299,64,1,안녕하세요. 위 사진에 룸이 아닌 탁 트인 공간은 따로 예약하는 창이 없는데 예약없이 언제나 사용가능한건가요?? 사용조건이나 주의사항 상세하게 알려주시면 감사하겠습니다!!,
300,64,1,"안녕하세요. 궁금한 게 있어 글 남깁니다! 다목적 홀이라고 불리는 긴 테이블 있고, 계단식 테이블이 있는 곳은 대화를 해도 괜찮은 공간인가요? 스터디룸 시간이 애매해서 1시간은 스터디룸을 이용하고 나머지 시간은 밖에서 스터디를 해도 괜찮을까해서 문의드립니다!",
301,64,1,"유해물질 냄새로 40분 걸려 갔지만 허탕치고 근처 카페를 찾으러 나갑니다. 페인트 냄새.... 몇주째인것 같네요. 그래도 이번주 이틀은 잘 이용했는데, 환경개선이 시급합니다. 공기질 측정이나 큰 공기청정기 설치를 생각해야할 것 같아요. 공부하는 곳에 공기 환경은 진짜 중요합니다...",
302,64,1,"1인실부터 그룹스터디룸, 예약하지 않고도 이용할 수 있는 공간이 1층에 충분히 있음에도 불구하고 2인 스터디룸을 예약했다는 것은 이용자가 공부를 할 때 어느정도 소음 차단이 필요하다는건데, 그냥 단순하게 공간제공하고 시설 운영하고 있다는 점에만 의의를 두시는건지 상당히 아쉽습니다. 룸 안에 들어가서 한 시간만 일해보시면 왜 이런 반응이 나오는지 아실텐데 직원분들이 이용하는 시설이라고 생각하시고 신경써주세요",
303,64,1,2인스터디룸 전체 사용 비추합니다. 환풍기 소음 심각합니다. 7월 1일 다른 분이 소음관련해 이야기 해주셨고 3일날 환풍기 소음관련 교체 또는 수리 대안 마련중이라는 답변보고 오늘 예약해왔는데 하나도 고쳐지지 않았습니다. 환풍기 전원 차단해 소음방지하신다고 했는데 아니네요. 5월 말까지 잘 이용하다가 6월에 소음때문에 예약 안한건데 아무리 무료로 시설을 이용한다고 해도 이런 소음이면 다시는 이용 안할듯 합니다.,
304,64,1,저번주 토요일 오픈공간+그룹스터디룸을 이용 했는데... 노쇼가 심각하더군요. 제가 이용했던 2시- 6시까지 4개의 그룹스터디룸 어디 하나 자리가 차 있는 곳이 없었어요... 블랙리스트로 관리하는 것도 좋지만.. 차라리 예약금을 받아서 운영하는 것 노쇼예방에 좋을 것 같네요!!!,
305,64,1,스터디룸 예약 ui가 개선됬으면 좋겠어요. 1번 룸 자리 없으면 다시 뒤로가서 2번 눌러보고 하는 방식이 아닌 각 스터디룸의 공실 시간을 한번에 보고 예약하는 방식이면 좋겠네요,
306,64,1,2월 14일 촬영 예약이 다 찼다고 알림이 뜨는데 혹시 참여가 가능할까요? 꼭 촬영하고 싶은데,
307,64,1,2월 14일에 이력서 사진 예약을 했는데 번호에 010이 누락되어 문자가 오지 않았습니다. 상관없이 진행 가능한가요? 그리고 혹시 7일이나 14일날 이력서 사진 촬영 예약자가 빠지면 개인 번호로 연락 주실 수 있나요?,
308,64,1,예약 확인문자까지 받았는데 다른 사람이 앉아있어 불편합니다. 오픈된 공간 외에 예약을 받는 공간은 예약자 아닌 경우는 사용하지 않도록 하였으면 좋겠습니다.,
309,64,1,"-장점: 일자리카페 중에 1인용 개인스터디룸이 있는 곳이 여기 밖에 없어요. -단점: 2인실처럼 문이 없기 때문에, 면접연습 등 방음이 필요한 용도로는 부족합니다. 문 달아주시면 안되나요? 반쪽짜리 스터디룸이예요ㅠㅠ 그리고 이용시간 3시간은 너무 짧은 것 같습니다. 실제로 예약이 없어서, 공석일 때가 많거든요. 예약일정표를 붙여놓고, 공석일 때는 자유롭게 연장사용 가능했으면 좋겠습니다.",
310,64,1,"다른 특강은 많이 참석했지만 면접 특강은 처음 참석하는 거라 기대가 되었거든요. 시간이 가까워지면서 10명 이상 오셨고 강의실이 꽉 찰 정도였어요. 내용은 우리가 기본적으로 많이 알고 있던 내용과 생각지 못했던 부분들, 면접장 내에서 하지 말아야 할 부분을 자세히 설명해주셔서 이번 주 면접을 준비하는데 많은 도움이 되었네요. 다음 달 특강이 있다면 다시 한 번 참여하여 더 많은 정보를 얻을 수 있으면 좋겠습니다.",
311,64,1,"채용준비 및 채용과정에 대해 SH, LH 현직 인사담당자께서 직접 설명해주셔서 신빙성 있고 유익한 강의였습니다. 저는 취업 준비를 막 시작해서 어떤 질문을 해야 좋을지 몰랐는데, 사회자께서 구직자에게 도움이 될 만한 적절한 질문을 추가해주신 점도 좋았습니다. 다음에도 서울시일자리카페에서 열리는 프로그램에 참여하고 싶습니다.",
312,64,1,"취업설명회에 처음 참석해 좋은 정보 많이 얻었습니다. 그동안 온라인을 통해서만 취업에 대해 알아봤기 때문에 새로운 정보가 많지 않을 거라 생각했지만, 인사담당자분께 듣는 내용은 유익한 게 많았어요. 회사의 인사 담당자에게 직접 듣다보니 정보의 신뢰도가 높아 앞으로 취업 준비하는데 많은 도움을 받을 것 같습니다.",
313,64,1,[공공기관 초청 잡콘서트 후기]우선 저는 아직 삼학년이라서 저의 진로를 찾고 있는 과정인데 LH와 SH의 채용동향에 대해서 실속 있고 진솔한 정보를 들을 수 있어서 좋았고 자기소개서 작성 요령도 자세하게 알려주셔서 유익했습니다. 같이 왔던 멀리서 온 친척동생도 저도 만족했습니다. 앞으로도 다양한 채용설명회 기대하겠습니다.,
314,64,1,[멘토링 후기]청년일자리센터에서 스터디그룹 멘토링을 받았습니다. 자율적으로 스터디를 구성해서 한달 정도 진행하고 있었는데 방향이 잘 잡히지 않아 스터디그룹 멘토링을 신청했습니다. 일자리포털에서 공고를 보자마자 신청했는데 연락도 금방 오고 스케줄도 빨리 잡아주셔서 좋았습니다. 멘토님이 스터디원 개별적으로 상다을 해주셨고 앞으로 스터디에서 가야할 방향을 명확하게 설정해주셔서 모든 스터디원들이 만족했어요,
315,64,1,[직무기술서 작성법 및 Q&A 후기공유] 6월 14일 금요일 서울시 일자리 카페에서 진행되는 멘토링 스터디를 여기서 진행하였습니다. 7명이었으나 11인실을 빌려주셔서 시원하고 넉넉하게 이용할 수 있었습니다. 매칭 시켜 주신 멘토분도 자세하고 열심히 잘 알려주셔서 스터디원 모두 만족해하였습니다. 전반적으로 모든 것이 다 만족스러웠고 좋았습니다.,
316,64,1,오늘 오후4시부터6시까지 예약했었는데 행사로 인해 공부는 커녕 이용도 못했네요. 어제는 행사가있다는 포스터를 못본 것 같은데...ㅠㅠ,
317,64,1,"안녕하세요, 문의 드립니다. 1. 그룹스터디룸 환풍기 소음는 1번룸만 큰건가요, 다른 룸도 마찬가지인가요? 2. 그룹스터디룸이나 개인스터디룸에 예약한 사람이 불참시 다른 사람이 그 시간을 이용해도 되나요?",
318,64,1,(온라인 특강)취업스피치로 나만의 컨셉 만들기 프로그램일자 : 2020.06.04 을 신청한 청년입니다! 내일 특강하는 날짜인데 어떻게 진행될지 연락을 받지 못했습니다. 온라인링크를 주시는 건지 어떤 방식으로 진행될지 궁금합니다!,
319,64,1,개인스터디룸 4 예약하였는데 취소 되지 않아 댓글로 작성합니다. 05/08(금) 오후6~9시 예약하였는데 취소 부탁드립니다.,
320,64,1,"사진 몇 주전에 찍었는데 정장이 구비되어 있다고 해서 그냥 갔어요. 근데 옷이나 넥타이가 너무 old 한 느끔이고 90년대 옷처럼, 정장이나 넥타이는 좀 보완이 필요해 보이고 사진 찍으실 분들은 개인 정장을 가지고 오시는게 나을 것 같아요.",
321,64,1,스터디룸 최소 4인부터라고 되어있는데 3인이 이용해도 될까요? 3인 이용가능한 스터디룸이 없어서요..,
322,64,1,2020. 3. 11 그룹스터디룸 3 예약하고 참석했는데 불참했다고 문자가 왔습니다. 수정부탁드립니다.,
323,64,1,"개인스터디룸 이용이 주 1회로 제한되어 있어 불편합니다. 평소에 노쇼, 미예약 등으로 공간이 많이 남는데, 일주일 내 예약 가능한 횟수를 늘려주시면 좋겠습니다.",
324,64,1,"자기소개서 컨설팅프로그램 질문입니다. 제 경험에 관련된 역량과 같은 기초 자기소개서 작성에 관해서 상담을 받고싶은데, 작성된 자기소개서 없이도 신청 가능한가요?",
325,64,1,"27,28 직무특강,이력서사진촬영 프로그램을 신청했었는데 사정이 생겨 못 갈거 같네요 그래서 지난주에 일자리카페에 전화 했더니 여기선 취소할 수 가 없다는데 아무리 찾아봐도 안 나오는데 취소하는 메뉴가 어디있는 건가요??",
326,64,1,혹시 이력서 사진촬영은 한 주에 몇명까지 신청을 받나요?,
327,64,1,이력서사진촬영 다음주 금요일로 신청하긴 했는데 혹시 이번주 금요일 자리가 생긴다면 그 자리로 변경해주실 수 있나요? 혹은 안내해주실 수 있으신가요?,
328,64,1,"혹시 2인룸을 A,B가 이용할려고 하는데 A아이디로 12~15시까지 B아이디로 15~18시까지 예약하여 이용이 가능할까요?",
329,64,1,자소서 첨삭으로 늘 큰 도움 받고 있습니다. 결과를 떠나서 감사함을 어떤말로 표현해야할지 모르겠네요. 늘 항상 고맙습니당!,
330,64,1,1:1 면접 컨설팅이나 모의면접 서비스도 받을 수 있나요?,
331,64,1,안녕하세요~ 다음달 스터디룸 예약은 언제 열리는건가요?,
332,64,1,화상면접을 보려고 하는데 방음이 혹시 잘 된 편인가요?,
333,64,1,안녕하세요! 혹시 서울소재 학교를 대상으로 하는 대학교 연합 동아리에서 면접을 목적으로 공간 대여 신청이 가능할까요? 면접관 이외에 유동 인구가 생길 것 같아 미리 여쭤봅니다.,
334,64,1,안녕하세요 혹시 2인스터디룸을 혼자서 이용 가능한가요??,
335,64,1,안녕하세요! 혹시 그룹 스터디룸은 몇 명이 정원인가요? 저희는 총 세명인데 스터디룸 이용이 가능할까요?,
336,64,1,"이력서 사진 촬영을 무사히 마쳤너요. 생각보다 단정하고, 무엇보다도 정장대여도 해주니깐 좋았던것 같습니다. 앞으로 취업활용에 많은 도움이 될 것 같습니다.",
337,64,1,06/23일 19-21시 그룹스터디룸4 취소하려고 하는데 지금 취소부탁드려도 노쇼처리가되나요..?(오늘 전화3통정도 했습니다ㅠㅠ),
338,64,1,오늘 상담도 잘 해주셔서 감사합니다 안은미 선생님! 일주일의 시간동안 고민도 많이 하고 어떻게 해결해야 할지 답답한 부분들을 1시간 상담 시간동안 다 풀어주세요! 앞으로 어떤 식으로 문제를 해결해 나가야 하는지에 대한 답과 무엇보다 진로 설정에 있어 정말 많은 도움이 되는 상담이에요! 더 열심히 해야겠다는 동기부여도 심어주셔서 감사합니다!,
339,64,1,"안은미 선생님:) 감사합니다~ 진짜 시원시원하시구, 같이 상담하면서 기분 좋은 시너지를 마구 가져가는것 같았습니다 ㅎㅎ 상담하면서 저두 덩달아 기분 좋아져서 저두 즐거운 마음으로 취업준비 할 수 있었습니다. 열정적이셔서 너무 좋았어요~ 다음에도 기회가 되면 꼭 만났으면 좋겠어요:) 건강하세요!",
340,64,1,직업 선택을 넘어 인간이 살아가는 궁극적인 목표를 생각해볼 수 있는 상담입니다. 마음이 급해서 막막한 마음만 들었는데 뭘 해야 하는지 뭘 하고 싶은지 생각이 먼저 들어요. 꾸준히 상담을 받으며 현재 필요한 공부 등을 찾아 해야겠습니다! 안은미 선생님 늘 감사합니다:),
341,64,1,벌써 3번째 상담을 받고 있는데 막막했던 마음은 사라지고 점점 체계적으로 준비되는 느낌이 들어 상담 시간이 결코 헛되지 않은 시간이라는 것을 느끼고 있어요. 제 상황에 맞게 1:1 코치를 받는 느낌이라 만족도가 매우 높은 상담입니다. 잘 준비해서 2021년엔 꼭 취뽀하겠습니다! 감사합니다 안은미 선생님:),
342,64,1,2번째 상담을 진행 받았는데 저의 진로에 대해 점차 알아가는듯한 느낌이 들어요! 과제를 하다 보면 막연해지는 시간이 찾아오기도 하지만 제 현재 상태를 정확하게 파악해주시고 방법도 제시해주시기 때문에 더 열심히 시간을 보내야겠다는 생각이 듭니다. 좋은 내용으로 상담 진행해주셔서 감사합니다. 안은미 선생님:),
343,64,1,"안녕하세요, 공간이 편리하고 위치도 좋아 항상 잘 이용하고 있습니다. 증명사진 촬영서비스를 주말중에 이용하기를 희망하는데요. 올해는 종료된 것인지, 그렇다면 내년에는 주말중에 해당 서비스를 이용 가능한지 궁금합니다^^;",
344,64,1,"1시간이라는 짧은 시간 동안 상담이 다 이루어질까 걱정되었는데 저의 성격과 직업 선호도 검사 결과까지 나누고, 직업을 선택하는데 과정까지 알 수 있어서 알찼던 시간이었습니다. 선생님께서 제시해주신 방법으로 1단계부터 5단계까지 단계별로 차례대로 진행하며 제가 정말 원하는 직업이 뭔지 탐색해보겠습니다. 감사합니다. 안은미 선생님:)",
345,64,1,그룹스터디 4인은 예약어려운가요??,
346,64,1,안녕하세요 오픈석 공간 이용하려고 하는데 혹시 코로나 2단계 격상으로 공간 출입이 제한되는 경우가 있을까요?,
347,64,1,그룹스터디룸 3인예약은 불가능한가요?,
348,64,1,"안녕하세요, 12월 예약을 미리 하려고 하는데 다 이용불가라고 되어 있네요, 혹시 12월에는 모든 스터디룸이 예약완료된 상태인가 문의드리려고 합니다.",
349,64,1,혹시 오픈석은 예약이 없던데 시간사용없이 이용할 수 있는건가요?,
350,64,1,"2인 스터디룸 공간은 예약을 하고 갔음에도 안에 선풍기,뿌리는 소독제가 정리도 안된채로 막 놓여있어요ㅠ 벽도 검은 자국들이 있고 깨끗하다는 느낌은 없었어요 예약을 하고 갔는데 담당자분도, 안내도 없고 제가 룸을 찾아서 들어갔고 그 후에도 체크, 예약 확인도 안하고 나갈때도 신경도 안쓰시길래 맞춰서 퇴실했어요 무인공간인가요.. 첫방문인데 다른 공간이랑 너무 달랐어요",
351,64,1,강승연 선생님 컨설팅 너무너무너무 좋았어요 남은 기간 열심히 노력하겠습니다 감사합니다!!,
352,64,1,강민혁 선생님 면접 필살기 강의 잘 들었습니다. 이벤트 참여하기 위해 신청합니다.,
353,64,1,"시설 괜찮았어요! 다만 한 가지 아쉬운 것은... 예약 가능 횟수가 주1회로 제한되어 있다는 것입니다... ㅠㅠㅠㅠ 저는 주2회가 필요한데, 그 부분에서는 굉장히 아쉬운 것 같습니다... 추후에 서비스가 개선된다면 주2회로 이용 가능한 서비스 횟수 좀 늘려주셨으면 좋겠습니다. 감사합니다!",
354,64,1,항상 프로그램에 참가해서 많은 것들을 얻어가고 있습니다. 다름이 아니라 참석시간이 표기된 교육참석확인증은 어느 경로를 통해서 받을 수 있을까요? 수업이 끝난 후 메일을 통해 발송해주신다고 하셨는데 수료한 프로그램 중 받은 것이 없어 문의드립니다.,
355,64,1,"상담사님 너무 불친절하십니다. Zoom으로 면접클리닉을 받는 내내 턱을 괴시며 화면을 힐끗힐끗 보시는 태도, 다리를 떠시는건지.. 화면에서 보이시는 모습이 아주 불안정해서 상담을 받는 내내 불편했습니다. 상담 받는 사람만큼이나 상담사분들도 기본적인 태도를 갖추고 함께 프로그램을 진행했으면 좋겠습니다.",
356,64,1,주차요금에대해서 이야기를하려고 합니다. 저희가 프로그램을 이용했으면 주차에.관련해서공지가 있어야하지않나요? 홈페이지에서도 주차에 관련에서 안내문이.없는데 주차요금을 내라는게 말이 되나요? 만원이 아까워서가 아니라 기분이 매우.불쾌해서 빠른조치부탁드립니다. 환불을 받았으면좋겠습니다. 사전에 공지가 없는데 요금부담하는게 말이.안되서요,
357,64,1,진로상담을 받으면서도 계속되는 복잡한 마음에 상담 신청을 했는데 저보다 저를 더 잘 파악하고 계셔서 깜짝 놀라곤 해요. 힘이 되는 말씀도 해주시고 방향도 잘 잡아주셔서 항상 마음 속 깊이 감사함을 느낍니다! 감사합니다 안은미 선생님:),
358,64,1,너무 너무 좋습니다. 이런 시설이 있다는 것을 너무 늦게 알아서 아쉬울 따름이에요. 선생님들 다들 친절하시고 여러모로 감동했습니다.,
359,64,1,"안내원이 방문자에게 누구냐고 묻는건 무슨 경우인가요! 신원확인이 필요한 공간도 아닌데, 황당하고 무례합니다. 서울시 일자리카페 이용한 4년동안 신원확인 당해보긴 처음입니다. 공무원이 안내원이면 민원날정도로 문제가 심각하고 일반채용자면 서울시의 채용 및 인사관리가 상당히 미흡합니다. 청년들을 위한 공간이지만 시민/국민의 세금으로 운영하면서 업무교육도 제대로 안시킨 알바아줌마를 쓰면 안됩니다.업무교육필수",
360,64,1,"서울시 일자리카페 이용을 100% 예약제로만 할거면, 제대로 된 프론트를 갖추고 친절하고 전문적인 안내원이 방문자마다 매뉴얼에 맞게 안내를 하는게 맞습니다. 하지만, 지금처럼 일부만 예약제고 나머지는 자유롭게 사용할 수 있다면 출입시 안내원이 왜 오셨냐고 따지듯이 물으면 안됩니다. 방문자에게 못올데 온것같은 느낌이 들게 왜 오셨냐고 불친절하게 묻는 건 경우에 맞지 않죠. 안내원 CS교육+운영팁 모두 필요합니다.",
361,64,1,"청년들의 취업상담을 하고 있어서 서울시 일자리카페도 많이 추천하고, 일자리카페의 청년들을 위한 여러 도움이 되는 자료도 찾기 위해 직접 한두달에 한번 방문하는데, 오늘 근무하는 서울시 일자리카페 안내원이 참 불친절하네요. 취업상담하고 있는 청년들한테 서울시 일자리카페를 많이 추천을 하고 있는데, 청년들도 이렇게 불친절을 당하고 오는건 아닌지 갑자기 걱정이 됩니다. 안내원 CS교육이 상당히 필요해보입니다.",
362,64,1,"취업에 대한 막막함을 가지고 있던 도중 친구와 함께 상담을 받게 되었습니다. 길을 어떻게, 어디서 찾아야 하는지 알지 못했던 저에게 처음부터 차근차근 알려주시고 함께 알아가주시는 안은미 선생님 덕분에 새로운 직무를 찾아 연구하기 시작했습니다. 늘 막막하다가도 상담을 하다보면 자신감이 생깁니다. 내담자의 컨디션과 상황에 맞춰 속도 조절까지 해주시는 안은미 선생님의 전문성에 만족하고 있으며, 늘 감사합니다 :)",
363,64,1,스터디룸이 너무 더워요 선풍기도 소용이 없습니다. 뜨거운바람이 안에서 계속 도니까요 미니냉풍기라고 놔주세요 ㅠ 숨이 막힙니다,
364,64,1,최악이네요..화상면접을 위한 공간이라면서요ㅎ 밖에 강연 소리 다 그대로들릴만큼 방음 전혀안되구요. 스터디룸 혹은 인터뷰룸의 목적을 전혀 모르시고 만든 것 같네요. 저는 여기서 오늘 인적성 쳤는데 밖에 말소리들려서 계속 경고 받고 문제에 집중도 못했네요. 소중한 기회 날리고싶으신분들은 여기거 치세요 청년취업을위한다는 공간이 참..,
365,64,1,페인트 냄새인지.. 닫힌공간이라 냄새가 너무 심해서 마스크를 끼고 했는데도 목이 너무 따가웠어요. 그래서 2시간 예약했는데 1시간밖에 못 채우고 나왔네요... 다른 곳은 냄새가 안나는데 왜 2인 스터디 실에는 화학약품 냄새가 나는지 궁금하네요. 점심시간이라 담당자가 없어서 그냥 왔습니다. 밖에 나온 이후론 목이 멀쩡하네요! 냄새원인을 찾아주세요.,
366,64,1,AI면접체험실 인터넷이 너무 불안정합니다. 화상면접하면서 연결이 끊겨서 당황했습니다. 무선이 아니라 유선으로 설치 해주심 될듯,
367,64,1,"무료로 이렇게 좋은 공간 이용할 수 있어서 너무 맘에 듭니다만, 와이파이만 개선하면 좋겠어요~",
368,64,1,잘 이용하고있는데 인터넷 연결 제발 개선해주셨으면...,
369,64,1,"잘 이용하고있는 청년입니다. 그런데 와이파이가 너무 불안정하고, 연결이 되어도 인터넷 연결이 없다고 뜹니다. 와이파이 개선좀 부탁드릴게요~",
370,64,1,관리는 하는건가요??ㅋㅋㅋ주말 외부강의 쳐웃고 떠드는데 관계자 구경중..세이브로???뭐하는데임?ㅋㅋㅋㅋ이럴려고 만든 공간임???이러니 공무원들 주인의식없다 혐오다 나오는거임. 본인들이 선택한 직업이면 주인의식좀 가져라..,
371,64,1,공무원분들 개인통화는 밖에서 해주세요 청년들 공부장소에서 사적인 통화를 왜하시는건가요,
372,64,1,면접스터디 때문에 2월 21일과 오늘 3월 12일 총 두번 2인스터디룸을 이용하게 되었는데요. 두날 다 와이파이 문제때문에 연결이 불안정해서 자꾸 끊김현상이 생겼어요. 첫날도 와이파이 문제때문에 말씀 드렸는데 지금 논의중에 있다는 말만 들어서 해결이 됬을 줄 알았는데 아직 해결이 안된 느낌이라... 다음주 17일에 면접이 있어서 2인스터디룸 이용하려고 했는데 다른 곳 알아볼까 합니다.,
373,64,1,책 비치되어 있는 공간 불이 꺼져있어서 공부하기 불편합니다 청소도 안 되어 있어서 먼지가 너무 많아요 청결 좀 신경 써주세요,
374,64,1,시설이 매우 좋아요. 다만 와이파이는 개선했으면 좋겠습니다. 너무 잘끊겨요,
375,64,1,스터디룸이 너무 더워요 선풍기도 소용이 없습니다. 뜨거운바람이 안에서 계속 도니까요 미니냉풍기라고 놔주세요 ㅠ 숨이 막힙니다,
376,64,1,최악이네요..화상면접을 위한 공간이라면서요ㅎ 밖에 강연 소리 다 그대로들릴만큼 방음 전혀안되구요. 스터디룸 혹은 인터뷰룸의 목적을 전혀 모르시고 만든 것 같네요. 저는 여기서 오늘 인적성 쳤는데 밖에 말소리들려서 계속 경고 받고 문제에 집중도 못했네요. 소중한 기회 날리고싶으신분들은 여기거 치세요 청년취업을위한다는 공간이 참..,
377,64,1,페인트 냄새인지.. 닫힌공간이라 냄새가 너무 심해서 마스크를 끼고 했는데도 목이 너무 따가웠어요. 그래서 2시간 예약했는데 1시간밖에 못 채우고 나왔네요... 다른 곳은 냄새가 안나는데 왜 2인 스터디 실에는 화학약품 냄새가 나는지 궁금하네요. 점심시간이라 담당자가 없어서 그냥 왔습니다. 밖에 나온 이후론 목이 멀쩡하네요! 냄새원인을 찾아주세요.,
378,64,1,AI면접체험실 인터넷이 너무 불안정합니다. 화상면접하면서 연결이 끊겨서 당황했습니다. 무선이 아니라 유선으로 설치 해주심 될듯,
379,64,1,"무료로 이렇게 좋은 공간 이용할 수 있어서 너무 맘에 듭니다만, 와이파이만 개선하면 좋겠어요~",
380,64,1,잘 이용하고있는데 인터넷 연결 제발 개선해주셨으면...,
381,64,1,"잘 이용하고있는 청년입니다. 그런데 와이파이가 너무 불안정하고, 연결이 되어도 인터넷 연결이 없다고 뜹니다. 와이파이 개선좀 부탁드릴게요~",
382,64,1,관리는 하는건가요??ㅋㅋㅋ주말 외부강의 쳐웃고 떠드는데 관계자 구경중..세이브로???뭐하는데임?ㅋㅋㅋㅋ이럴려고 만든 공간임???이러니 공무원들 주인의식없다 혐오다 나오는거임. 본인들이 선택한 직업이면 주인의식좀 가져라..,
383,64,1,공무원분들 개인통화는 밖에서 해주세요 청년들 공부장소에서 사적인 통화를 왜하시는건가요,
384,64,1,면접스터디 때문에 2월 21일과 오늘 3월 12일 총 두번 2인스터디룸을 이용하게 되었는데요. 두날 다 와이파이 문제때문에 연결이 불안정해서 자꾸 끊김현상이 생겼어요. 첫날도 와이파이 문제때문에 말씀 드렸는데 지금 논의중에 있다는 말만 들어서 해결이 됬을 줄 알았는데 아직 해결이 안된 느낌이라... 다음주 17일에 면접이 있어서 2인스터디룸 이용하려고 했는데 다른 곳 알아볼까 합니다.,
385,64,1,책 비치되어 있는 공간 불이 꺼져있어서 공부하기 불편합니다 청소도 안 되어 있어서 먼지가 너무 많아요 청결 좀 신경 써주세요,
386,64,1,시설이 매우 좋아요. 다만 와이파이는 개선했으면 좋겠습니다. 너무 잘끊겨요,
387,72,0,좋아요,
388,72,0,공부할 곳을 찾다가 알게되어 처음 가봤는데 이런 곳이 있었다니.. 너무너무 좋았어요!,
389,72,0,이런 공간이 있어서 너무너무 감사합니다!!!!,
390,72,0,연20회 사용만 가능하다눈게 벌써부터 속상하고 아쉬워요ㅠㅠ,
391,72,0,위치도 좋고 직원분들도 친절하시고 공부열심히 할 수 있게 도움많이받고있습니다!!!!!,
392,72,0,"취준생으로서 너무 잘쓰고 있습니다 이런 공간 만들어 주셔서 감사합니다. 운영시간이 6시까지로 줄어든다고 하는데, 운영 인원 지원해주세요...",
393,72,0,편하게 공부 잘했습니다~! 그런데 운영시간이 많이 짧아져서 다시 일하게 되면 이용이 어려워질듯 ㅠㅠ 밤 10시까지 이용할 수 있으면 더 좋겠어요.,
394,72,0,항상 애용합니다:),
395,72,0,이렇게 좋은 공간이 있는지 몰랐어요... 이제라도 알았으니 열심히 사용해볼려고요!,
396,72,0,아이쿠! 이제 아셨군요^^;;; 이제부터라도 자주자주 청취다방 애용해주세요~ 감사합니다.,
397,72,0,화정광장에 지하도를 개조해 만든 청소년공간이 너무 부러웠는데 청년들을 위한공간이있다는게 너무너무 좋아요 덕분에 즐겁게 스터디공부하고있습니다!! 프리토킹시엔 아바라를 이용하거나 차라리 카페를 이용하는게좋을것같아요 역시 방음이 되지않아 주변분들에게 너무 실례되는것같아요,
398,72,0,너무너무 좋습니다 잘 이용하고 갑니다~!,
399,72,0,"라떼룸 너무 좋지요~~^^ 앞으로도 청취다방 자주 애용해주세요, 감사합니다.",
400,72,0,시설도 쾌적하고 운동 공부하기 좋아요❤,
401,72,0,와우~ 자기관리 끝판왕이시군요~ 뜨아룸에서 운동~ 아바라/아아룸/기똥차/활기차룸에서 공부하면 너무 좋죠~~ 앞으로도 청취다방 많이 애용해주세요^^,
402,72,0,겨울에 추운 것만 빼면.. 스터디하기에 최적의 공간입니다!,
403,72,0,아! 맞아요...겨울엔 난방켜기 전엔 공기가 참 차갑죠... 하지만 금방 난방&공부열기로 후끈해지니까요~ 앞으로도 청취다방 많이 애용해주세요^^/,
404,72,0,고양시에서 청년들을 위해 마련해주신 공간 항상 잘 애용중입니다 스터디 그룹하기에 딱이에요,
405,72,0,청취다방이 쭉 이어졌으면 좋겠어요~,
406,72,0,"청년들이 카페나 스카 대신 이용 가능한 공간이 많지않은데, 무료로 대실도 가능하고 분위기도 좋고...",
407,72,0,"대실은 2번째인데요, 번거롭지도않고 굉장히 유용해서 참 좋습니다. 직원분들도 상냥하시구요...",
408,72,0,더 자주 이용할 수 있게 저도 힘내보겠습니다...다들 건강하시고...새해에도 행복하시고요...감사합니다...,
409,72,0,좋아요,
410,72,0,시설이 깨끗하고 좋아요:),
411,72,0,앞으로도 청취다방 자주 애용해주세요^^/,
412,72,0,무료대관 좋아요. 이용하기 좋습니다.,
413,72,0,다른 지역에도 있으면 좋겠네요😃,
414,72,0,깨끗하고 예약도 쉽고 친절하셔서 좋습니다,
415,72,0,이런공간만들어준 고양시,
416,72,0,칭찬박수를! 짝짝짝!!! 최~고~☆,
417,72,0,열공하다가 갑니다!^_^!,
418,72,0,"대바늘로 뜨개질하여 옷이나 소품을 만드는 재능기부를 종종합니다, 경제적으로 부담을 드리고 싶지 않아 재능기부를 시작하게 되었는데 수업공간이 필요할때 카페나 유료 스터디룸은 수강생분들이 경제적으로 부담을 느끼실수도 있을것같아 알아보다 오게되었어요! 공간도 너무 깔끔하고 조용해서 수업하기 너무 좋았습니다:)) 종종 재능기부를 하게될때 찾아갈거같아요! 감사합니다!",
419,72,0,공짜로 좋은 만남가질수있게해주셔서 너무 감사합니다 자주이용하겠습니다^^,
420,72,0,항상 쾌적하게 잘 관리되고 있고 무엇보다 지역주민이라면 무료로 이용할 수 있어 고마운 공간입니다 소모임이나 회의하기에 참 좋습니다. 관리하시는 분들도 늘 즐겁게 일하시기를 바랍니다,
421,72,0,이런 곳을 무료로 이용가능하다는 게 너무 좋은 것 같아요. 특히 직원분들께서는 다들 너무 친절하셔서,
422,72,0,더 좋습니다:) 항상 친절하게 대해주셔서 감사합니다~,
423,72,0,노트북 패드 펼치고 종이 펼쳐놓고 과제..하는데 너무 집중잘되고 좋아요.. 눈치볼거없이 예약해두고..쓰면되니깐 너무 좋아요..,
424,72,0,일산에도 추가로 청취다방 만들어주세요~~!!!!,
425,72,0,스터디 했는데 너무 좋았습니다,
426,72,0,청취다방에 계신 선생님도 친절하시고,
427,72,0,시설도 좋아서 대만족했슴니다!!,
428,72,0,꼭 필요한 공간이에용 💗💗,
429,72,0,"저는 개인적으로 활기차, 기똥차룸보다 아이스 바닐라 라떼룸이 더 좋은거같아요!ㅎㅎ 더 편해요 매일 큰룸 이용하고싶지만 인원제한이~~ㅠㅠ매일 최소 2명 맞춰서 가보겠습니다!!ㅋㅋㅋ",
430,72,0,일주일에 세번씩 가는 곳이에요!,
431,72,0,학생때부터 진작 알았으면 좋았을텐데 ㅎㅎ,
432,72,0,오늘은 방에 벌레가 나왔는데 직원분들이 친절하게 잡아주셨어요ㅠㅠ흑흑,
433,72,0,다음주에 또 방문 예정입니다!!,
434,72,0,언제든 이용자분들께 불편한 점이 생기실 땐 청취다방 직원들이 출동한답니다! ^^;; 함께 소리지르며 정도 든 거 같아요 ㅎㅎ 벌레는 덜 나오게 하기 위해 여러모로 애쓰고 있답니다 ㅠㅠ 앞으로도 청취다방 많이 찾아주세요~ 감사합니다 ^^,
435,72,0,매주 이용하는 곳이에요~ 집에선 집중이 잘 안되는데 청취다방에선 집중이 잘되는거같아요 ㅎㅎ,
436,72,0,쾌적하고 친절해요 자주 이용하는 곳입니다,
437,72,0,1인룸은 처음 이용해봤는데 너무 좋았어요~~ 다음 화상면접때 이용할 예정이에요~,
438,72,0,매번 이용하고 있습니다! 스터디룸 짱 좋고 근무하시는 분들도 정말정말 친절하십니다! 시설도 깨끗깨긋 항상 감사드려요!!,
439,72,0,너무 조아용 청년에게 꼭 필요한 공간이라고 생각합니다!!!,
440,72,0,쾌적하고 넓어서 너무 좋아요!!,
441,72,0,최고에요 항상 잘 이용하고 있습니다:D,
442,72,0,청취다방에 계신 분들도 모두 친절하시고 정말정말 좋아ㅓ요!,
443,72,0,최고라고 해주시니 어깨뽕이 으쓱~ 올라갑니다^^ 정말 정말 감사드려요~ 앞으로도 청취다방 많이 애용해주세요^^,
444,72,0,좋아요,
445,72,0,너무 좋아요 취준생이나 공부하시는학생분들한테 아주좋을거같아요 시설도 좋지만 직원분들이 굉장히 친절하세요 ㅎㅎ,
446,72,0,세번째 방문 ! 너무 맘에 들어요 ㅎㅎ,
447,72,0,두번째 방문이에요!,
448,72,0,너무 만족해서 매일 가려구요 ㅎㅎ,
449,72,0,처음 이용해 봤는데 너무 만족해서 내일도 이용하려구요!,
450,72,0,스터디룸이 필요해서 예약했는데 공간도 쾌적하고 정말 만족스러웠습니다. 자주 이용할 것 같아요😄,
451,72,0,만족스러운 이용후기 너무 감사드립니다^^ 언제나 청취다방을 쾌적하게 이용하실 수 있도록 공간 청결 유지에 힘쓰고 있습니다! 자주 이용해주시고 미미한 부분이 있으면 말씀주세요! 감사합니다~,
452,72,0,저는 왜 이제 알게 된거죠???ㅋㅋㅋㅋㅋㅋㅋ 청취다방 너무 조아영 스터디하기에 너무 쾌적하고 좋았습니다❤️,
453,72,0,이런 곳이 있는 줄 처음 알았는데 좋네요!! 천장이 뚫려있어서 방음이 안되는 건 아쉽지만 앞으로 스터디할 때 스터디룸 애용할 듯합니다^^,
454,72,0,시설도 좋고 직원분들이 너무 친절해서 좋았어요^^😀 다음에 또 오고싶어요!!,
455,72,0,도움이 많이 되었어요! 감사합니다,
456,72,0,면접 준비하는동안 많이 이용했는데 너무 만족스러웠어요 다른 취업 프로그램도 이용해보고 싶다는 생각을 했습니다,
457,72,0,잘 다녀왔습니다!,
458,72,0,항상 친절하셔서 좋아요 정수기 휴지 컵 등 필요한 물품들이 잘 구비되어 있습니다!,
459,72,0,에어컨이랑 공청기도 미리 켜놔주시고 넘넘 좋았어요 만족!!!! 또 이용할거에요~~~,
460,72,0,직원분이 엄청 친절하시고 장소도 쾌적하고 정말 좋았어요! 다음에 또 이용할게요!!,
461,72,0,친절하고 쾌적하고 편안해요,
462,72,0,천장이 뚫려있어서 방음이 안되는 방이에요 그래도 쾌적해요,
463,72,0,굿 좋아요,
464,72,0,친절하고 넓고 쾌적해요,
465,72,0,"넓고, 쾌적하고, 요가매트 등 활용가능한 요소들이 잘 갖추어져있습니다.",
466,72,0,노래 소리가 좀 크긴했는데 중간에 바꿔주셔서 감사했어요 ^^,
467,72,0,좋아요! 고양시에서 이런 좋은 곳을 운영하고 있는지,
468,72,0,공간 넓고 짱입니다 ❤,
469,72,0,넓고 쾌적하고 깨끗해서 좋았습니다 따뜻하게 난방도 되네요 :),
470,72,0,무료로 쓸 수 있다는 메리트,
471,72,0,넓은 회의실 공간 덕에 면접관역할 하는 사람과 거리가 있어서 면접준비하기 매우 좋다.,
472,72,0,공간이 깔끔하고 넓고 스터디히기에 좋았습니다. 그리고 직원분들 친절해서 좋았습니다. 자주 애용 할 것 같습니다.,
473,72,0,공간 내 책상도 여유있고 넓어서 좋습니다. 한쪽에 콘센트 꼽을 자리도 있어요. 다만 방음이 전혀 되지 않아 옆방에서 떠드는 소리가 그대로 전해지는게 좀 아쉽습니다..,
474,72,0,카페가좋아효,
475,72,0,항상 잘 사용하고 있습니다,
476,72,0,너무 잘 이용하고 있습니다. 직원분들도 친절하고 쾌,
477,72,0,적합니다. 그런데 기똥차룸에 난방기가 고장나서 많,
478,72,0,이 추웠습니다. 이것만 수리해주시면 좋을 것 ...내용 더보기,
479,72,0,최고입니다!!!,
480,72,0,"우리동네에 이런 좋은 곳이 있었다니, 너무 감사합니다.",
481,72,0,편안하게 할일 준비할 수 있어서 너무 좋았습니다,
482,72,0,너무 조용하고 좋습니다.,
483,72,0,"회의, 소모임 등 알차게 활용이 가능한 공간들입니다",
484,72,0,저는 삼송에서 살지만 자주 여기에 오는데,
485,72,0,방문할 때마다 감탄을 하고 갑니다.,
486,72,0,취업준비하는 분들에게 최고의 장소가 아닌가 싶습니다.,
487,72,0,쾌적한환경에서 면접준비 잘했습니다.,
488,72,0,쾌적하고 널찍하고 좋습니다. 최최고 강강추,
489,72,0,에어컨도 빵빵하게 틀어주시고 공간도 넓고 쾌적해서 너무 만족했습니다. 덕양구에 이렇게 좋은 곳이 있었다니 ㅠㅜ,
490,72,0,너무 좋았어요! 앞으로도 필요할 때 이용할 것 같아,
491,72,0,요 라운지도 조용하고 쾌적해서 취준할 때 좋을 것,
492,72,0,같습니다내용 더보기,
493,72,0,무료로 깨끗한 공간을 잘 빌렸어요!,
494,72,0,스터디카페 스터디룸보다 훨씬 좋아요! 넓고 쾌적해요👍,
495,72,0,너무 좋아요~ 청년을 위한 취업 공간 이름 그대로입니다!,
496,72,0,쾌적하고 좋아요~,
497,72,0,쾌적하고 공부도 잘 되어 좋습니다.,
498,72,0,감사합니다 김기철님~! 더 좋은 환경을 만들도록 하겠습니다! 다음에도 꼭 이용해 주세요 감사합니다 :),
499,72,0,조용하고 깔끔해서 좋았어요 :),
500,72,0,업무 공간으로 잠시 사용했는데 딱 좋았습니다.,
501,72,0,"자격증 , 과제 등 시험을 같이 준비하는 팀원에게 강추!!",
502,72,0,홀로 자습하러 와도 좋은 시설이에요~!,
503,72,0,공간 잘 이용하고 갔습니다. 최고 bb,
504,72,0,깔끔하고 집중도 잘됩니다!! 최고!!,
505,72,0,이곳을 너무 늦게 알아서 아쉬워요ㅠ 공부하기도 좋고 팀플하기도 좋아요,
506,72,0,"처음 이용해 보았는데 친절하게 설명해주시고, 분위기도 좋았습니다!",
507,72,0,오후 네시쯤에 가면 계시는 남자분 항상 친절하게 응대해주셔서 좋아요 작년부터 너무 잘 사용하고 있어요 내부도 쾌적해요,
508,72,0,좋았어용 😊 다만 활기차룸 바로 위가 난방이 나와서 직빵으로 쐬었네요 참고하세요,
509,72,0,너무너무 좋았습니다!,
510,72,0,마실 커피 및 차종류도 준비되어있고 쾌적했습니다,
511,72,0,시설 깔끔하고 쾌적해요 굿,
512,72,0,매우 좋아요 직원들도 친절하고 공간도 넓고 코로나 규칙도 잘 지켜집니다,
513,72,0,매우 만족스럽습니다. 계속 이용하고 싶어요,
514,72,0,체온 체크와 방명록 작성을 꼼꼼하게 하고 있어 안심됩니다! 항상 깨끗하고 좋아요,
515,72,0,매우 만족스러워요. 계속 이용하고 싶습니다,
516,72,0,최고입니다. 공간도 넓고 깨끗하고 소독도 잘되는것같고 온도조절도 좋아요,
517,72,0,여기 진짜 최고입니다,
518,72,0,스터디하려고 대여했는데 조용하고 좋았습니다,
519,72,0,최고에요 좋습니다. 계속 이용하고 싶습니다,
520,72,0,쾌적한 공간이라 스터디하기 정말 좋네요! 완전 만족합니다. 앞으로도 자주 이용할 예정!,
521,72,0,와이파이 잘되요 예약무료고요 하루전에 해야합니다.,
522,72,0,최고입니다 공간도 넓직하고 소독도 잘되는것 같고 온도조절도 좋습니다,
523,72,0,좋아요! 편해요,
524,72,0,최고의 서비스입니다!!!,
525,72,0,쾌적하고 조용하고 최고에요,
526,72,0,시설도 잘 정비 되어있고 물 마실 수 있는 정수기도 있고 조명이 밝아서 좋았습니다!,
527,72,0,하뚜하뚜하뚜,
528,72,0,항상만족합니다.,
529,72,0,오전에일하시는언니 너무친절해요,
530,72,0,하뚜하뚜하뚜,
531,72,0,너무 좋은공간입니다,
532,72,0,만족 만족 대만족,
533,72,0,청결. 분위기. 위생 모두 만족입니다,
534,72,0,예약하길 잘한거같아요★,
535,72,0,항상감사합니다,
536,72,0,너무 좋아요,
537,72,0,쾌척하고 너무 좋았어요!!!,
538,72,0,좋아요!!!!,
539,72,0,너무좋아요,
540,73,0,좋아요,
541,73,0,굿,
542,73,0,환경에 대해서 생각해보는 좋은 시간이었습니다.,
543,73,0,저렴하고좋아요~ 선생님도 잘가르켜주세요^^,
544,73,0,좋아요~,
545,73,0,굿,
546,73,0,좋아요,
547,73,0,가기 편한곳에서 강좌를 들을 수 있어서 좋아요,
548,73,0,수리산상상마을~,
549,73,0,강의 좋은게 많네요~,
550,73,0,구구굿규구우유규슈슈귯,
551,73,0,좋아요~,
552,73,0,좋아요,
553,73,0,좋아요,
554,73,0,환경이 좋아요,
555,73,0,굿,
556,73,0,굿,
557,73,0,좋아요,
558,73,0,쫑인,
559,73,0,좋아요,
560,73,0,좋아요,
561,73,0,최고입니다,
562,73,0,후후훗훌쑥,
563,73,0,친절해요,
564,73,0,좋아요,
565,73,0,좋아요~^^,
566,73,0,굿,
567,73,0,좋아요,
568,73,0,좋아요,
569,73,0,좋아요,
570,73,0,한번해보려구요,
571,73,0,좋아요,
572,73,0,좋아요,
573,73,0,좋은 관람이었네요,
574,73,0,친절하세요,
575,73,0,우하하하하ㅎ,
576,73,0,환경에 대해 아이들이 생각할 거리를 아이들의 눈높이에 맞춰 제공해준 귀한 시간이었던거같다,
577,73,0,코로나만 아님 정말 좋았는데~~,
578,74,0,군포철축축제 갔다가 들렀습니다.,
579,74,0,"가성비 좋으나, 여직원이 불친절해서 불편했습니다.",
580,74,0,"단체 손님들에게 불친절하게 대하고, 과자 먹었다고, 큰소리로 반입금지 안된다고 소리지르고, 옆에 가서 조용히 말하면 다른 손님들에게도 위화감이 덜 할텐데 말이죠~",
581,74,0,그리고 계속 그 분들 째려보면서 투덜대고~~ 카페 쉬러갔다가 나쁜 분위기만 겪었네요~,
582,74,0,가성비가 좋아요대화하기 좋아요좌석이 편해요,
583,74,0,친절하고 커피맛이 좋아요~~~,
584,74,0,불친절 웩 언능 다른 카페도 여기안에 생기기를,
585,74,0,매장에 좌석간 거리는 넓은데 정수기가 비치되어있으면 좋겠어요.. 단 음료먹어서 입안이 텁텁하거든요..,
586,74,0,매장이 청결해요,
587,74,0,초막골 한 바퀴 둘러보고 매번 가는 곳. 직원분들이,
588,74,0,젊으시고 친절해요 딸콩이라떼 달달하고 맛있어요,
589,74,0,크리스마스 분위기로 꾸며놓은 매장도 예뻐요내용 더보기,
590,74,0,매장도 깔끔하고 분위기도 좋아요.,
591,74,0,맹꽁이 라떼라는 신박한 시그니처 메뉴도 있는데 어무 맛있으니 꼭 맛보세요.,
592,74,0,전 감기기운이 있어서 오늘 바닐라라떼 따뜻한거랑 아이스 아메리카노를 시켰는데 커피도 넘 맛나네요.^^,
593,74,0,특별한 메뉴가 있어요음료가 맛있어요커피가 맛있어요사진이 잘 나와요인테리어가 멋져요,
594,74,0,맹꽁이라떼 맛있어요,
595,74,0,공원카페에요,
596,74,0,가성비가 좋아요,
597,74,0,산책하려다 커피냄새에 ㅎㅎ 좋아요,
598,74,0,커피가 맛있어요,
599,74,0,산책후 커피 마시기 좋아요,
600,74,0,군포시에서 운영하는데 커피가 비싸고 맛도 없어요,
601,74,0,친절해요,
602,74,0,초막골 산책 후 한잔 마시면서 휴식.,
603,74,0,여긴 커피가 젤로 나음,
604,74,0,군포시 초막골생태공원 에 있는 청년들이 열심히 운영하는 곳 이랍니다.,
605,74,0,숲속에서 산책과 함께 쉼을 즐길 수 있는 곳 입니다늣,
606,74,0,가성비가 좋아요특별한 메뉴가 있어요음료가 맛있어요친절해요뷰가 좋아요,
607,74,0,사장님도 친절하시고 음료도 맛있어요 ㅎㅎ 생태 공원올때마다 들릴거같아요,
608,74,0,커피가 맛있어요,
609,74,0,매장이 청결해요,
610,74,0,친절해요,
611,74,0,대화하기 좋아요,
612,74,0,저렴한 가격에 맛있는 음료가 좋네요! 가을 풍경이 너무 예뻐서 커피한잔 마시면서 산책하기 좋아요!,
613,74,0,환경을 고려해서 테이크아웃시에는 부담금이 있으니 담에는 텀블러를 꼭 챙겨야겠네요!!,
614,74,0,음료가 맛있어요친절해요뷰가 좋아요,
615,74,0,가성비뛰어나고 직원분들이 친절합니다,
616,74,0,초막골 놀러왔다 들렀는데 공원도 너무 예쁘고 너무 친절하시고 내부 분위기도 너무 좋아요! 아이들과 또 놀러와야 겠어요!!,
617,74,0,대화하기 좋아요,
618,74,0,분위기도 좋고 가격도 너무 착해요,
619,74,0,일회용품 사용 안하면 더더 저렴하답니다.,
620,74,0,텀블러 꼭 지참하세요~,
621,74,0,편하게 차마실수있는곳이네요,
622,74,0,매장이 청결해요,
623,74,0,친절해요,
624,74,0,커피가 맛있어요,
625,74,0,매장이 청결해요,
626,74,0,초막골 생태공원 안에 있는 커피숍이에요.,
627,74,0,커피 마시고 싶었는데 너무 좋네요,
628,74,0,인테리어가 멋져요,
629,74,0,분위기 좋아요!!,
630,74,0,친절하시고 쉬어가기 좋은 곳,
631,74,0,힐링공간,
632,74,0,이야기 나누기 편한 곳이에요.,
633,74,0,음료 저렴하고 맛있어요,
634,74,0,밖은 자연이있어서..너무 좋고요...,
635,74,0,월요일 아침에 산책하며 마시는 커피 사랑입니다..,
636,74,0,"음료가격 저렴하구, 텀블러지참해서 할인까지 받았어요~",
637,74,0,가성비가 좋아요,
638,74,0,대화하기 좋고 음료도 저렴히~ 좋아요,
639,74,0,산책 갔다가 커피한잔 마시기 좋아요.,
640,74,0,커피맛도 괜찮구요~,
641,74,0,쿠폰도 적립가능합니다.,
642,74,0,언젠가부터 청년들이 카페를 운영하고 있고 전보다 더 활기차 진것 같아요^^,
643,74,0,카페 밖에도 테이블이 있어 애견동반두 가능요.,
644,74,0,뷰가 좋아요대화하기 좋아요친절해요매장이 청결해요,
645,74,0,편하게 차한잔,
646,74,0,초막골 안의 예쁜 카페,
647,74,0,음...서비스나 품질 많이 아쉽네요,
648,74,0,분위기좋아요^^잘먹고갑니다,
649,74,0,공원내 너무 좋은쉼터네요,
650,74,0,커피도 맛있어요,
651,74,0,여우카리스마,
652,74,0,따뜻한커피와 샌드위치 좋았어요 맛나네요,
653,74,0,커피가 맛있어요,
654,74,0,커피 맛있어요,
655,74,0,우리동네맛집!!!!,
656,74,0,시그니처메뉴 칭찬해요,
657,74,0,잘 만들었어요,
658,74,0,초막골 올때마다 이용하는데 직원들도 친절하고,
659,74,0,맛도 괜찮아요!,
660,74,0,차 마시면서 창밖 풍경보기가 좋아요,
661,74,0,레몬생강차 맛있어요,
662,74,0,맹꽁이 라떼 진짜 완전 맛있어요!!!!,
663,74,0,아이체험하는동안 부모님은 커피마시고 잠시 쉴공간이있어좋아요,
664,74,0,커피가 맛있어요,
665,74,0,초막골안에 있어서 편하고 좋아요,
666,74,0,생태공원 올 때마다 커피 마시러 오는데 공원 인근 커피 가게보다 저렴하네요. 맛도 있습니다^^,
667,74,0,맛있어졌어요,
668,74,0,뷰가 좋아요,
669,74,0,커피가 맛있어요,
670,74,0,친절해요,
671,74,0,좋은 날씨에 운동삼아 산책 나왔다가 휴식하기 딱 좋아요~,
672,74,0,믿고 찾는 초막골에서 즐길수 있는 카페,
673,74,0,좋아요.친절해요.자주와요.,
674,74,0,초막골생태공원 안쪽에 위치한 카페 지칠때쯤 발견,
675,74,0,해서 당충전 제대로 했네요ㅎ 분위기도 차분하고 좋,
676,74,0,고 음료도 맛있어요^^내용 더보기,
677,74,0,커피가 맛있습니다~,
678,74,0,공원 분위기랑 잘 어울리는 카페입니다^^,
679,74,0,초막골안 카페 굿~~~,
680,74,0,뷰가 좋아요,
681,74,0,친절해요,
682,74,0,친절하고 빠른 응대,
683,74,0,대화하기 좋아요,
684,74,0,여기서 처음 먹어 보네요.,
685,74,0,친절해요,
686,74,0,"생태공원 옆, 좋아요",
687,74,0,친절해요,
688,74,0,초막골에 위치해서 아이들이랑 잠시 쉬어가기 좋아요^^,
689,74,0,가성비가 좋아요,
690,74,0,수리산도립공원 쉼미당 음료 끝내줘요~^^,
691,74,0,맛있는 커피가 그리우면 찾는곳~♡,
692,74,0,커피가 맛있어요,
693,74,0,정아별별이캘리그라피,
694,74,0,맛있어요. 오랜만에 산책나왔다가 여유한번 보내봐요^^,
695,74,0,인테리어가 멋져요,
696,74,0,시원하게 잘마셨습니다~~,
697,74,0,조아요,
698,74,0,커피가 맛있어요,
699,74,0,혜성콩,
700,74,0,바로 앞에 공원이 있어 산책하며 마시기 좋았어요 !,
701,74,0,응원합니다,
702,74,0,친절해요,
703,74,0,가성비가 좋아요,
704,74,0,커피가 맛있어요,
705,74,0,조아요.,
706,74,0,"초막 생태공원 한바퀴 돌고, 차 한잔 마시고 갑니다.",
707,74,0,친절해요,
708,74,0,심엄,
709,74,0,가성비가 좋아요,
710,74,0,루트샤인,
711,74,0,친절해요,
712,74,0,커피가 맛있어요,
713,74,0,커피 맛잇어요^^,
714,74,0,초막골자체가 좋아서 커피맛이 절로나요,
715,74,0,카페안보다 밖이 더좋아요,
716,74,0,커피가 맛있어요,
717,74,0,공원안에 커피숍,
718,74,0,뷰가 좋아요,
719,74,0,커피가 제 입 맛에는 안 맞네요.,
720,74,0,친환경을 의식한 테이크아웃 음료가 더 비싸지는 카페. 레몬청을 이용한 에이드 맛있어요.,
721,74,0,가성비가 좋아요,
722,74,0,친절해요,
723,74,0,맛있는음식 좋아,
724,74,0,위치가 좋아요,
725,74,0,커피가 맛있어요,
726,74,0,디저트가 맛있어요,
727,74,0,커피 너무 맛있어요,
728,74,0,환경도 지키고 테이크아웃컵이 친환경이라 좋아요,
729,74,0,굿굿굿,
730,74,0,커피가 맛있어요디저트가 맛있어요음료가 맛있어요특별한 메뉴가 있어요친절해요,
731,74,0,분위기 좋아요,
732,74,0,조아요,
733,74,0,친절해요,
734,74,0,율이야기,
735,74,0,서비스가 별로에요,
736,74,0,:),
737,74,0,가성비가 좋아요,
738,74,0,커피 맛있어요,
739,74,0,커피가 맛있어요,
740,74,0,생태공원 아메리카노 맛있어요,
741,74,0,친절해요,
742,74,0,매장이 청결해요,
743,74,0,커피가 맛있어요,
744,74,0,커피가 맛있어요,
745,74,0,커피가 맛있어요,
746,74,0,커피가 맛있어요,
747,74,0,조아요,
748,74,0,음료가 맛있어요,
749,74,0,친절하고 조아요,
750,74,0,조아요,
751,74,0,좌석이 편해요,
752,74,0,조아요,
753,74,0,친절해요,
754,74,0,특별한 메뉴가 있어요,
755,74,0,조아요,
756,74,0,조아요,
757,74,0,뷰가 좋아요,
758,74,0,조아요,
759,74,0,커피가 맛있어요,
760,74,0,친절하시고 음료도 맛있어요👍,
761,74,0,조아요,
762,74,0,조아요~~,
763,74,0,친절해요,
764,74,0,커피굿,
765,74,0,커피가 맛있어요,
766,74,0,뷰가 좋아요,
767,74,0,조아요,
768,74,0,가성비가 좋아요,
769,74,0,가성비가 좋아요,
770,74,0,조아요,
771,74,0,맛있어요,
772,74,0,친절해요,
773,74,0,조아요,
774,74,0,커피가 맛있어요,
775,74,0,커피가 맛있어요,
776,74,0,초막골 공원에서.,
777,74,0,맛있어요,
778,74,0,커피가 맛있어요,
779,74,0,조아요,
780,74,0,처음간곳. 아이들이 즐겁게 즐기고 어른들은 커피한잔의 여유를~,
781,74,0,음료개선이 필요하네요,
782,74,0,맛이너무없어요ㅜㅜ,
783,74,0,행복한 호랑이,
784,74,0,좋음,
785,74,0,커피가 맛있어요,
786,74,0,값이 저렴하며 커피는 산미가 좀 있습니다,
787,74,0,디저트 메뉴가 더 다양하면 좋겠어요~,
788,74,0,초막골 공원 좋아요~ 카페도 좋구요...,
789,74,0,커피 맛나요.,
790,74,0,음료가 맛있어요,
791,74,0,음료가 맛있어요,
792,74,0,초막골초입에 있어서 좋아요.,
793,74,0,친환경컵을 쓰는데 가격이 착하지는 않아요.,
794,74,0,텀블러가져가면 좋을듯요~,
795,74,0,쾌적하고 향이 좋아요,
796,74,0,공원안에 있어서 뷰가 좋아요,
797,74,0,주변 뷰가 좋아요,
798,74,0,뷰가 좋아요,
799,74,0,주문서 잘 보시고 해주세요,
800,74,0,친절해요,
801,74,0,공원 안에 있어서 좋아요 !,
802,74,0,커피가 맛있어요,
803,74,0,초막골 카페,
804,74,0,맛있고 친절해요. 경관이 좋아요.,
805,74,0,초막골생태공원 내 카페,
806,74,0,좋아요맛있고,
807,74,0,커피보다는 장소가 더 좋아요,
808,74,0,초막골커피숌 모임장소로좋아요,
809,74,0,커피맛있어요,
810,75,0,"11.23일 학회발표 준비 목적으로 세미나실 이용했습니다.
직원분들이 친절하게 알려주시고, 과천시가 청년을 위해 마련한 복지공간에 대한 설명도 들었습니다.
너무나 깔끔했고 방음도 잘되어서 편하게 준비할 수 있었습니다.
세미나실 안에 공기청정기도 구비되어있어서 쾌적하게 이용할 수 있었고, HDMI선으로 대형 모니터 이용하여 발표 연습도 가능했습니다.

좋은 공간, 좋은 사람 알게되어서 너무 좋았습니다.",
811,75,0,"비행지구를 방문해보니 생각보다 더 좋았습니다!
1. 접근성
정부청사역 11번 출구 바로 앞의 건물에 위치하고 과천 어디에서든 가까운 것이 정말 장점입니다!
2.쾌적함&친절함
사진에서 보이듯 정말 쾌적합니다. 환기를 자주 해서 그런지 코로나 위험에도 걱정 없습니다! 커피도 마실 수 있고 맛있어요! 컵도 빌려주시고 설거지도 할 수 있어서 좋아요! 따뜻한 물로 손도 씻을 수 있는 것도 좋습니다. 쾌적하고 직원 분들도 친절하셔서 너무 좋습니다!
3. 대화&노트북 사용&공부&회의 모두 가능한 멀티 공간
카페, 스터디룸의 장점을 하나로 합친 것 같아요! 넘 좋아요.
4. 다양한 프로그램
다양한 프로그램을 준비해주셔서 질 높은 강의를 선택해서 들을 수 있습니다! 청년마음 톡톡 상담소에 참여했는데 좋았어요!",
812,75,0,"처음으로 방문한 비행지구.
청년을 위한 공간이 생겨서 반가웠다.
인테리어도 예쁘고 깔끔하다.
다만 세미나실에 멀티탭이 없어서 아쉽다. 노트북 사용하려면 콘센트쪽으로 앉아야하는데 그러면 책상도 옮겨야한다…",
813,75,0,깔끔하고 분위기가 너무 좋네요,
814,75,0,"처음 방문했는데 데스크에 계신 분께서 찬찬히 알려주셔서 좋았어요! 새로 리모델링한 곳이라 깔끔하고 굉장히 조용한 분위기에서 업무나 공부할 수 있다는 점이 정말 좋은 것 같아요 ㅎㅎ
지금 세미나실 무료 기간이라 잘 이용하고 갑니다!

* 소셜공간에 노트북이나 책을 이용할 간이 테이블과 등받이 있는 의자가 더 생기면 좋을 것 같아요 ㅎㅎ",
815,75,0,공간이 깨끗하고 넓고 매우 좋았습니다! 커피도 무료로 마실 수 있고 직원분들도 친절했습니다:) 무엇보다 뷰도 좋아서 기분 좋게 머물다 갑니다!,
816,75,0,깔끔하고 쾌적한 공간에 만족합니다.,
817,75,0,쾌적한 공간 잘 이용하고 있습니다 ^^ 예약 시스템만 잘 다듬어졌으면 좋겠어요. 감사합니다 ^^,
818,75,0,정돈된 분위기와 공간에서 편안하게 모임을 가질 수 있었습니다.,
819,75,0,잘 정돈된 공간에서 편히 이용했습니다.,
820,75,0,시설도 넓고 깔끔한데다 환기도 잘 되어 있어 넘 좋았습니다. 특히 세미나나 강의 회의시에 아주 좋을 것 같아요!. 다음에도 애용할게요,
821,75,0,잘 사용했습니다. 감사합니다.,
822,75,0,조용하고 쾌적하고 좋았어요!!!,
823,75,0,깔끔하고 좋은시설에 다시한번 만족하고 갑니다!!,
824,75,0,좋아요,
825,75,0,신청부터 방문까지 별5개가 부족할 정도였습니다. 부족한게 있음 잘 챙겨주시고 커피와 물은 무료이며 정말 깨끗하고 쾌적한 환경에서 동아리 활동 잘 마무리하고 왔습니다. 다음에 또 이용하겠습니다.,
826,75,0,공간도 깨끗하고 회의하기에도 너무나 좋았어요^^ 과천시에 청년들이 사용할 수 있는 공간이 있다니 넘나 좋네요~,
827,75,0,갈 때마다 늘 고마운 공간입니다!,
828,75,0,공간의 크기도 적당하고 안내해주시는 분도 친절해서 독서모임 할 때 편안하게 이용했습니다~ ^^*,
829,75,0,회의할 때마다 이용하는 곳 역세권에 청년을 위한 이런 공간이 있다니 최고예요!!,
830,75,0,친절해요,
831,75,0,항상 이용할 때마다 행복을 느끼는 곳. 담당하시는 여자 공무원분들도 너무 친절하시고 항상 웃으면서 맞아주셔서 갈 때마다 행복합니다.^^,
832,75,0,세미나실 쾌적하고 좋아요! 게다가 무료 커피까지,
833,75,0,"역세권에 이렇게 좋은 대여공간이 있어서좋아요. 과천청년이라면 대관비도 무료, 지인들과 보드게임도 한판하고 커피도 마시고 좋네요. 비행지구에서 하는 다양한 이벤트들도 관심갖고있어요. 많은 청년들이 이 공간을 알았으면♡",
834,75,0,더 자유로이 시끄러워지는 비행지구 기대합니다 :-) 재밌는 시간 잘 보냈어요!,
835,75,0,"많은 청년들에게 도움이 되는 공간이네요~
안에 너무 잘되어있어서 다음에 꼭 다시 방문해보려구요!",
836,75,0,네 쾌적한 공간에서 모임을 순조롭게 진행하 수 있었습니다. 감사합니다.,
837,75,0,깨끗하게 정돈된 공간에서 편안하게 모임을 가질 수 있어 좋았습니다. 감사합니다.,
838,75,0,테이블 등 준비가 잘 되어 있고 TV 사용이 용이하며 환경이 청결합니다.,
839,77,0,좋아요,
840,82,0,인터넷 연결이 살짝 느렸지만 쾌적한 분위기 좋고 강의 내용도 좋았습니다.,
841,82,0,매번 트렌디한 새롭고 유용한 강의를 열어주셔서 감사합니다ㅜㅜ 나만알고싶은곳이었으나 이젠 많은 사람들이 알고있는 곳이 되어 기쁜데 아쉽고 물론 기뻐요...!ㅋㅋㅋㅋ,
842,82,0,김포에서 좋은 프로그램을 참여하게 되어 감사드립니다.,
843,82,0,"온라인마케팅을 하다보니 막히는 부분도 있었는데, 검색광고마케팅이란 자격증을 알게 되었으며, 강사님도 열정적으로 알려주고, 무료로 강의 듣게 되어 좋은 것 같아요.",
844,82,0,이 프로그램 말고도 참여하고 싶은 다양한 프로그램도 많은 것 같아요,
845,82,0,김포에 거주하시는 청년분들도 좋은 기회 잡아보시면 좋겠습니다.,
846,82,0,“검색광고의 노하우도 많이 알려주셨어요“,
847,82,0,구래동에 이런 곳이 있었다니.... 김포 살기 좋은동네였네요,
848,82,0,훌륭하신 강사분과 훌륭한 강의내용을 무료로 들을 수 있어서 너무 좋네요,
849,82,0,구래청년지원센터 모르고 계신 청년분들 많으실 것 같은데 홍보가 더 잘 됐으면 좋겠네요,
850,82,0,"강추합니다!!! 그리고 구래청년지원센터를 위해 힘써주시는 모든 직원분,관계자분께 너무 감사드리고 고생 많으십니다!",
851,82,0,혜자포터님이 진행하시는 블로그 강의를 수강했어요! 너무 유익한 강의여서 바로 실행할 수 있을 것 같아요. 더 열심히 해보고 싶은 마음도 불타오르네요🔥구래 창공이 교육실도 따로 있고 밖에는 공부나 휴식을 할 수 있는 공간도 있더라구요!,
852,82,0,공간도 쾌적하고 이쁘고 깔끔하고요.,
853,82,0,앞으로 자주 올 것 같아요!!,
854,82,0,관리자분들도 친절하시구 좋으세요.,
855,82,0,좋은 기회 감사합니다!,
856,82,0,직장을 다니면서 블로그를 운영해보려고 고민하던 중 창공 구래센터에서 이렇게 좋은 강의가 있다는 걸 알게되었습니다! 치열한 경쟁 끝에 예약에 성공해서 강의를 들어보니 왜 경쟁이 치열한지 알 수 있었어요. 내용도 너무 알차고 책에 나와있는 뻔한 강의가 아니라 최신 트렌드를 반영한 강의를 하려고 강사님이 노력하시는 게 보여서 더 열심히 듣게 되네요. 이렇게 좋은 강의를 무료로 듣게 해 준 창공 구래센터 최고! 좋은 강의를 해주시는 강사님도 최고!,
857,82,0,무료강의라고 생각되지 않게 실속있고 알찬 강의 였습니다 막연하게 생각했던 블로그에 대해 이해도가 높아졌고 앞으로 적극적으로 활용 가능하게 만들어준 시간이였습니다 청년들에게 큰 도움이 되는 구래창공 너무 감사합니다,
858,82,0,"블로그강의를 통해 블로그 작성에 대한 자신감을 갖게 되었고, 주제 선정 방법부터 글의 구조와 기술적인 부분까지 배울 수 있었습니다.",
859,82,0,ChatGPT 활용하는 법도 알려주셔서 이제는 블로거가 되는 데 조금의 용기를 얻었습니다. 감사합니다.,
860,82,0,숨은 1%까지 진심을 다해서 알려주시는 혜자포터님께 블로그 강의를 들었습니다.,
861,82,0,"초보자들부터 블로그를 어느정도 알고 있는 사람들까지 맞춤형 강의로 진행을 해주셨습니다. chat gpt를 활용해서 블로그 글 쓰는 방법, 컨텐츠 만드는 방법, 질문 하고 답해주시는 시간까지",
862,82,0,이런 엄청난 강사님을 모신 구래청년지원센터 짱입니다!!,
863,82,0,"유익한 정보를 무료로 제공받을 수 있어서 무척 좋았고, 특히 이번 블로그 수업은 정말 좋았습니다. 앞으로도 이런 기회들이 많이 제공되었으면 좋겠습니다^^ 감사합니다~",
864,82,0,여러가지 유익한 정보강의가 많고 이용할 수 있는 시설들이 많아서 좋아요,
865,82,0,좋은 강의를 무료로 들을 수 있는 곳입니다.,
866,82,0,시설도 깔끔하고 직원분들도 친절하셔서,
867,82,0,낯가리는 분들도 편하게 오셔서 업무를 보거나 휴식할 수 있어요 !,
868,82,0,좋은강의 들을수있는 기회가 생겨서 너무 좋았어요~,
869,82,0,이런 공간이 있는지 몰랐는데 적극적으로 이용할 생각입니다!,
870,82,0,좋은 강의 깔끔한 시설 너무 좋은곳입니다 청년들이 많이 활용할수있었으면좋겟어요 !,
871,82,0,구래동에 있어서 위치도 좋고 공간이 너무 쾌적해요~^^ 직장인을 위한 다양한 프로그램이 많아서 잘 이용하고 있어요!,
872,82,0,막막했던 블로그에 대해 이해하는 시간이었습니다. 유익한 강의 감사합니다! 오늘부터 꾸준히 블로그 활성화해보려고요ㅎㅎ,
873,82,0,그저 막연하고 막막했던 블로그였는데 강의를 통해 물꼬가 트이는 느낌입니다 :-) 머릿속으로 계획이 조금씩 그려집니다! 역시 혼자 끙끙 하는것보다는 관련된 강의를 들으며 정보를 얻고 도움을 받는게 정말 좋은것같아요 'ㅅ')b 늘 좋은 강의 기획해주시는 구래창공 감사합니다~,
874,82,0,구래동청년창공은 시설도 깨끗하고 매니저님들도 친절합니다.!!,
875,82,0,매번 청년들에게 유익하고 좋은 강의 많이 제공해주셔서 너무 감사드립니다.ㅎㅎ,
876,82,0,이번 블로그 강의는 뜬 구름 잡는 이야기가 아니라 피부에 와닿고 지금 당장!! 사용 할 수 있는 주옥같은 강의들이었어요. 이제 남은건.......제 몫..........^^..... 지..금.. 당..장... 블로그 쓰러갑니다.:-),
877,82,0,3일 내내 들어도 매번 새로운 내용으로 너무 재밌어요! 내일도 기대가 됩니다.,
878,82,0,"교육을 받고 나서, 블로그의 방문자 수가 크게 증가했습니다. 이제는 보다 전략적으로 블로그 성장을 더 이끌어낼 수 있을 것 같습니다. 완전 강추합니다!👏👏👏",
879,82,0,관심있는 블로그 강의 잘 들었습니다. 다음 특강도 기대되요,
880,82,0,"오래전 그만두었던 블로그를 재시작하려고 하면서 집 근처 구래청년지원센터 창공에서 관련 강의가 열린다고 해서 신청했습니다. 강의를 듣기 전에는 혹시 뻔한 이야기 아닐까? 인터넷에 떠도는 그런 정보 수준이 아닐까? 반신반의하기도 했는데, 강의를 들으면서 정말 많이 도움을 받았고 이 강의를 신청하기 잘했다는 생각이 들었습니다.",
881,82,0,"강사님께서 알아듣기 쉽게 강의해주셔서 좋았고, 실제 사례를 들어 설명해주시니 더 유익했습니다. 앞으로도 구래청년지원센터 창공에서 다양한 강의들이 열리면 꼭 다시 참여하고 싶습니다.",
882,82,0,창업을 준비하면서 블로그를 운영해야겠다고 막연하게 생각하고 있다가 교육 소식을 듣고 신청했습니다.,
883,82,0,블로그 운영부터 글 작성법까지 상세하게 교육을 들을 수 있어서 좋았습니다. 앞으로도 좋은 강의 기대가 되고 앞으로도 창공 공간을 자주 이용하고 싶습니다.,
884,82,0,블로그 수업 넘 알차고 재미있었어요 이해도 쏙쏙! 강의력 짱짱이십니다😀 남은 수업도 열심히 듣고 언젠가 꼭 유용히 써먹어 보겠습니다 ㅎㅎㅎ,
885,82,0,"항상 유익한 강의 진행해주시고, 다양한 경험할 수 있는 기회를 만들어 주시는 구래 창공 선생님들과 강사님 정말 정말 감사드려요🩵",
886,82,0,블로그 강의 도움많이되었습니다 너무 감사해요~^^,
887,82,0,"노래 소리가 너무 큽니다. 노래 소리에 대한 민원이 적지 않은 거 같은데 운영진 측이 일부러 그러는 건지 대응을 안 하네요. 아무리 본 공간이 공부만 하는 공간은 아니라고 해도, 책도 읽고 일도 하고 공부도 하는 복합문화공간인데 노래가 가요에다가 음량도 너무 커서 집중이 안됩니다.",
888,82,0,"이런 문제제기가 상당히 많은데, 신경써주시면 좋겠습니다. 이용자 수를 의도적으로 줄이려는 거라면 업무 방기이니 각성이 촉구됩니다.",
889,82,0,"1. 노래 뉴에이지나 클래식으로 변경, 2. 음량 줄이기 두 가지 건의드립니다.",
890,82,0,유익하고 즐거운 시간이었습니다,
891,82,0,다양한 프로그램을 운영하여 너무 좋습니다,
892,82,0,앞으로도 다양한 프로그램이 생겨서 많이 참여하고습니다,
893,82,0,좋은 프로그램이 많은 것 같습니다! 정말 도움되고 유익했던 것 같습니다 감사합니다.,
894,82,0,관심 있던 프로그램인데 창공에서 진행소식에 바로 등록했어요 잘 배우고 느끼고 갑니다,
895,82,0,실기적인부분 체험을 원하는 사람이 많은 프로그램인 만큼 이론적 부분을 얕게만 듣게 되어 아쉬웠어요,
896,82,0,즐거운 시간이였어요 퇴근시간 이후 7시 진행 프로그램이 더욱 다양해지면 좋겠습니다,
897,82,0,잘 이용하고 있습니다:-) 이런 공간이 있어 참 좋아요!!,
898,82,0,모두 너무 친절하시고 좋은 경험했습니다!!☺️👍🏻,
899,82,0,친구들과 재미있게 하고 왔어영! 너무나 친절하시고 다음에도 이런 프로그램이 있으면 참여하고싶아여🥰,
900,82,0,소정의 재료비로 알찬 수업을 들은 것 같아요 좋은,
901,82,0,수업들 망설이기만 하다 이번에 처음 들어봤는데 분,
902,82,0,위기도 좋고 재미있게 즐기다 왔습니다!내용 더보기,
903,82,0,"준비해주신 재료들에 관한 설명과 만드는 방법 등을 잘 알려주시고, 직접 만들어서 재밌었어요 ^_^",
904,82,0,뜨개가방 만들기 원데이 클래스 들었는데 재밌게 완성 잘 해갑니다! 감사합니다~~,
905,82,0,정말 즐겁게 만들고 갑니다!,
906,82,0,귀여운 곰돌이 라탄 거울을 만들 수 있어서 재밌었어요,
907,82,0,코끝까지 찡한 쿨비누 만들었어요,
908,82,0,친절해요!!,
909,82,0,친절하게 잘 해주십니다,
910,82,0,참 유쾌한 강사님 이셨지만 짧은 원데이 클래스라면 사설보다는 커리큘럼을 좀더 세밀하게 준비했다면 좋지않았을까… 물론 유익한 내용도 있었지만...내용 더보기,
911,82,0,면접 스터디를 위해 방문하였습니다. 시설 너~~무 깨끗하고 직원분도 너~~무 친절하셨어요! 동네에 이런 좋은 곳이 있는 지 이제야 알다니..! 너무 좋아요~ 종종 방문하겠습니다❣️,
912,82,0,직접 꽃바구니 만들어 볼 수 있는 좋은 기회였어요!,
913,82,0,강사님 너무 친절하셨고 바구니도 만족스럽게 만들 수 있었어요ㅠㅠㅎㅎ 이번에 좋은 선물하고 다음에 또 좋은 기회로 강습 참여해보고 싶어요!,
914,82,0,가정의달을 맞이해 개성있는 꽃바구니를 만들게 되어 기뻤습니다,
915,82,0,소모임실 대여를 처음 해봤는데 시설이 너무너무 좋고 깨끗해요! 입구에 계신 직원분이 너무 친절해서 절로 기분이 좋아지더라구요:) 자격증 시험이 얼마 안남아 함께 모여서 실습할 곳을 찾다가 우연히 예약했는데 정말 만족했습니다! 매번 좋은 프로그램과 깔끔한 시설 관리 해주셔서 감사합니다^^ 또 놀러가고싶을 정도로 너무 좋아요!,
916,82,0,[구래동 청년지원센터 창공] 너무 소중한 공간이에요- 늘 감사히 잘 이용하고 있습니다:),
917,82,0,입욕제 만들기 체험하였어요 넘넘 유익한 시간이었습니다❤️여기 너무 좋아요:),
918,82,0,청년지원센터 생긴거 보고 한 번 방문해 보고싶었는데 프린트할게 있어서 알아보다가 가게 되었어요. 일단 안내해주시는 분도 정말 친절하셔서 기분좋았구요 공간 너무 예쁘고 깔끔해서 더 기분좋게 사용할 수 있었어요. 꼭 포인트를 모아서 사용해야한다는 점이 불편할 수 있지만 처음가면 1000포인트 주시고 방문시마다 조금씩 주신다고 하시더라구요^^,
919,82,0,다음에 또 이용하고싶어요!!,
920,82,0,또 처음 여기 왔을때는 깔끔했는데 가면갈수록 뭔가 지저분한것들이 보이네요~음료 냉장고에는 반찬과 음식들도 보이구요,
921,82,0,관리자분의 관리의 기준이 어떤건지 김포시의 관리의 기준이 무엇인지 궁금합니다.,
922,82,0,구래청년지원센터 창공센터 규정 처음에 안내 드리고 있습니다. 업무상 처리할 게 많은건 개인 사정인데 짜증나는걸 이렇게 표현하시는건 아닌 것 같습니다. 반찬 및 음식은 프로그램 진행 재료 및 여러가지 상황으로 관리자들 판단 하에 넣어 놓았습니다. 기타 건의사항 있으시면 운영팀에 이야기 해주세요,
923,82,0,오늘도 좋았습니다,
924,82,0,공간이 엄청 깨끗하고 조용해서 좋았어요!!,
925,82,0,이런 곳이 있었다는 것을 일찍 알았으면 더 좋았을 텐데ㅠ,
926,82,0,손힘찬 작가 님의 특강을 들을 수 있어서 너무 좋았어요!!,
927,82,0,음악도 좋고 조용하고 여유롭고 자유롭고 편안한 분위기라 뭘 해도 좋아요~ 과제하기에 딱이네요ㅎㅎ,
928,82,0,너무 좋아요,
929,82,0,조용히 일하기 좋았습니다:),
930,82,0,오랜만에 왔는데 새해라서 예쁜 풍선이 달려있어서 기분이 좋았네요 ㅎㅎ 여기와서 일하면 집중이 잘 되어서 일들이 금방 끝나는 느낌이에요 :) 카페도 이용했는데 커피랑 맛있는 음료수들 많아요^^,
931,82,0,늘 잘 이용하고 있어요:),
932,82,0,선생님들께서 몹시 친절하십니당 ㅎㅎ,
933,82,0,넘 유익한 공간이 구래동에 있어 만족해요,
934,82,0,아늑하고 맘 편히 있을 수 있어요,
935,82,0,구래창공센터 포에버 ~~,
936,82,0,점심시간에 조용한 곳에 있고 싶은데 한 번 들렸다가 자주 가게 됐어요~!,
937,82,0,다녀오면 힐링 돼요 ^ ^ 지금 연말 분위기가 나서 좋더라구요 !!,
938,82,0,보자기 포장 배우는거 너무 좋았어요!! 코 앞에 연말이고 또 신년도 다가오니 예쁜 보자기로 선물하면 너무 딱 일거 같아요!!🎁 조각 보자기로 달력도 예쁘게 꾸며주니 너무 세련되고 멋져보여 놀랐어요!! 좋은 시간이었습니다!😉,
939,82,0,"유익한 수업이었어요. 보자기 포장만 생각했었는데 조각으로 분위기있는 달력도 디자인해볼 수 있어서 좋았습니다! 배운 포장 매듭도 따라하기 쉬워서 유용하게 잘 쓸 수 있을 것 같아요. 그리고 창공에 크리스마스 느낌 가득하게 꾸며져 있고 캐롤도 나와서 기분 좋게, 즐거운 시간 보내고 왔습니다.",
940,82,0,보자기를 덧대서 액자를 만드는 게 신기한 경험이였어요,
941,82,0,새로운 취미를 배우게 돼서 즐거웠습니다.,
942,82,0,공간도 쾌적하고 좋아요,
943,82,0,처음방문했는데 엄청 깨끗해요,
944,82,0,면접 준비 공간이 필요했는데 쾌적한 분위기에서 준비할 수 있어서 너무 좋았습니다. 또 이용하고 싶습니다.,
945,82,0,기초적인 내용 좋았어요~: )),
946,82,0,모르는 정보를 알게 되서 유용했어요,
947,82,0,강의 잘 들었습니다,
948,82,0,항상 감사합니다,
949,82,0,자주오는곳이긴한데 모임하기딱 좋다는생각이듭니다 애정합니다,
950,82,0,인센스 스틱 만들기 재밌었어요,
951,82,0,분위기도 좋고 프린트도 공짜로 할 수 있어서 자주 이용하는데 너무 좋아요~~,
952,82,0,좋은 기회로 라탄바구니 체험 했습니다. 구래창공 처음 방문하였는데 이용할 수 있는 것도 많고 쾌적해서 좋은 것 같아요^^,
953,82,0,예쁘게 만들어서 집에 가져갔어요 너무 재밌어요,
954,82,0,분위기도 좋고 음료 마시면서 편하게 시간 보낼 수 있어서 넘 좋아요~~♡,
955,82,0,"라탄바구니 만드는거 진짜 재밌었고, 귤 담아놓으니 넘 이쁘네요~",
956,82,0,빼빼로데이기념으로 사진도찍고 빼빼로받았네여 고맙습니다 ^ㅡ^,
957,82,0,높은 창공에서 보는 뷰가 좋아요!,
958,82,0,관리하시는 선생님들께서 구석구석 신경을 많이 쓰신게 느껴져요 공간이 늘 쾌적합니다😆,
959,82,0,처음 이용하는데 직원분들도 친절하게 설명해주기고 여유롭게 책을 읽을수 있어서 좋아요 ㅎ,
960,82,0,저만의 시간을 가질수 있어서 좋았습니다 ㅎㅎ,
961,82,0,항상 감사합니다,
962,82,0,조용하고 아늑한 느낌이 맘에 들어요,
963,82,0,할로윈 단장 귀엽고 재즈음악도 좋아요🥰,
964,82,0,달고나 재밌게 만들었어요~,
965,82,0,깨끗하고 좋아요,
966,82,0,정말 좋아요,
967,82,0,이렇게 좋은공간이 김포 그것도 구래동에 있다니ㅜㅜ 시설 완전 깨끗해요,
968,82,0,깨끗하고 프린트도 할수 있어서 너무 좋아요,
969,82,0,"시설도 깨끗하고 청년들을 위한 공간이 있어서 좋아요,, 그런데 음악소리는 좀 큰 것 같아요!! 가요가 아닌 클래식이나 잔잔한 음악이 나온다면 더 좋을거같아요",
970,82,0,가깝고좋아요ㅠㅠ나만알고싶은곳!,
971,82,0,다 좋았지만 음악소리가 너무커서 집중이 안되서 소리를 아예없앴으면 좋겠어요.,
972,82,0,시설도 좋고 포인트 모아서 무료 이용하는 것도 좋은데,
973,82,0,공부하기에는 음악이 적합하지 않은 거 같아요ㅜ,
974,82,0,"우연히 창공을 알게되어 방문했는데요, 운영팀 분들 친절하시고 깨끗한공간에서 작업할수있어 정말 만족합니다:)",
975,82,0,나만알고싶지만ㅎㅎ 많은분들께 추천하고싶어요~,
976,82,0,창공에 오면 다양한 정보를 얻을 수 있어 좋아요!😊,
977,82,0,널리알리고싶은곳임과 동시에 나만알고싶은곳,
978,82,0,청년들한테 유익한 공간이더라구요 그래서 점심시간에 가끔 방문해서 책도 읽고 힐링도 하고 좋더라구요..,
979,82,0,선생님들도 너무 친절하시구요! 딱 하나 아쉬운 게 있다면 어제 우유 하나 먹고 보니 유통기한이 10일 넘게 지났더라구요 ㅠㅠ... 그거 말고는 너무 좋아요 굳굳!,
980,82,0,"근처에 프린트 할곳이 급하게 필요해서 찾다가 알게되었습니다. 이 동네에 온지 거의 1년가까이 되었으나 그전까지는 이런곳이 있는지도 알지 못했습니다. 처음방문후 안내해주시는 분께서 이용방법을 친절히 설명해주십니다. 비록 첫날은 급하게 프린트만 하고 나오게 되었는데, 안에 다양하게 이용할수 있는 공간들이 있어서 너무나 만족하였습니다. 굳이 카페를 찾아가지 않아도 될정도로 깔끔하고 잘되어있습니다. 그래서 다음날 바로 또 예약후에 찾아가게 되었고, 기분좋게 이용하였습니다. 조용하게 혼자 필요한 일들을 처리할수 있는 공간으로 최적입니다 : )",
981,82,0,좋은 강의 들을 수 있어서 좋아용,
982,82,0,복사 및 프린트기기 사용 할 수 있어 좋습니다.,
983,82,0,청년들을 위한 공간 너무좋아요,
984,82,0,청년들을 위한 조용하고 편안한 곳에서 하루를 시작할 수 있어 좋아요! :),
985,82,0,구래 창공에서 유용한 정보들을 배울 수 있어서 너무 좋아요~,
986,82,0,항상 매니저님 좋은 강사님 초청해서 강의 만들어서 주셔서 감사합니다~^^,
987,82,0,구래창공의 알찬 수업 덕분에 많이 배우고 있습니다^^ 청년을 위한 공간도 넘 좋아요! 빨리 코로나 종식되서 마음껏 이용할 수 있었으면 좋겠습니다 :),
988,82,0,구로청년지원센터는 확실하게 청년지원하네요!,
989,82,0,원하는 강의가 있다면 열정적으로 푸쉬하세요 청년분들!,
990,82,0,모든 배움의 장을 열어주십니다!,
991,82,0,오늘 잘 들었습니다 :~),
992,82,0,블로그 하면서 놓치고 있는 다양한 정보들을 어떻게 보는지 알게 되어 좋아요!,
993,82,0,매일 쓰는것만 쓰다보니 신경 안쓰는 메뉴들이 많은데,
994,82,0,보고 갈 수 있게 짚어주셔서 지식이 쑥쑥! 레벨업 됩니다 :~),
995,82,0,구래청년창공에서 매달 청년들에게 유익한 좋은 강의 프로그램을 진행해주셔서 참여하고있습니다.,
996,82,0,이번 블로소득강의도 대만족입니다.,
997,82,0,너무 좋아요!!,
998,82,0,"제페토 앱에 대해 알아보고 공연, 게임 활용에 대한 설명을 해주셔서 재밌었어요.",
999,82,0,너무 깔끔하고 깨끗하고 친절하고 좋아요!,
1000,82,0,깔끔하고 유용한 곳이에요! 자주 이용할 생각입니다 :),
1001,82,0,방문때마다 편하게 이용하고 갑니당,
1002,82,0,정말 쾌적하고 좋아요 노래도 너무 신나요,
1003,82,0,저도 예전처럼 클래식이나 잔잔한 음악이 나왔으면 하지만😢 감사히 이용하고 있습니다,
1004,82,0,혹시.. 일부러 이용자수를 조절하기 위해 가요를 트는건가요? 음량도 너무 큰것같아요...... 사우동 창공은 안 그렇던데…,
1005,82,0,음악이 재즈나 클래식으로 바뀌었으면...ㅎㅎ그 외에는 깨끗하고 너무 좋은 시설입니다. 직원분도 매우 친절하시구요. 좋습니다,
1006,82,0,첨가서 몰라도 사용하는거 설명 잘해주시네요,
1007,82,0,노래 아직도 가요인가요..?,
1008,82,0,교육 퀄리티 너무 좋아요~,
1009,82,0,음악도 취향저격!,
1010,82,0,집중 잘되는 분위기 넘 좋아요!,
1011,82,0,항상 쾌적하고 좋은 공간에서 공부할 수 있어서 너무 좋습니다 ^^,
1012,82,0,온도도 적당하고 쾌적하고 너모 좋아요!,
1013,82,0,공부하거나 업무하시는 분들이 많이 이용하는 만큼 음악을 그에 맞는 걸로 틀어주시면 좋겠어요! 잔잔한 연주음악 같은 거요~ 가요가 많이 나와서 집중이 안 되네요ㅠㅠㅠ 신나는 아이돌 노래도 너무 많이 나오구요..,
1014,82,0,창공 덕에 이 더운날 시원하게 개인 작업할 수 있어 좋아요~ 🥰 감사합니다,
1015,82,0,집에서 재택근무를 하다 잘 안되어서 창공에 갔습니다!! 쾌적하고 집중도 잘 되고 정말 좋습니다!! 감사합니다👍👍,
1016,82,0,이런 곳을 이제 알은 것이 너무 아쉽네요 너무 편하고 분위기도 좋고 만족스럽습니다!!!,
1017,82,0,좋은강의를 기획해주셔서 감사합니다 ^^,
1018,82,0,뜻깊은시간이었습니다^^,
1019,82,0,깨끗하고 친절해요! 여러가지 시설물들을 제공해서 아주아주 편리합니다!!,
1020,82,0,친절한 안내 감사합니다. 공간도 너무 쾌적하고 김포시에 이런 공간이 있어 너무 감사합니다. 잘 활용해서 취업성공하고 싶습니다!,
1021,82,0,어떤 목적이든 공간이 필요하다면!,
1022,82,0,예약제라 붐비지 않고 조용히 사용할 수 있어 좋아요👍,
1023,82,0,거리두기 좌석이 있고 한정된 인원을 받아 운영하고 있어 넓고 쾌적한 분위기가 좋아요!,
1024,82,0,8층에 있어 창에 비치는 뷰도 넘 좋습니다☁️,
1025,82,0,첫방문이었는데 공간도 엄청 넓고 깔끔했습니다,
1026,82,0,친절하게 사용안내 해주셔서 편하게 이용했어요!,
1027,82,0,조용하고 좋아요,
1028,82,0,쾌적하고 조용해서 혼공하기 좋네요 직원분도 친절하셔서 고마웟습니다,
1029,82,0,"처음해보는건데 도자기에 연필로 그림그리고 휴지로 지우는것도 신기했고, 물감칠하는것도 신기하고 재밌었어요",
1030,82,0,평소에 접하지 못한 체험을 할 수 있어 신선하고 좋았습니다.,
1031,82,0,"자세하게 장비, 도구 사용법을 알려주시고 일상생활에서 활용할 수 있는 실용적인 재봉방법을 알려주셔서 유익한 수업이었습니다.",
1032,82,0,"유칼립투스, 레몬트리, 올리브나무 식물을 키우면서 자세히 들여다본 적이 없었는데 그리면서 잎사귀 모 양을 알게 됐어요. 초록 잎을 보다 보니 눈도 ...내용 더보기",
1033,82,0,너무 즐겁고 유익한 시간보내고왔어요 프로그램 추천합니당,
1034,82,0,좋아요!,
1035,82,0,너무 재밌었어요 앞으로도 프로그램 많이 참여할래요😉,
1036,82,0,"힐링되는 체험이었고, 향수에 대해서 배울 수 있어서 흥미로운 정보들을 들을 수 있는 시간이었습니다.",
1037,82,0,향수에 관한 기본적인 지식도 배우고 향료를 직접 골라 베이스노트와 탑노트 등등을 배합하고 계량하고 섞어보고 예쁜 공병에 담아오니 뿌듯하네요 정말 좋은 수업이었습니다~~,
1038,82,0,시설이 쾌적하고 1인 테이블도 있어서 사용하기 편했습니다.,
1039,82,0,다양한 간식도 구비되어 있어서 좋았어요.,
1040,82,0,프로그램도 좋고 퀄리티도 좋고 시설도 깨끗합니다~!,
1041,82,0,선생님이 지원해주신 재료로 공짜로 꽃바구니를 만들고 왔어요~ 예상했던 크기보다도 큰 꽃바구니로 가볍게 갔다가 무겁게 왔어요 :D,
1042,82,0,난이도는 개인적으로 어려웠지만 배운 보람이 있었습니다,
1043,82,0,꽃꽃이 과정 배워볼까 고민했었는 데 이번 수업으로 깔끔하게 포기했어요 (손 끝이 야무지지 못 해 😂),
1044,82,0,구래청년지원센터는 정말,
1045,82,0,인테리어도 너무 세련되고 예뻐요!,
1046,82,0,청년들을 위한 공간으로 정말 제격이에요♡,
1047,82,0,인스타갬성샷도 건질수있는곳!,
1048,82,0,젤 좋은건 청년들을 위해 다양한 강의를 진행해주는것 : - ),
1049,82,0,덕분에 직접 만든 꽃바구니를 부모님께 선물드릴수있어 너무 좋아요♡♡♡,
1050,82,0,관리하는 매니저님이랑 직원분들도 너무 친절하고 좋아요♡♡♡,
1051,82,0,"청년들에게 정말 필요한 공간, 접근성이 좋고 다양한 시도를 위한 물품을 자유롭게 빌려주는",
1052,82,0,조용하고 좋아욤,
1053,82,0,시설도 정말 좋구 안내해주시는 선생님들 또한 너무 친절하셔서 항상 만족해요 !,
1054,82,0,공간도 넓고 쾌적해요! 집 근처라 자주 오고 싶습니다. 이런 곳이 있다니 공부하기 정말 좋네요 ㅎㅎ,
1055,82,0,이제 1일차이지만 전반적으로 이런 것들이 있구나 알 수 있어서 좋았어요~^^,
1056,82,0,남은 강의도 기대됩니다~^^,
1057,82,0,시설도 좋고 다양한 간식과 용품들도 잘 구비돼 있어요. 구래동에 이런 공간이 있어서 좋습니다,
1058,82,0,집에서 가까운 구래창공~ 항상 좋은 강의들 많이 듣고 있어요! 김포 청년이라면 강추하는 곳!,
1059,82,0,앱 개발에 대해 궁금했었는데 좋은 강의 만들어 주셔서 감사합니다~^^,
1060,82,0,간식거리도다양해서 너무좋습니다 다만실용성있는프로그램이많이개설되었으면합니다:),
1061,82,0,자주오는곳인데 항상친절하시고 시설도쾌적해서이용하기 편리합니다 ^ㅡ^,
1062,82,0,항상 좋은 강의가 많아 자주 신청하게 되네요~^^,
1063,82,0,이번 강의도 강사님께서 쉽게 풀어 설명해주셔서 너무 좋았습니다~^^,
1064,82,0,좋은 강의를 무료로 들을 수 있어 감사합니다~^^,
1065,82,0,"업무상 서류 작업이 필요해서 처음 들렸는데, 이런 멋진 공간이라니요. 자주 오게 될 것 같아요. 안내해주시는 선생님께서 너무 친절하게 해주셔서 마음 편히 이용하고 갑니다.",
1066,82,0,"자주 들리는곳인데, 청년들이 쉽게 사용할수 있어서 좋은것같아요 항상감사합니다 ㅎㅎ",
1067,82,0,무료로 좋은 퀄리티의 강의를 들을 수 있다는게 좋았습니다. 강사님께서도 자신의 경험으로 말씀 많이 해주셔서 더 와닿았어요. 좋은 컨텐츠 제공해주셔서 감사합니다,
1068,82,0,ppt로 디자인을 어떻게 해야하는지 알게되었어요~^^,
1069,82,0,재미있고 즐거운 강의였습니다~^^,
1070,82,0,피피티 새로운 걸 배울 수 있어서 좋았어요:),
1071,82,0,"넓고, 깔끔하고, 쾌적해서 정말 좋아요. 집중도 잘 돼 서 공부도 엄청 잘 돼요! 직원분들도 친절하셔요. 창 공 내에서 이용할 수 있는 프로그램들이 다양...내용 더보기",
1072,82,0,자주이용하는데 직원분들도 너무친절하시고 시설도 깨끗해요! 앞으로 청년들을위한 공간이 많이 생겼으면 좋겠습니당^^,
1073,82,0,나만 알고싶은 공간!,
1074,82,0,평소 금융이 어렵게 느껴졌었는데요. 멋진 강사님께 좋은 강의를 들을 수 있어 감사한 하루였습니다.^^,
1075,82,0,강사님 감사합니다~^^,
1076,82,0,오랜만에 구래창공에 갔습니다.예전에 갔을 때보다 공부하는 사람들이 많았습니다.스튜디오를 사용하시는 분도 있어서 아쉽게도 휴식 공간과 소모임실만 구경하다 왔어요 🥲,
1077,82,0,매번 갈 때마다 조금씩 달라지니 다른 그림 찾기를 하는 것 같아요 😆😆,
1078,82,0,올때마다 쌓이는 포인트로 이것저것 사용할 수 있어서 자주 찾게 되네요. 카페에서 공부하는 분위기가 나면서도 더 넓고 편하게 사용할 수 있어서 좋아요,
1079,82,0,열정언니님의 알찬 유튜브 강의 감사합니다~^^,
1080,82,0,비대면 강의 들었는데 내용 알차고 실속있어서 좋았습니다!,
1081,82,0,좋은 강의 들을 수 있는 기회 주셔서 감사합니다 :~),
1082,82,0,수업은 유익햇습니다 ! 다만 사우점이랑은 다르게 센터에서 담당자분 안내가 부족한것같아요 .. 도착햇을때 여기 제대로 온거 맞나 ? 이런생각햇어요,
1083,82,0,들어갔을때 아무도 인포에 안계셔서 뻘쭘했지만 금방 나오셔서 안내해주셨습니다. 오늘 처음 갔는데 분위기가 어색하더라고요ㅜ어느 분이 직원인지 구분도 안되고ㅠㅎㅎ 처음가서 그렇겠죵?! 하지만 프로그램도 시설도 너무 좋아서 재방문하고싶어요! 오늘 소방교육 정말 최고였습니다~♥,
1084,82,0,열심히 준비하셔서 좋은 결과가 있으시길 바랍니다! 준비가 되면 다시 VR면접트레이닝 이용하러 오세요!,
1085,82,0,깔끔해서 공부도 잘되고 달마다 알찬 이벤트가 많아 서 유익합니다 청년들을 위해 이런 공간을 만들어 주셔서 감사합니다 !,
1086,82,0,구래청년지원센터에서 열공하시고 하시려는 일에 좋은 결과가 있으시길 바랍니다!,
1087,82,0,앞으로 자주 방문할 것 같아요:),
1088,82,0,구래청년지원센터에서 열공하시고 하시려는 일에 좋은 결과가 있으시길 바랍니다!,
1089,83,0,알파룸 대관 프라이빗하고 넘 좋아요^^,
1090,83,0,포근하고 아름답게 꾸며진 조용한 독립서점 '코뿔소 책방'에서 <우리가 잘 모르던 아이들>이라는 주제로 같은 책을 읽고 서로의 다양한 견해를 들어보...내용 더보기,
1091,83,0,책방짙은에서 모인 '시와 커피' 독서 모임.커피를 마시며 시를 읽고 함께 나누었습니다. 다음 모임이 벌써 기대됩니다,
1092,83,0,정말도움되는공간 감사합니다!,
1093,83,0,공부하기 좋아요,
1094,83,0,영상 촬영으로 이용했는데 카메라 좋고 조명도 룩스패드 2개 있어서 화사하게 잘 나와요! 근데 내부에 스피커가 있는건지 노래소리가 마이크에 들어가는데 외부 공간하고 소음차단이 확실하게 되면 더 좋을것 같아요ㅎㅎㅎ 영상은 깔끔하게 예쁘게 잘나옵니다!,
1095,83,0,너무좋아요!,
1096,83,0,정말 소중하고 귀한 시간이었어요! ♡♡♡ 4인 4색 청년 예술가분들의 토크쇼! ♡♡♡,
1097,83,0,깨끗하고 조용해서 좋아요,
1098,83,0,너무 좋아요!! 도움 많이 되었습니당ㅎㅎ,
1099,83,0,창공탐험 공간은 이용자들이 편하게 공부할 수 있도 록 만들어진 공간으로 보이는데 인기있는 가요나 댄 스곡을 크게 트시는 목적을 모르겠습니다 게...내용 더보기,
1100,83,0,적극활용추천해봅니다,
1101,83,0,다양하고 조용하고 깨끗합니다,
1102,83,0,너무 친절하게 대해주셔서 편하게 이용하다 갑니다 ^^,
1103,83,0,전반적으로 만족하지만,
1104,83,0,노래 가요말고 재즈나 클래식으로 바꿔주셨으면 좋겠어요 ㅠㅠ 가요 너무 집중 방해됩니다,
1105,83,0,좋아요~!,
1106,83,0,차분히 따라할 수 있고 상세하게 알려주셔서 만족도가 큽니다. 감사합니다,
1107,83,0,줌으로 진행된 레진 공예 너무 재미있었어요♥︎,
1108,83,0,프랑스 자수 재밌었어요!! 선생님께서 친절하게 알려주셔서 진도 따라가기 어렵지 않았어요! 수업 후반에 제 노트북 배터리가 다 돼서 끝까지 참여하지 못한 게 넘 아쉬웠어요ㅠㅠ 유익한 프로그램 잘 들었습니다! 감사합니다😊,
1109,83,0,프랑스 자수 재밌네요 ^^ 직장인을 위해서 퇴근 시간 이후 수업도 많이 제공해주셨으면 좋겠습니다 ^^,
1110,83,0,프랑스 자수 재미있네요 중간에 핸드폰 배터리가 나가서 끝까지 못들은게 아쉬워요 ㅠ,
1111,83,0,감사합니다. 잘 들었습니다,
1112,83,0,"완전 친절하시고, 쾌적해요😊",
1113,83,0,에어컨 잘 나오고 좋아요 다만 넓지는 않아요,
1114,83,0,쾌적하고 좋아요,
1115,83,0,최고예요~,
1116,83,0,"프로그램 진행과 운영 커리큘럼 , 프로그램, 강사진 선별 등 담당 공무원 및 관리자가 꼼꼼하게 관리감독해야 할것 같더라구요. 국가예산으로 운영하는걸로 알고 있는데 관리좀 잘해주세요.",
1117,83,0,MC 맡으신 분이 매우 프로폐셔널 하게 진행해주셔서 초반에 서먹했던 분위기가 금방 밝아졌고 푸짐한 상품도 아낌없이 쏘셔서 유익하고 즐거운 시간이었습니다,
1118,83,0,너무 재밌고 유익한 시간이였어요!!,
1119,83,0,쾌적하고 조아요,
1120,83,0,"시설, 프로그램, 환경 너무나 좋습니다 강추!",
1121,83,0,이렇게 좋은 프로그램이 있단 걸 알게 되어 좋았습니다!,
1122,83,0,유익한 강의였어요!,
1123,83,0,좋고 편한 분위기 입니다! 시설도 좋아요! 감사합니다:->,
1124,83,0,공간도 쾌적하고 넓었어요!,
1125,83,0,오리너구리 영수증,
1126,83,0,유쾌하고 재밌습니다,
1127,83,0,"제가 부끄러움, 낯가림도 심한데도 불구하고 창공 프로그램 통해서 다양한 청년들과 잠깐이나마 즐거운 금요일을 보낼 수 있었습니다. 참가하신 모든 분들과 운영진, 그리고 최고의 장우성MC님께도 감사드립니다. 큰 기대 안했는데, 기대 이상이라서 좋았고요. 덧붙여, 선물까지 받을 수 있게 돼 영광입니다. 창공 화이팅입니다.",
1128,83,0,"온라인임에도 불구하고 흥이 올라올 수 있게 노력해주신 엠씨분, 기획하느라 애써주신 운영자분도 고생하셨습니다 !",
1129,83,0,청년의 열정과 즐거움을 느낄 수 있었습니다 감사합니다 !,
1130,83,0,깨끗하고 좋은 공간에서 즐거운 시간 보냈습니다 :D 알차고 좋았어요!,
1131,83,0,알찬 프로그램이 많아 애용중입니다🥰,
1132,83,0,시작전에 식물에 대해~ 강의도 좋았구 체험도 할수있는 강좌가 있어 좋았습니다.,
1133,83,0,앞으로도 창공 많은 프로그램 기대할께요!,
1134,83,0,나만의 반려식물이 생기게 되어서 너무 좋아요^^,
1135,83,0,가습기 효과도 있다는 수경식물~!!! 겨울철 건조한 방에 놓으면 딱일듯 해요~~방에 놓으니 초록 초록 너무 예쁘네요~~,
1136,83,0,예쁘게 잘 키울게요^^,
1137,83,0,집중할 수 있는 좋은 시간이었습니다ღ,
1138,83,0,자신의 장점을 꾸미면서 색에 대한 다양한 의미를 알 수 있어서 좋았어요,
1139,83,0,앞으로 더 좋은 프로그램을 함께 하고 싶습니다!! 감사합니다♡♡,
1140,83,0,케익만들기 어려울줄 알았는데 선생님이 알기 쉽게 설명해주시고 다같이 수업을 따라오는지도 신경써 주시면서 알려주셔서 쉽게 만들었어요~! 맛도 카페에서 파는 맛있는 케익 맛:) 기회가 된다면 다른 수업도 참여하고 싶어요~,
1141,83,0,화질도 별로고 강사님도 그냥 내용을 읽었어요,
1142,83,0,재료 준비도 꼼꼼하게 챙겨서 보내주시고 놓쳐서 못 따라가면 어떻하지 걱정했는데 요리 순서도 까지 챙겨보내주셔서 끝까지 완성 할수 있었답니다.^^ 코로나만 아니면 직접 가서 배우고 더 재미있었을 텐데 아쉬워요. 그래두 비대면 수업으로 좋은 경험 할 수 있게 해주셔서 감사합니다.^^,
1143,83,0,정말 만족했습니다! 다음에 또 기회가 된다면 참여하고 싶어요:),
1144,83,0,좋은 프로그램 감사합니다.,
1145,83,0,줌으로 수업했는데도 너무 재밌게 잘했어용,
1146,83,0,쌤도 너무 재밌으시구 감사합니다~!,
1147,83,0,도움이 많이됩니다,
1148,83,0,감사합니다,
1149,83,0,만족합니다,
1150,83,0,집에서도 즐거운 시간을 보낼 수 있었어요😆,
1151,83,0,처음 경험해보지만 많이 어렵지 않아서 재밋게 참여했습니다,
1152,83,0,친절하게 수업 잘 들을 수 있었습니다.,
1153,83,0,캔들이나 창업과 관련된 이야기들을 편안하게 진행해주셔서 좋았어요 :),
1154,83,0,캔들이 작아서 좀 아쉬웠어요~ 그래도 예쁜캔들보니까 힐링되고 좋습니다,
1155,83,0,좋은수업 무료로 강의해주셔서 감사합니다,
1156,83,0,다음에도 또 하고싶어요٩(๑❛ᴗ❛๑)۶,
1157,83,0,좋은정보 얻어갑니다,
1158,83,0,공방 창업과 관련된 정보들을 친절하게 알려주셔서 좋았어요 체험활동 시간에 제게 잘 어울리도록 많이 도와주셔서 클래스에서 만든 아이템 잘 사용...내용 더보기,
1159,83,0,"김포청년네트워크파티에 참석 해 창업 관련 더욱 폭넓은 시각을 가지고 많은 생각하게 되었습니다. 강연해주신 대표님,매니져님 그리고 준비해주신 모든 분들 감사드립니다 ^^",
1160,83,0,유익한 시간이였습니다.,
1161,83,0,좋은 자리 만들어주셔서 감사합니다. 큰도움 됐습니다,
1162,83,0,청년들이 많은 꿈을 도전할 수 있도록 다양한 주제의 강연을 열어주셔서 정말 감사합니다. 평소 창업에 관해서 관심이 있었는데 대표님들의 강연을 통해 많은 것을 배워갔습니다 :),
1163,83,0,공간 특성상 버너 수량이 넉넉하지 않아서 진행에 어려움이 있으셨을텐데,
1164,83,0,다같이 질서있게 이용할 수 있도록 자연스럽게 도와주셔서 좋았어요,
1165,83,0,재료 준비와 드레싱 레시피 등에 대해서도,
1166,83,0,알기 쉽게 설명해주셔서,
1167,83,0,혼자 또 해먹어 볼 수 있을 것 같아요^^,
1168,83,0,재미있었어요 ㅎㅎ,
1169,83,0,유칼립투스 생화를 직접 만져보는건 처음이었어요,
1170,83,0,만드는 과정에 대해 자세히 알려주시고,
1171,83,0,또 미리 영상으로 준비해오셔서 정말 좋았습니다!!,
1172,83,0,특히 저는 그날 비가 많이와서 딱 맞춰 도착하게되어,
1173,83,0,뒤쪽에 앉았었는데 보조선생님께서 많이 도와주셨어요^^,
1174,83,0,매우 유익했습니다!,
1175,83,0,"만드는 건 쉽진 않았지만 도움 요청하면 친절히 안내해주시고 너무 좋은 시간이었습니다. 리스 담아갈 봉투까지 준비해주셔서 비가 오는데도 상하지 않고 잘 가져올 수 있었어요. 무엇보다 결과물이 대만족입니다. 사실 손이 느리고 둔해서 이런 만들기 잘 못하는 편이라 잘 할수있을지 걱정 많았거든요. 중간까지는 '망한듯...' 이라고 생각했는데 완성하니 너무 이쁘네요ㅎㅎㅎ좋은 시간 만들어주신 강사님과 보조강사님, 좋은 클래스 섭외해주신 창공님께 감사드립니다^^",
1176,83,0,너무 좋은 유익한 시간이었어요!!,
1177,83,0,이런 프로그램 많이 생겼으면 좋겠어요!!,
1178,83,0,알찬 시간이었습니다! 강의 내용도 유익했고 체험 활동도 재미있었어요.,
1179,83,0,꿀잼이엇음,
1180,83,0,핵심요약도 좋고 다양한 정보도 얻을 수 있어ㅛ음,
1181,83,0,항상 유익한 수업 들어갑니다,
1182,83,0,항상 좋아요,
1183,83,0,청년창공 서로서로 클래스를 통해 스트레스도 풀고 힐링하는 시간을 갖게되었습니다.,
1184,83,0,감사합니다.,
1185,83,0,너무 좋았어요,
1186,83,0,진짜 재밌었어요! 꼭해보세요!,
1187,83,0,너무 즐거웠습니다 *^^ 친절히 해주셔서 감사합니다 ^^,
1188,83,0,무료로 이렇게 좋은 공간에서 좋은 강의듣고 간식도 먹을 수 있는게 너무 좋았어요! 인생에 정말 도움이 많이 될 강의들 많이 열어주셔서 너무 감사합니다 :),
1189,83,0,이렇게 좋은 특강 오랜만이네요 ㅎㅎㅎㅎㅎㅎㅎㅎㅎㅎㅎ,
1190,83,0,감사합니다!,
1191,83,0,"네이버 예약시스템 이용하니, 네이버 캘린더에도 일정이 잡혀서 편리하더라구요^^ 다양한 프로그램에 감동했습니닷",
1192,97,0,"편의시설이 좋아요.
주차장도 저렴하네요",
1193,107,0,좋아요,4
1194,107,0,좋아요,3.5
1195,107,0,자주 가는곳이에요. 공원도 산책하고 커피도 마시고 좋아요,5
1196,107,0,너무 아이가 좋아했고 도심을 벗어나 새소리와 비소리를 들으며 아이와 둘만의 사색의 시간을 보냈어요,4.5
1197,107,0,굿,5
1198,111,0,"온라인강의를위해 미디어스튜디오사용신청했어요.
마이크 듀얼모니터등 기자재가 잘 정리되어있어요.
무선인터넷으로 컴퓨터가 연결이됩니다!
방음부스라서 안심하고 일정을 진행했네요!
대관이 무료인데다 주차비도 저렴해서 스터디룸 빌릴까했는데 훨씬더 편하게 이용했습니다.",
1199,111,0,연습할 공간이 마땅치 않았는데 무료로 이런공간을 사용할수 있다는게 정말 좋습니다 잘 이용하고 갑니다,
1200,111,0,시설도 좋고 잘 관리 되어있어 오롯이 연습하기 좋은 환경이었숩니다. 매니저님등 직원분들 모두 친절하십니다. 감사합니다.,
1201,111,0,친절하시구 좋아요,
1202,111,0,매우 만족합니다. 잘썼습니다. 감사합니다.,
1203,111,0,"연습을 햐야해서 대여했는데
직원 모두 친절하게 안내해주셔서 쾌적하고 편하게 이용했습니다^^ 이런 공간이 있어서 너무 감사드려요~~^^",
1204,111,0,직원분이 친절하게 안내해주셔서 좋았고 연습실도 좋았습니다!,
1205,111,0,"공연장으로 이용하기엔 손이 많이 가는편!
음향시설이 되어있지만 간단한 모임이나 컨퍼런스까지는 괜찮은듯",
1206,111,0,친절하고 깨끗해요!!! 사용 너무 잘 했습니당!!,
1207,111,0,매니저분도 너무 친절하고 잘 다녀왔습니다. 시간 날때 마다 사용할 것 같아요.,
1208,111,0,좋아요!,
1209,111,0,만족합니다! 잘 사용하고 갑니다,
1210,111,0,이런 공간을 대관하는게 무료라니~~,
1211,111,0,운영자분들도 친절하시고 공간도 잘 구성되어있어 편하게 이용했습니다. 경기도 청년이라면 누구나 이용가능하니 편하게 자주 쓰면 좋을것같아요.,
1212,111,0,전반적으로 관리 잘 되고있고 시설이나 기기들도 간단히 합주하기엔 좋습니다!,
1213,111,0,코로나19 속에서 안내에 따라 안전하게 대관 이용 마칠 수 았었어요 :) 대관 장소 내 장비 안내 자료가 있으나 어느 정도 지식이 있는 사람들이 더 잘 이용할 수 있어요! 좋은 공간에서 보람찬 시간 보냈습니다 ~,
1214,121,0,"매번 뜨개모임을 여기서 합니다.
청년들을 위한 컨텐츠가 다양해서 좋아요!
위치도 범계역 롯백에 있어서 만남하기에도 좋고 쉬기에도 좋네요.",
1215,121,0,"범계역에서 바로 연결되는 위치라서 접근성이 좋습니다. 소규모 모임, 회의하기 좋습니다. 예약만 하면 무료로 공간을 사용할 수 있고, 마실 음료도 있어좋습니다.
앞으로 이용이 많아질 것 같습니다. 감사합니다.",
1216,121,0,매우 쾌적하고 첫 이용인데도 친절하게 안내해주셔서 편하게 퍼스널컬러를 진단할 수 있었습니다 :D 앞으로도 종종 사용할 것 같습니다! 감사합니다 :),
1217,130,0,"비대면 화상 면접 목적으로 AI스튜디오를 이용했습니다.
카메라, 마이크, 데스크탑 같은 장비들도 좋았으며 무엇보다 쾌적한 환경에서 면접을 볼 수 있어 좋았습니다.
끝으로, 상주하고 계신 직원분께서 친절하게 응대해주셔 편하게 이용했습니다. 감사합니다.",
1218,130,0,"유잡스 너무 좋아요 친절하고 늘 도움 많이 받고있어요
오산 청년이라면 꼭 한번",
1219,130,0,"화상면접 때문에 여러번 예약했었는데, 직원분들도 친절하시고 방음도 잘돼서 좋아요 와이파이도!!ㅎㅎ 여러번 보고 여러번 떨어졌었지만 결국 하나 붙어서 취업 성공 했습니다. 감사해요",
1220,130,0,추천해요 쾌적하고 여건이 좋아요~,
1221,130,0,AI역량검사를 위한 최적의 장소입니다. 덕분에 잘 마칠 수 있었어요. 감사합니다.,
1222,130,0,"깨끗하고 조용해서 좋아요><
사용법도 적혀있으면 더 편하고 좋을 것 같아요!",
1223,130,0,"AI스튜디오 이용하였습니다. 대만족 합니다. 덕분에 면접도 좋은 결과를 얻었습니다.
운영을 맡아주신 분들께 진심으로 감사드립니다.",
1224,130,0,깨끗하고 시설 너무 좋아요 ! 덕분에 AI 역량검사도 잘 마쳤어요 다음에 또 이용할 일 있으면 꼭 올 것 같아요,
1225,130,0,"깨끗하고 장비가 잘되있어서 좋다 대기시간없이 바로들어갔고 에어컨도 킬수있어서 편히 사용햇다
무료로이용할수있어서 너무좋았고 직원분들도 넘나친절하심 굿굿굿 물마실생각이면 컵은지참하시길",
1226,130,0,"시설 좋고 깔끔해요^^
이용하기편합니다!",
1227,148,0,"무료로 대여해 주시는 건데도 친절하게 안내해 주시고 공간도 쾌적했어요.
소규모 미팅이나 발표가 있을 때 이용하시면 금상첨화입니다",
1228,148,0,"세미나실 모임 갖기에 너무 좋습니다.
센터장님을 비롯한 직원 분들도 정말 친절하세요.

이런 곳을 이용할 수 있어서 너무 좋았습니다.",
1229,148,0,공간 너무 좋습니다. 감사합니다👍🏻👍🏻,
1230,148,0,매달 가지만 조용하고 집중하기 좋아요,
1231,148,0,"다들 너무 친절하시고 면접준비하기에도 너무 좋습니다~!
항상 감사합니다!",
1232,150,1,LH강남권마이홈센터에서 열린 공기업 취업전략 설명회에 참여하였습니다. 공기업을 준비하는 입장에서 막막했던 게 사실입니다. 하지만 이번 설명회를 통해 준비 시 가이드라인과 여러 팁들을 알려주셔서 방향성을 잡는데 도움이 되었습니다. 강남권마이홈센터가 서울시취업카페인지 몰랐는데 위치와 시설이 좋아서 앞으로 다른 설명회나 기회가 있으면 참여하기 좋을 것 갔습니다.,
1233,150,1,공기업취업전략설명회를 듣기 위해 LH강남권마이홈센터에 방문하게 됐습니다. 아직 대학생이라 공기업 취업에 대해 정확히 알지 못했는데 이번 기회를 통해 구체적인 방향을 설정해 계획을 세울 수 있었습니다. LH강남권 마이홈센터도 위치도 좋고 스터디룸도 무료로 이용할 수 있어 정말 유용할꺼 같슺니다. 앞으로도 이런 기회가 많아 자주 참여할 수 있으면 좋겠습니다. 설명회 감사합니다!,
1234,150,1, 강사님이 너무 재미있으셨고 공기업에 대한 정보들을 많이 알아가는것 같아서 좋았습니다.@@,
1235,150,1,"LH강남권마이홈센터에서 좋은 기회가 있어 처음으로 공기업취업전략 설명회에 참여하게 되었습니다. 막막하게 생각했던 공기업 취업 준비에 대해 강사님께서 명쾌하게 설명해주시고 응원해주셔서, 앞으로 어떤 준비를 한 단계씩 해나가야 할지 뚜렷해지는 시간이었습니다. 시설도 쾌적하고, 자유롭게 이용가능한 공간이 있어서 스터디 모임이나 혼자 공부할 때도 유용한 공간이 될 것 같습니다.",
1236,150,1,"	공기업 취업에 대해 관심은 많았지만 어떤 방법으로 준비해 나가야 할지 막막했습니다. 그런데 LH강남권마이홈센터에서 소중한 기회를 주셔서 공기업 취업전략 설명회에 참여할 수 있게 되었습니다. 강사님으로부터 체계적이고 현실적인 조언들을 들을 수 있어 취업 준비 과정의 막연함이 사라지고 목표를 다질 수 있었던 매우 뜻깊은 시간이었습니다. 앞으로도 이러한 기회가 있으면 꼭 참여하고 싶습니다!",
1237,150,1,면접스터디를 준비하며 스터디카페를 알아보다가 서울시에서 취업청년들을 위해 무료로 스터디룸을 제공한다는것을 알았습니다. 무료여서 기대안하고갔었는데 돈내고 가는 스터디카페 못지않게 깨끗하고 조용했습니다. 관계자분께서도 물과 차마실 수있다는 안내도 해주시고 친절하셔서 기분좋게 스터디하고왔어요. 기회가 된다면 또 이용하고 싶어요.,
1238,150,1,"	좋은 기회에 좋은 강사님과 함께 스피치 강의를 들을 수 있어서 좋았습니다. 선릉역 바로 앞이라 위치도 좋고 스터디룸도 무료로 이용할 수 있어서 앞으로 자주 애용할 수 있을것 같습니다 감사합니다.",
1239,150,1,"1분 자기소개 스피치를 배우기 위해 LH강남권마이홈센터에 방문하게 되었습니다. 무료로 제공받는 컨설팅이다 보니 크게 기대하지 않았는데, 강사님의 강의가 정말 유익하고 도움이 많이 되었습니다. 뿐만 아니라 마이홈센터라는 장소에 대해 알게되어 좋았습니다. 추후에도 취업 준비를 하며 스터디룸이라든지, 다른 목적으로도 방문하기 좋은 장소인 것 같습니다.",
1240,150,1,면접에 대한 팁을 얻고 싶어 자기소개 스피치 특강을 듣기 위해 LH강남권마이홈센터에 방문하게 되었습니다. 특강강사님이 한분한분 자기소개를 들어보고 직접 교정해주셔서 면접준비에 큰 도움이 되었습니다. 마이홈센터도 위치도 좋고 이용하기 편해서 자주 방문할 것 같습니다. 좋은 기회주셔서 감사합니다.,
1241,150,1,"	면접과 자기소개에 대해 처음으로 배워보았는데, 참신하고 유익했던 강의였고 앞으로 어떻게 준비해야 할지에 대해 많은 도움이 되었습니다. 좋은 강의를 무료로, 또 좋은 위치에서 접할 수 있는 기회였습니다.",
1242,150,1,"	면접에 자신감을 얻고 싶어 강의에 참여하게 되었습니다. 강의 내용이 흥미롭고 실용적이어서 많은 도움이 되었습니다. 특히 강사님께서 수강생들의 자기소개를 듣고 개인별로 코멘트를 해주셔서 매우 유익했습니다. 좋은 기회를 주셔서 감사합니다!",
1243,150,1,자기소개서 특강을 듣기위해 LH 강남권마이홈센터에 방문하게 되었습니다. 자기소개서를 쓰는 방법과 강사님의 개별 코칭으로 자기소개서를 어떻게 써야하는가에대한 구체적인 방향을 찾을 수 있는 좋은 시간이었습니다. LH 강남권 마이홈센터도 추후에 다른 좋은 특강을 듣거나 스터디룸을 이용하기위해 방문하기 좋은 장소인거 같습니다. 감사합니다.,
1244,150,1,"	업무 공간을 빌려 쓰는 개념의 공간이라, 이용 중 12시~1시는 점심시간이라 밖에 나가있어야 합니다. 월/금은 오후만 이용 가능, 화요일은 이용이 안됩니다. 예약을 원하면 반드시 이용 전날까지 전화 문의 후 열어주신 예약 창구로 승인을 받아 이용 가능합니다. 홈페이지에 기재된 모든 공간은 이용 시간이 3시간 제한이며, 그 이후는 추가 방문객/외부 기관/기관 내 회의 일정에 따라 비워드려야 합니다. (2023년 2월 1일 기준)",
1245,150,1,"홈페이지에 표시된 이용 가능 시간,기간 등 정보가 실제 이용 정보와 달라 전화 문의를 상세하게 드려야 했고, 청년 공간임에도 동시에 업무 공간이기에 다른 기관들 및 내부 회의 등 일정에 따라 3시간마다 자리를 비워드려야 한다는 부분에서 친구를 만나기 전 잠시 쉬는 용도 외에 실질적인 취업 카페로써의 이용이 불가능한 공간이었습니다. 안내주신 분은 친절했습니다 :)",
1246,151,0,좋아요,
1247,151,0,"아주 만족, 칭찬",
1248,151,0,굿,
1249,151,0,좋아요,
1250,151,0,좋아요 ㅎㅎㅎㅎ,
1251,151,1,"강동일자리카페 ->대기업 합격! 1. 직원 직원분들이 있는데 청년들을 위해 정말 많이 배려해주시는 게 느껴지십니다. 상담도 최고! 2. 강의 토요일에 자기소개서, 면접, 스피치 등 다양한 강의가 열리고 있습니다. 유튜브 등에서 보던 유명 강사분이 와서 강의를 해주시는데 큰 도움이 되고 있습니다! 3. AI 면접실 AI 면접실이 있어 시험응시가 가능합니다. 조명, 노트북 ,마이크 등 다양한 설비가 갖추어져 있습니다.",
1252,151,1,감사합니다,
1253,151,1,"프린터 있으면 좋겟어요,",
1254,151,1,김사합니다,
1255,151,1,감사합니다,
1256,153,0,공간도 넓고 직원분들도 친절했습니다. VR기기도 개인 공간에서 혼자 쓸 수 있어서 좋았습니다.,5
1257,153,0,너무 좋았습니다~!!,5
1258,153,0,상담원 분꼐서 매우 친절하셨습니다.,5
1259,153,0,직원 분들이 친절하셨어요. 상담도 잘 해주셨습니다.,5
1260,153,0,"상담 받아보시는 것 진짜 추천 드려요~
친절히 알려주세요^^
네이버에서 예약할 수 있습니다~",5
1261,153,0,친절하시고 새로운 경험 얻어가요! 상담도 열심히 찾아서 같이 해주셔서 도움 많이 됐어요!,5
1262,153,0,상담선생님께서 자세하게 알려주시고 좋은 말씀도 많이 해주시고 이것저것 알려주셔서 도움 많이 되었어요!,5
1263,153,0,상담도 꼼꼼하게 잘해주시고 진로에 대해 막막했는데 같이 이야기할 수 있어서 좋았습니다. 감사합니다.,
1264,153,0,감사합니다,
1265,153,0,진로 고민에 적절한 상담 프로그램 같습니다!,
1266,153,0,상담사님께서 너무 친절하시고 편안하게 해주셔서 상담 잘 받았습니다😊 마음이 한결 편해졌어요 고민하시는 분이 계시다면 주저말고 신청하시면 좋겠습니다 모두 화이팅~!,
1267,153,0,시간이 너무 짧다고 느껴질 정도로 꼼꼼하게 상담해주시고 대략적으로 진로방향잡는데에 도움되었어요. 다들 고민이 많아서 찾아온 곳이겠지만 저도 진로관련해서 스트레스가 많았었는지 상담사님 말씀에 위로도 많이 되었고 용기도 좀 얻은 것 같아요. 다음에 다른 상담도 예약되어있는데 더 열심히 참여하고 도움받을거에요!!,
1268,153,0,이력서 및 면접 부분에서 컨설팅을 받았는데 강사님이 너무 자세하게 알려주시고 열정적으로 가르쳐 주셔서 많은 것을 얻었습니다. 또한 이력서 컨설팅을 받고 요약 정리를 완벽하게 해주셔서 정리하는 데도 도움을 많이 받았습니다.,
1269,153,0,멍하게 살다가 멍해지게 한대 맞고 왔습니다. 추천합니다.,
1270,153,0,"오늘로 제로베이스 5회차가 끝났어요. 정말 제 인생에 기억 남을 정도로 잘 맞는 상담사님과 완벽한 상담들을 했네요..진짜 아무것도 정한 것도 없고 자존감만 낮아지던 때에 상담사님을 만나, 한달 만에 제 진로도 정하고 앞으로의 할 일들도 계획을 세우게 되었네요. 감사하다는 말을 100번해도 모자라요. 뿐만 아니라 긍정적인 말들을 해주시고 제 장점도 찾아서 말씀해주시고.. 앞으로 취업준비하면서, 취업 후에도 상담사님의 말씀이 원동력이 될 것 같아요. 준비성도 철저하시고 정말 섬세하게 하나하나 챙겨주심에 감동했고 저에겐 잊지못할 알찬 한달이었습니다. 집과 거리가 꽤 있었지만 그만큼의, 아니 그보다 더한 가치가 있었습니다. 다음에 또 힘들거나 막막할때 찾아뵙겠습니다 수고많으셨어요! :)",
1271,153,0,"처음 해보는 상담이었는데도 편하게 얘기 들어주시고 격려해주셔서 너무 좋았어요!
지하철 이용하시는 분들은 굳이 지상으로 나올필요 없이 4번출구로 나가는 길목에 센터입구가 있으니 참고하세요!",
1272,153,0,"지인추천으로 예약 후 커스터마이징 1회차 상담을 받으러 갔습니다! 버스정류장, 지하철역 근처에 위치하고 있어 교통도 편리하고 좋았습니다. 지하 1층으로 내려가면 구로 청년이룸 공간이 있는데 깔끔하고 조용하고 분위기가 참 좋았어요.

상담선생님과 함께 상담실에 들어가 1시간동안 직업, 직무에 대해 얘기하였습니다
다음 2회차 전 일주일동안 어떤 걸 준비하고 알아보아야하는지, 부족한 부분이 무엇인지 잘 알게 되었습니다! 직업 상담 선생님께서 친절히 알려주시고 편하게 답할 수 있도록 잘 유도해주셔서 정말 만족했어요 :)

취업을 준비중이시거나, 혼자 준비하시기 막막하시다면 꼭 예약해서 상담 받아보시길 추천드립니다 😊",
1273,153,0,"예약도 편하고, 장비와 시설도 다 있어서 면접 연습 잘 했습니다.",
1274,154,0,"취업사진 찍으러 왔는데 너무 잘되어있어서 후기 남겨요~
1) 취업사진 무료입니다 :)
전문 사진 작가님이 찍어주시고 표정, 옷매무새 등 섬세하게 봐주셔서 너무 좋았어요~

2) 분위기가 너무 편안해요~
여분 자리도 많아서 편안히 쉬거나 공부를 할 수 있어서 좋아요:)

3) 정장 대여도 해주세요~ 사진 촬영시 정장빌리는건 무료니 정장이 없어도 촬영하러 오심 좋을거 같아요:)

노원에 청년 관련된 프로그램들이 많이 생겨서 좋네요!!",
1275,154,0,전문 사진 작가님이 취업사진 찍어주고 보정까지 해주셨어요. 정장이 없다면 무료로 빌려주기도 하네요. 넥타이도있고요. 정말 잘 이용했습니다. 좋은 프로그램 만들어 주셔서 감사합니다^^,
1276,154,0,무료 정장대여와 증명사진을 찍을 수 있어서 좋아요!,
1277,154,0,"무료로 셀프사진도 찍고 재미있는경험이였습니다, 감사합니다!!",
1278,154,0,"사진 잘찍어주신 사진사님, 친절하게 잘 맞아주신 직원분들 모두 도와주셔서 감사합니다! 덕분에 면접사진 잘 건졌습니다!",
1279,154,0,무료로 정장을 입고 촬영해볼수 있어서 좋았습니다. 조명때문에 얼굴이 살짝 그늘지게 나왔지만 전반적으로는 친절하시고 만족스러웠습니다,
1280,154,0,이력서 사진이 필요해서 셀프 스튜디오 이용했는데 정장도 빌릴 수 있어서 좋았습니다!,
1281,154,0,면접사진이 필요해서 처음으로 이용했는데 친절하게 응대해주셔서 좋았어요♥,
1282,154,0,"소인원으로 회의하기에 정말 좋은 장소라 추천합니다! 앞으로도 종종 이용하고 싶은 마음입니다!!
그리고 일자리센터에 계신 매니저님들 모두 친절하게 안내해주셔서 공간 사용에 어려움도 없었습니다~ 청년분들에게 추천해요:)",
1283,154,0,감사해요!,
1284,154,0,친절하게 설명해주시고 좋았습니다!,
1285,154,0,진짜 너무 친절하셔서 부담없이 찍을 수 있었어요. 감사합니다.,
1286,154,0,면접 사진이 필요해서 처음으로 방문했는데 다들 친절하시고 최고입니다!!!! 감사합니다,
1287,154,0,덕분에 취업사진 잘 찍을 수 있었습니다 :),
1288,154,0,취업사진 촬영하러 방문했는데 시설 엄청 깨끗하고 직원 분도 엄청 친절하셔서 너무 좋았어용 옷 갈아입는 것부터 다 찍고 나갈 때까지 꼼꼼하게 챙겨주셔서 감사했습니다☺️ 사진도 엄청 빠르게 보내주셨어요,
1289,155,0,ㆍ,3
1290,155,0,ㄱㅅ,3
1291,155,0,ㅈㅎ,3
1292,155,0,친절해요,
1293,155,0,친절해요,
1294,155,0,친절해요,
1295,155,0,친절해요,
1296,155,0,친절해요,
1297,155,0,친절해요,
1298,155,0,친절해요,
1299,155,0,굿,
1300,155,1,안녕하세요 금주 일대일 취업상담 프로그램 신청하여 상담을 받았습니다 제 담당 일자리코디 분은 조연재 상담사님이셨는데 친절한 말투로 긴장을 풀어주셔서 긴장하지않고 상담 잘 마치고 왔습니다 노량진 일자리센터에 있는 AI 면접시스템을 활용하여 연습했으며 면접 연습 중에도 상담사님께서 코치해주셔서 면접 연습에 도움이 많이 되었습니다 결과적으로 원하던 기업에 취업되어 주위에도 추천하고자합니다,
1301,155,1,"직장을 관두고 내가 뭘 해야할 지, 뭘 좋아하는지 진로에 대해 방황하는데 우연히 알게 된 노량진 청년일자리센터에서 제 담당 현숙코디님을 만나 함께 어느 분야에 관심이 있는지 차근차근 방향을 설정했습니다. 원하던 기업의 인재상에 맞춘 자기소개서 컨설팅, 면접 시뮬레이션 등등 메일로도 항시 피드백과 제게 맞는 일자리를 제공해주시니 너무 감사드립니다. 다들 취뽀하세요!",
1302,155,1,"	노량진청년일자리센터에서 김현숙선생님을 만나 구직활동하는데 큰 도움이 많이 되었습니다. 선생님께서 제가 구직활동기간동안 고민되는 부분이 있거나 방향성을 잡지 못했을 때 함께 고민해주시고, 이야기 들어주셔서 정신적으로 큰 도움이 많이 되었습니다. 이력서 수정부터 면접준비까지 포인트별로 필요한 부분을 집어주셔서 실제로 서류에서 생각지도 못하게 많이 붙었습니다. 너무 감사합니다.^^!!",
1303,155,1,"	노량진청년일자리센터에서 김현숙 선생님과의 1:1 면접컨설팅을 통해서 많은 도움이 되었습니다. 선생님께서 면접 시뮬레이션으로 코칭도 해주셔서 제가 개선할 부분을 알 수 있었고 메일로도 세심하게 피드백을 주시고. 센터에서 ai면접시스템도 이용할 수 있어서 많은 도움을 받을 수 있었습니다. 힘들 때마다 용기를 주셔서 면접준비기간 동안 마음이 편하였습니다. 정말 감사드립니다.",
1304,155,1,"♥조연재 코치님을 만나 구직활동에 큰 도움이 되었습니다. 자소서 첨삭 및 퇴사 후 여러 고민들에 대해서 성심성의껏 답변해주셨으며, 지금까지 만나뵈었던 서울시일자리카페 코치님들 중 가장 적극적으로 도와주신 덕분에 막막한 취준생활을 잘 견딜 수 있었습니다. 자신감을 회복하고 원하는 직무의 외국계기업 신입 정규직 입사라는 쾌거를 이루었습니다. 앞으로도 많은 분들이 선생님의 도움을 받길 바랍니다. 행복하세요!",
1305,155,1,노량진 청년일자리센터에서 서해경선생님을 만나 구직활동을 하는 것에 대해서 큰 도움이 됬습니다. 원하는 직장에서 영업직무를 선택하게 되었고 선생님이 가르쳐주시는 방향이 저에게는 지금까지 큰 버팀목이 되었습니다. 다른 취업준비생분들도 이를 참고하여 서해경 선생님에게 의논하고 고민을 상담하였으면 좋겠습니다!,
1306,155,1,짧은 시간이었지만 구직활동에 굉장히 도움이 됐습니다. 김대찬 선생님께서 이력서와 면접 코칭을 해주셨는데 부족한 부분을 중심으로 방향을 잡아주셨고 상담 시간 외에도 메일과 전화로 피드백을 해주신 덕에 원하던 회사에 빠르게 입사할 수 있게 됐습니다. 정말 감사드립니다!,
1307,155,1,노량진청년일자리센터 김대찬 선생님과의 1:1 상담으로 정말 많은 도움을 받았습니다. 공무원시험준비를 하다가 취업일자리를 알아보면서 정신적으로 정말 많이 힘들었는데 위로와 공감도 많이 받았고 이력서 코칭 및 세심한 저에게 맞는 맞춤 피드백을 받아 저에게 맞는 채용정보를 많이 보내주셨습니다 상담시간 외에도 전화와 꾸준한 관심 덕분에 원하는 회사에 입사하게 되었습니다. 정말 감사합니다!,
1308,155,1,"	오늘 이진영 강사님의 프로그램을 듣게되었는데 참여한 모두를 만족시키진 못하겠지만 적어도 단순 시간 뗴우기용으로 프로그램을 진행하시는 것은 이해가 되지않았습니다. 구체적이지 않은 내용으로 진행하시고 자신이 상담했던 대기업의 사람들 이야기 또는 학력이 좋은 학생들의 이야기등 참여한 취준생들의 입장과는 거리가 먼 내용으로 프로그램에 제목과 내용만 그럴듯하게 기재해놓고 정작 도움은 되지 못한 시간이였습니다",
1309,155,1,"노량진 청년일자리센터 조연재 선생님께서 구직활동을 하는 것에 대해 큰 도움을 주셨습니다. 알지 못했던 최신 취업정보를 공유해주시고, 자소서와 면접 코칭을 도와주시면서 첫 취업준비로 부족한 부분은 상담과 관심으로 채워주셨습니다. 지금은 정직원은 아니지만, 인턴을 통해 직무경험을 쌓고 있습니다. 정말 감사합니다! 다른 취업준비생분들도 참고하시고 조연재 선생님께 상담하시고 원하시는 회사에 입사하길 바랍",
1310,155,1,노량진청년일자리센터의 조연재 선생님과 상담을 통해 취업에 성공하였습니다. 중고 신입인 저의 상황과 이력에 맞게 상담을 해주시고 꼼꼼하게 자기소개서 내용에 대해서 컨설팅 해주셨으며 면접보는 당일까지 케어해주셔서 수월하게 합격할 수 있었습니다. 무엇보다 퇴사 후 자존감이 많이 떨어져있던 저에게 큰 용기를 주셨기 때문에 원하는 회사에 입사할 수 있었습니다. 정말 정말 감사합니다~,
1311,155,1,"프로그램 신청해서 다녀왔습니다. 저는 기존에 있던 경력을 버리고 새로은 직업을 가질 생각으로 갔었는데, 경력을 살려서 이직하는 방법과, 새롭게 전직하는 방법을 제시해주셨어요. 경력을 살려서 이직하는 방법은 생각하지 못했던 방법이였어요. 제 이력서가 굉장히 애매해서 굉장히 어려웠을꺼라 생각해요. 상담 해주셨던 선생님의 성함은 여쭤보진 못했지만, 정말 감사해요.",
1312,155,1,노량진청년일자리센터 조연재 선생님에게 자소서 컨설팅을 받았습니다. 자소서를 읽어보시고는 제 성향을 파악하여 문제점을 캐치하시며 수정방법을 알려주시는게 매우 감명깊었습니다. 요즘 서류전형 트렌드도 알려주시고 컨설팅 후에도 수정 자소서도 다시 컨펌해주셔서 많은 도움이 되었습니다. 취업이 잘 안되서 많이 주눅들어있었는데 선생님을 만나고 다시 자신감을 얻게 되었습니다. 감사합니다 선생님!,
1313,155,1,"	처음으로 프로그램을 신청해서 김현숙 선생님에게 이력서와 자소서 컨설팅을 받았습니다. 특히 자소서에서 수정할 부분을 잘 설명해 주시고 피드백 해주셔서 많은 도움이 되었습니다. 감사합니다 :)",
1314,155,1,서울시 일자리센터 프로그램을 통해 방문했습니다. 우선 건물자체가 얼마되지않아 쾌적했습니다. 자소서첨삭은 조연재 선생님께서 담당해주셨습니다. 친근하고 편안한 분위기로 잘 이끌어주셔서 너무 감사했습니다! 제가 가진 경험들을 충분히 이끌어 내주셨고 방향을 잘 잡아주셨습니다. *'-'*,
1315,155,1,조연재선생님께 제가 일할 수 있는 분야에 대한 조언을 받아서 쉽게 제가 지원할 수 있는 회사를 추려낼 수 있었어요. 게다가 자소서 첨삭도 꼼꼼히 봐주셔서 첨삭 받은 자소서는 모두 서류합격했습니다:) 감사드려요. 면접도 이번에 일대일로 완전 자세히 봐주셔가지고 1차 합격했어요 많은 도움 받았습니다. 연재선생님 정말 감사해요,
1316,155,1,김대찬 선생님께 코스메틱 분야로 컨설팅 받았습니다. 처음에는 자소서를 어떤 방향으로 써야하는 지도 막막하고 신입지원이였기 때문에 경험도 없어서 막막했는데 선생님께서 열정을 가지고 컨설팅 해주셔서 자소서 방향을 찾아 지원 하게 되었습니다. 그 결과 서류합격해서 오늘 면접보고 왔습니다. 너무 감사한 마음에 자신감도 얻고 후기까지 남기러 왔습니다. 매번 도움 주시고 컨설팅 열정 너무 감사합니다 선생님,
1317,155,1,"	어떻게 다시 취업을 준비해야 할 지 막막했던 저에게 가장 많은 도움을 주신 분은 조연재 선생님입니다. 조연재 선생님께서 긍정의 기운과 좋은 말씀을 해주시며 저에게 용기를 주셨습니다. 더불어 저에게 적합한 취업 분야와 기업을 추천해주시고, 자소서도 첨삭해 주셨습니다. 수정이 많이 필요했던 자소서가 조연재 선생님의 손길로 완벽해졌습니다. 항상 친근하게 대해주시고 용기를 북돋아 주셔서 감사합니다. 조연재 선생님!",
1318,155,1,공무원 시험 준비만 하느라 아무것도 모르고 막막했는데 조연재 선생님께서 자소서 첨삭 뿐만 아니라 진로 방향까지 여러 방면으로 도와주신 덕분에 열심히 구직 활동에 힘쓰고 있습니다. 정말 감사드립니다~!!,
1319,155,1,"서해경 선생님께 자소서 첨삭 받고 첫 지원에 800:1의 경쟁률을 뚫고 최종합격 했습니다! 취업 준비를 처음 해보는거라 너무 막막하고 걱정됐는데 서해경 선생님이 정말 친절하고 열정 넘치게 컨설팅 해주셔서 최종합격까지 이룰 수 있었다고 생각합니다. 그리고 자소서 뿐만 아니라 면접까지 성심성의껏 도와주셔서 정말 큰 도움이 되었습니다. 너무너무 감사합니다 선생님!	",
1320,155,1,"언어의 마술사 조연재 선생님, 감사드립니다! 자기소개서 비중이 높은 기업에서 매번 탈락했었는데, 전문가의 손길이 닿으니 역시나 결과는 합격이네요. 저의 경험을 토대로 충분한 소스를 이끌어 낼 수 있도록 도와주시고, 글로 풀어쓰는 방법들을 알려주셔서 많은 도움이 되었습니다. 내가 왜 떨어지는지 모르겠다..하시는 분들!! 꼭 신청하셔서 객관적으로 컨설팅을 받아보세요. 문제점이 보이실겁니다.연재 선생님 감사드려요!",
1321,155,1,"(온라인) 2020년도 채용동향 및 채용트렌드에 따른 취업준비 성공 전략 , 7/9(목), ？16:00 - 18:00？에 신청했는데 15시 49분인 아직까지 연락이 없네요... 진행하지 않는 건가요?",
1322,155,1,노량진청년일자리센터에서 박지민 강사님과 공기업 면접 이미지메이킹 관련 강좌를 들었는데 도움이 많이 되었습니다. 친절하시고 정확한 발음으로 말씀하셔서 이해하기 좋았습니다.,
1323,155,1,교육시간이 3시간인데 교육시간 동안 거진 4번 이상 관리자가 교육 하는 중간에 들어와서 핸드폰으로 소리내서 사진 찍고 두리번 거리다가 나가네요.. 공무원분들 보고서 올려야 해서 사진 찍는 거라고 이해는 되는데 너무 잦은 사진 촬영과 감시는 자제해 주셨으면 합니다.. 상당히 거슬려요.. 업무 보고서용 사진 찍히러 오는 느낌..,
1324,155,1,작년에 이어 올해도 자소서 첨삭과 면접 관련해서 정말 많은 도움 받았습니다. 덕분에 원하던 일 하고 있습니다. 감사합니다!,
1325,155,1,"	미래에 뭘 해야할지 고민하다 청년일자리센터에 방문하게 되었고 김대찬 선생님을 만나 진로를 정하고 자소서 첨삭, 면접준비등을 함께 해 주셔서 국내 상위권 회계법인에 취업할 수 있게 되었습니다 여러가지로 도움이 많이 되었고 감사합니다",
1326,155,1,와 1대 1 이력서 첨삭 이런거 일줄 알았는데 아주 시간 떼우기며 자소서나 면접 받고 싶으면 자료 보내라고 하는데 자료 보내는거에 집착하고 아주 자료 어디다 내야 되나 보죠? 정작 얻어가는 건 없더군요 그리고 첨삭 받고 싶으면 사설 학원 가라고 하시는데 정말 노답입니다 실망이에요,
1327,155,1,1:1 대면 취업상담을 받고싶은데 혹시 신청은 어떻게 해야하나요??,
1328,155,1,"	파란색인데도 예약이 불가.... ㅋㅋㅋ",
1329,155,1,"세미나룸 예약이 안되는데, 이용이 불가한가요? 11/17일 세미나룸 1,2 같이 예약하고 싶습니다. 인원은 9명 입니다.",
1330,155,1,"제가 원래 이런 후기 잘 안 남기는 사람인데... 조연재 선생님께 너무 큰 도움을 받아서 후기 남깁니다. 제가 그동안 많은 컨설팅, 상담을 받아봤지만 조연재 선생님 같이 정말 자세하고 꼼꼼하게, 또 정확하게 봐주시는 분은 처음입니다. 무료라고는 믿기 힘들 정도로 너무 값진 시간이었습니다. 선생님께서 자소서 뿐 아니라 면접까지 체계적으로 봐주셔서 정말 큰 도움 받았습니다. 너무 유익한 시간이었고, 취성패보다 훨씬",
1331,155,1,"	이로운 상담이었습니다. 진작에 노량진 청년일자리센터와서 조연재 선생님을 찾아뵐 걸 그랬어요. ㅠㅠ 이런 대단하신 분을 노량진에서 만나 뵐 수 있어서 정말 영광이었습니다. 특히 취준하면서 멘탈관리도 잘 못 했었는데 단순히 컨설팅 뿐 아니라 그런 부분까지 친절히 상담해주셔서 너무 좋았습니다. 이 프로그램 정말 강력추천합니다!! 조연재 선생님께도, 프로그램 진행해주시는 노청센 담당자분들께도 정말 감사드립니다~",
1332,155,1,"컨설팅 진행해주신 조연재 선생님과, 프로그램 진행해주시는 노청센 담당자님들 모두 정말 감사드립니다! 취준기간 동안 제가 어떤 일들을 해왔는지 잊고 있었고, 자신감도 많이 잃은 상태였습니다. 하지만 자소서 내용을 바탕으로 조연재 선생님께서 제 경험들을 끄집어내주시고 또 다듬어 주셨어요. 다시 자신감을 갖고 나아가보려 합니다! 너무나도 유익한 시간이었습니다, 다시 한번 감사드려요 :)",
1333,155,1,"	조연재 선생님~ 11월 말에 면접 컨설팅 받았었는데, 저 최종합격 했습니다! 면접 전전날에 준비도 제대로 못한 상태라.. 멘탈이 많이 무너져 있었는데 선생님의 긍정 에너지 덕분에 힘내서 면접 준비 마무리할 수 있었습니다! 감사합니다!! :)",
1334,155,1,조연재 선생님께서 특별하게 신경써주셔서 감동받을 정도로 프로그램을 수강할 수 있었습니다. 앞으로도 기회가 된다면 지속적으로 이곳에서 조연재 선생님께 코칭 받기를 희망합니다!,
1335,155,1,"프로그램 참여 차 첫 방문한 센터인데, 프로그램 진행 중에 더우실까봐 서큘레이터까지 준비해주시는 모습을 보니 배려심에 감동하고 갑니다. 다음에도 좋은 프로그램 있으면 또 방문하겠습니다!",
1336,156,1,"이고은 컨설턴트님께 자소서 컨설팅, 면접 컨설팅 받았습니다. 결과는 아직 모르고 계속 도전 중이지만 점점 성장하는 것 같습니다. 정말 감사합니다 ^^",
1337,156,0,모임하기에 정말 좋아요,4.5
1338,156,0,공간 넓어요,4
1339,156,0,주변의 다른 카페와 다르게 조용하고 넓은 좌석배치가 좋아요.,5
1340,156,0,가격도 저렴하고 넓어서 좋아요~,5
1341,156,0,한가한 공간 분주한 스태프,4
1342,156,0,조용하고 넓어서 좋아요,5
1343,156,0,조용하고 넓어서 좋아요,4.5
1344,156,0,"좋아요!
공간이 넓어요",5
1345,156,0,친절하고 생각보다 커피맛 좋아요,5
1346,156,0,친절하고 가격도 싸요.,5
1347,156,0,친절해요,
1348,156,0,Good,
1349,156,0,커피 향이 좋아요.,
1350,156,0,굿,
1351,156,0,생강차가 달지 않고 맛있어요,
1352,156,0,생강차 달지않고 맛있어요~,
1353,156,0,굿이요,
1354,156,0,굿,
1355,156,0,조아여,
1356,156,0,굿,
1357,156,0,굿,
1358,156,0,조용해서 좋아요~,
1359,156,0,ㅇ,
1360,156,0,굿,
1361,156,0,굿,
1362,156,0,청년모임 크고 조아요 북토크도해요,
1363,156,0,공간이 깨끗하고 좋아요,
1364,156,0,친절합니다.,
1365,156,0,좋아요,
1366,156,0,깨끗하고 조용해요,
1367,156,0,조용하고 자몽차도 굿~~,
1368,156,0,맛있어요,
1369,156,0,그럭저럭,
1370,156,0,공간이 넓고 스터디 공간처럼 책상이 있어서 도서관 느낌도 납니다 쾌적합니다,
1371,156,0,굿,
1372,156,0,"1층에 카페 방문했어요
조용하고 좋네요",
1373,156,0,좋아요,
1374,157,0,"온라인 면접 컨설팅 받았는데, 정말 친절하게 안내해주시고 컨설팅 후 메일로 피드백도 주시면서 많이 배려해주시는 모습에 감동했습니다~! 다음에는 오프라인 컨설팅도 받아보고싶습니다!^^",5
1375,157,0,"전문 직업상담사님께서 상담 과정에서 편안한 분위기에서 다양한 얘기들을 많이 이끌어내 주십니다. 면접 준비 관련하여 컨설팅을 받았고, 미리 자료를 많이 준비해 갈 수록 좋은 예상질문과 답변 전략들을 많이 이끌어 갈 수 있었던 것 같습니다. 특히 저처럼 면접경험이 적은 사람들에게 도움이 많이 될 겁니다. 잘 보고 와서 최종결과 기다리고 있는데 , 좋은 결과 얻어서 인사드리고 싶네요ㅎㅎ",5
1376,157,0,"처음 해보는 검사라 어려운 부분도 있었는데 새로운 경험이라 좋았고, 좀 더 보완해서 다시 도전해보려고 합니다. 감사합니다ㅎㅎ",5
1377,157,0,다른 직무 탐색 중 알게 되어 걱정하는 마음으로 첮아갔는데 상담사 선생님께서 이것저것 도움되는 정보도 알려주시고 상담을 친절하게 해주셔서 너무 좋았습니다!! 자주 연락하며 첨삭 받아보고 싶어요:),5
1378,157,0,"AI 면접 처음이시라면 꼭 검사 받아보고 가는 것 추천합니다!! 연습할기회 충분히 주시고 결과지 분석도 상세히 해주신 덕분에 AI 면접 전부 합격했습니다 짱짱!! ♥
대신 검사실이 사무실내에 있어서 말하는게 들릴 수 있어 신경쓰이는 분은 집에서 온라인으로 받아보시는것도 좋을거같아요 ㅎㅎ 너무 감사합니다~!!",5
1379,157,0,감사합니다,5
1380,157,0,세심한 부분까지 시원하게 컨설팅 받을 수 있어서 좋았습니다!!,5
1381,157,0,"진심으로 상담해주시고, 공감해주시고, 상담때도 e-mail로도 응원해주셔서 진짜 고마웠습니다.
심리적으로 많이 도움 됐고, 업무 의욕이 떨어져있던 저에게 다시 용기를 주셨어요.
블루투스 키보드 흰색 부탁드려요 🙏🏻😃",5
1382,157,0,굉장히 현실적이면서도 힘이 되는 조언 해주셔서 정말 감사했습니다^^ 컨설팅 받아보길 정말 잘한 것 같아요~! 망설이시는 분들이라면 일단 해보시는걸 추천합니다! 감사했습니다 선생님~!ㅎㅎ,5
1383,157,0,친절하게 시간 내에 정확하게 상담해주셔서 너무너무 유익했습니다! 감사합니다 :) 다음에도 찾으러 올게요~! 긍정적인 기운 주셔서 감사합니다!,5
1384,157,0,"넉넉위크를 통해 알게 된 컨설팅 서비스입니다. 약 한 시간 정도의 넉넉한 시간이 있어서 자소서나 면접 피드백 뿐만 아니라, 평소 궁금했던 내용들을 질문할 수 있었습니다. 저는 온라인 상담을 이용했습니다. 예약 서비스 안내에도 있듯이, 미리 내가 희망하는 채용공고와 그에 맞춰 작성한 이력서와 자기소개서를 사전에 제출합니다. 그러면 상담사님께서 미리 꼼꼼히 읽어보신 후 상담 시 피드백을 주십니다. 그 내용이 막연히 취업 준비를 시작하는 학생들에게는 정말 큰 도움이 되는 내용이어서 처음 취준을 시작하는 분들께 꼭 추천드리고 싶습니다. 그리고 한 번의 컨설팅으로 끝나는 것이 아니라 이후에도 지속적인 피드백을 받을 수 있다는 게 가장 큰 장점입니다. 편안한 분위기에서 꼼꼼한 분석과 상담을 받을 수 있어 좋았습니다!",5
1385,157,0,상담사님이 정말 열정적으로 제 고민을 같이 고민해주셨고 현재 상황을 공감해주셔서 감사했습니다. 앞으로의 결과와 목표에 대해 두루뭉술하지않고 대략적이지만 딱 잡아주셔서 진심으로 좋았어여..,5
1386,157,0,온라인임에도 불구하고 너무 꼼꼼하게 잘 봐주시고 컨설팅 해주셔서 좋았습니다! 완전 강추예요,5
1387,157,0,"여러가지 이유로 이직을 고민하면서, 멘붕적 고비 때마다 참새 방앗간 처럼 드나들게 됐는데, 벌써 두 번째 상담 받고 후기 남겨요! 첫 번째 상담을 통해 직무를 정하는 것의 중요성에 알게 되고, 직무를 정하고 두 번째 상담을 신청했습니다. 막상 직무를 정하니, 어떤 산업군으로 갈 껀지? 30대 초반이라 나이(기회비용)도 더 이상 무시할 수 없고, ... 연차는 쌓이는데... 커리어를 앞으로 어떻게 성장시킬지?가 더 고민이었습니다. 상담 선생님과 이야기하면서 좋아하는 것을 기준으로 산업군을 정하고 짧게나마 제가 관심 있는 산업군이 무엇인지? 찾아본 시간이었습니다. 1시간 온라인으로 소통했지만, 생애 컨설팅 받은 기분이에요. 좋은 기회 만들어 주셔서 감사합니다. ^^",5
1388,157,0,화상으로 꼼곰한 컨설팅을 진행해주셔서 좋았습니다:) 막연하게 다 잘했다 이거 보단 구체적으로 설명을 아끼지 않으셨구요. 후에 첨삭까지 도움을 주셔서 큰 도움이 되었습니다:),5
1389,157,0,상담사 분이 너무 친절하고 자세하게 설명해주셔서 도움 많이 됐어요!,5
1390,157,0,단순히 상담 만이 아니라 마음담아 신경써주셔서 너무 감사했습니다,5
1391,157,0,좋은 시간이었습니다 감사합니다,5
1392,157,0,스터디 과제라서 컨설팅을 받았지만 얘기를 잘 들어주시고 효율적인 방안을 제시해주셔서 너무 좋았습니다 개인적으로도 또 받고 싶습니다,5
1393,157,0,"좋은 말씀도 많이 해주시고, 너무 친절하게 상담해주셔서 좋았습니다! 본격적으로 취업준비할 때 고민이 많을 거 같은데 그때 또 상담 받고 싶어요 감사합니다 :)",5
1394,157,0,항상 내 일처럼 상담해주셔서 감사해요! 늘 응원받고 갑니당 ㅎㅎ,5
1395,157,0,"이런 프로그램 만들어주셔서 너무 감사합니다!
컨설팅 상담사님도 너무 잘봐주셔서 감동먹엇어요 ㅠ
이직하느라 여러모로 고민이 많은 시기에 힘이되고 길잡이가 되어주셔서 감사합니다.",5
1396,157,0,세세하고 열정적인 설명 좋았습니다.,5
1397,157,0,친절하게 설명해주시고 용기도 북돋아주셔서 너무 감사했어요 💪,5
1398,157,0,상담사님도 너무 친절하시고 자소서나 포폴 조언이나 어떻게 하면 잘 쓸 수 있는지 좋은얘기 많이 해주셨어요! 감사합니다~,5
1399,158,1,아늑하고 너무 좋아요,
1400,158,1,양천 디지털 상상캠퍼스 일자리 카페 좋네요 창업카페도 같이 있고 옆에 양천중앙도서관도 있어서 책 빌려서 읽기 좋은장소에요 멤버쉽 가입하면 커피 무료로 줘요,
1401,158,1,"	안녕하세요 서울시일자리카페입니다. 양천디지털캠퍼스를 이용해주셔서 감사합니다. 다양한 프로그램도 준비되어 있으니 앞으로도 많이 이용해주세요~~:D",
1402,158,1,"시설도 완전 좋고, 직원분들도 정말 친절하세요^^ 좋은 아이디어들이 샘솟는 공간입니다!!",
1403,158,1,"	자주 이용 중인데 늘 깨끗하고 쾌적해서 좋습니다. 창업을 준비 중인데 좋은 강의 프로그램도 자주 열려서 들어보고 싶습니다~",
1404,158,1,"	시설도 깨끗하고 위치도 좋아서 자주 이용해요! 커피도 맛있고...ㅎㅎ 감사합니다~~",
1405,159,1,시설이 훌륭하여 깜짝 놀랐습니다. 직원 분들도 친절하고 서울시가 많은 노력을 기울이고 있다는 것이 느껴졌네요.,
1406,159,1,"항상 친절하게 안내 해주시고, 정말 잘 이용하고 있습니다. 그런데 덧신을 신발에 씌우고 벗기기가 많이 번거롭네요. 덧신 대신에 실내용 슬리퍼를 각 방에 배치해서 쓰는편이 화상 면접실 이용자도 편하고 덧신 비용도 절약할 수 있을것 같습니다. 좋은 하루 되세요^^",
1407,159,1,"무료시설이라 장비가 노후화 되었거나 구색만 갖춘곳은 아닐까 걱정하면서 처음 이용했었는데, 시설이나 장비 모두 사진에서 보이는것보다 더 깔끔하고 쾌적했습니다. 처음 이용시 연결이 잘 된건지 몰라 면접 직전 직원분께 도움요청했더니 바로 달려오셔서 체크해주시고 갑자기 세팅 변경하느라 당황한 저에게 침착하라고 따뜻한 말도 건네주셔서 큰 힘이 되었습니다. 덕분에 1차 통과 후 2차 면접도 이곳으로 예약했습니다^^",
1408,159,1,시설도 정말 깔끔하고 조명이 아주 좋아서 어플 쓴 거 같이 면접 화면이 깨끗한 피부로 잘 나왔어요:) 스터디룸 대여나 방에서 하기 애매했는데 이렇게 무료로 깔끔한 곳에서 면접을 볼 수 있어서 좋았습니다! 면접 잘 보고 가요. 주위에도 추천해야 겠어요!,
1409,159,1,"너무 잘 이용하고 있구요. 이런 공간과 서비스가 공공으로 제공된다는 것이 놀랍습니다. 다만, 초기라 그런지 어수선한 감은 있구요. 자유석도 이용자들의 권리에 포함되어 있는 것 같은데, 직원분이 숙지를 못하시고 계신 것 같습니다.",
1410,159,1,시설도 사진 처럼 깔끔했고 직원분이 마지막까지 불편한 점 있나 물어봐주시고 너무 친절하셨습니다! 면접이라 긴장 했는데 더 챙겨주시는 느낌에 기분 좋게 방문하고 마무리 했어요 감사합니다^~^,
1411,159,1,화상면접이 잡혔는데 집이 면접볼 환경이 아니라서 찾다보니 시민청에 면접공간이 있어 예약하게 됐어요 생긴지 얼마 안되서 쾌적하고 방음 철저해요 무엇보다 직원분들이 많이 친절하셔서 기분 좋았습니다 친절하신 직원분들의 기운받아 원하던 곳에 면접 합격했습니다~ 나오면서 시민청 둘러보고 스탬프 찍는것도 하고 선물도 받아왔네요 오늘 감사했어요~,
1412,159,1,"화상면접실 이용했어요. 장소가 마땅치 않아 유료 스터디카페를 고민했는데 서울시에 무료로 이용할 수 있는 면접실이 있어 정말 좋았어요. 방음 시설에 조명,마이크까지 완벽하고요. 게다가 직원분들이 너무너무 친절하셔서 이용하는 내내 좋았어요. 관리를 잘해주셔서 환경도 엄청 쾌적해요! 소독도 철저히 하신다고 하니 코시국도 끄떡없어요! 진짜 넘 감사합니당",
1413,159,1,"위치를 잘 몰랐지만 친절하게 안내해주셨어요. 화상면접실도 깔끔하고 방음부스에 노트북, 마이크, 조명까지 너무나도 원활한 면접이 가능했습니다! 무료로 시설을 이용할 수 있단게 놀라웠어요!",
1414,159,1,화상면접실 이용했는데 비대면 면접 장소로 너무 시설도 좋고 다 갖춰져 있어요. 제가 예약한 방이 와이파이 신호가 좀 약했는데 다행히 잘 되는 곳으로 친절히 안내해 주셔서 끊김 없이 잘 이용했어요. 방음도 잘 돼 있고 조명도 밝게 하니까 훨씬 좋더라구요. 이런 장소 무료로 이용 가능한 게 넘 감사하고 관리자분도 친절하시고 다들 잘 활용하심 좋겠네요.,
1415,159,1,시설들도 좋고 깨끗하고 전반적으로 관리가 잘 되어있어 좋았어요. 직원분들도 모두 친절하셔서 긍정적인 경험이었습니다. 무료로 이런 공간을 쓸 수 있어 감사하네요. 여기서 본 면접 합격해서 취업했습니다 ^^,
1416,159,1,"시간이 없어 1시간밖에 대여를 못하는 상황이었는데, 친절하게 전화로 화상면접실 평균 사용시간 안내 도와주셨습니다. 사용 당일에도 예약 된 시간보다 늦게 도착했음에도 친절하게 응대해주셔서 정말 기분좋게 화상면접 체험 할 수 있었습니다. 저 때문에 늦게 퇴근하셨을 담당자분께 민폐를 끼쳤던 것 같아 죄송한 마음이 많이 들었었어요ㅠ 이번 역검 잘 통과하면 담당자 덕분일 겁니다!ㅎㅎ 도움주셔서 감사합니다 :)",
1417,159,1,"온라인 면접 공간이 마땅찮아서 대여했는데 시설도 좋고, 조명도 있어서 생각보다 더 가벼운 마음으로 준비할 수 있었습니다.감사합니다.",
1418,159,1,"줌을 통한 비대면 면접으로 인하여 면접 장소를 탐색하던 중 일자리카페들 중 <청년활력소>가 시설과 장비가 가장 우수해보여 예약했습니다. 제가 예약한 곳은 화상면접실3이며, 기대했던 것처럼 시설이 쾌적하고 장비도 우수하게 기능하여 문제 없이 면접에 응시할 수 있었습니다. 무엇보다 안내해주시는 직원분께서 친절하시고 밝은 미소로 면접을 응원해주신덕분에 기분 좋게 면접 준비할 수 있었습니다. 감사합니다!",
1419,159,1,"온라인 면접때문에 대여했는데요, 방음도 잘되고 조명시설도 완벽해서 편안하고 쾌적하게 면접 봤습니다!! 와이파이 연결도 문제 없이 잘 되었구요! 좋은 공간 마련해주셔서 감사합니다!! 최고에요!",
1420,159,1,"친절하게 안내해주셔서 좋았습니다. 마이크, 캠, 조명 등 화상면접을 위해 필요한 모든 것이 갖춰져있어서 몸만 가도 됩니다^^ 면접 한시간 전부터 예약해서 세팅하고 연습하니 딱 좋았습니다. 다음에도 화상면접이 있을 때 이용하고 싶습니다.",
1421,159,1,"8월 초에 화상면접을 보러 방문했었는데 결국 원하는 곳에 합격했습니다! 첫 방문때 조명이나 마이크 사용법도 친절히 알려주시고 면접 당일에는 응원해주셔서 감사했어요. 또 다른 기회가 생기면 방문해야겠어요!ㅎㅎ 살짝 아쉬운 건 노트북 화질이었는데, 요게 또 은근 얼굴을 적당히 블러처리(?)해주어서 저는 더 만족했어요ㅋㅋㅋ 이용하시는 다른 분들 참고해주세요!",
1422,159,1,비가 와서 제시간에 도착하지 못했는데 양해해주셔서 너무 감사했습니다. 너무 친절하게 안내해주시고 화상면접실 내부 또한 쾌적해서 너무 좋았습니다. 특히 조명과 마이크가 만족스러웠습니다. 다음에도 면접볼 일이 있다면 다시 방문하고 싶어요 :),
1423,159,1,"전날 갑자기 노트북이 고장나서 곤란했는데, 청년활력소 덕분에 무사히 ai면접을 볼 수 있었습니다! 급하게 당일에 예약을 했는데도 친절하게 설명해주셔서 정말 감사했습니다. 장비도 일반 이어폰 마이크로 할 때보다 훨씬 좋고, 조명이나 기울기도 있어서 용이했어요! 이런 시설이 있어서 너무 든든합니다!",
1424,159,1,화상면접을 위해 예약했었는데 면접시간이 변경되었다고 말씀드리니 다행히 뒤에 예약이 없다며 시간도 넉넉히 늘려주시고 덥지않냐며 선풍기도 틀어주시고 너무 감사했어요 덕분에 면접 합격하고왔습니다~!! ㅎㅎ 이런시설이 있다니 넘 좋네용,
1425,159,1,"AI 역량검사를 위해 예약했어요~ 서울시에 이런 공간이 있다는 것에 너무 놀랐고, 쾌적하게 잘 다녀왔습니다. 담당 선생님께서 전날 전화주시고 필요한 부분도 세심하게 챙겨주셔서 정말 감동이었어요. 설명도 친절하게 해주시고 덕분에 면접 무사히 마무리 할 수 있었습니다. 감사합니다~:) 합격하면 선생님 덕분이에요!!",
1426,159,1,아직 결과는 안나왔는데 역이랑 연결되어있고 공간도 깔끔하니 너무좋았어요! 일회용기 못 가지고가니 가실때 참고하시고 저는 조만간 AI면접 다시 볼때 예약 여기로 하려고요!,
1427,159,1,우선 기본적으로 처음 방문했을때 직원분께서 화상면접 webbox프로그램을 어떻게 사용하는지 그리고 예약방법등 을 너무 친절하게 설명하셔서 기기사용법을 익혔습니다 그래서 당일면접날 침착하게 대면할 수 있어서 매우 만족하고 있습니다 직원분덕분에 집중할 수 있었습니다 감사합니다~~!,
1428,159,1,"시설도 깔끔하고 좋고 직원 분이 너무 친절하세요!!:) 오늘 날이 좀 더워서 냉방 문의 드렸는데 미니 선풍기까지 빌려주시고,,ㅎㅎ감사했습니다ㅠㅠ 다음엔 비상용으로 챙겨와야겠어요! 덕분에 집중해서 잘 봤습니다. 감사드려요ㅎㅎ",
1429,159,1,"직원분께서 친절하게 응대해주시고, 이중문과 방음시설로 정말 쾌적하게 이용할 수 있었습니다! 덕분에 AI면접에 합격할 수 있었고 다른 기업도 AI면접이 잡혀서 다시 대여신청했습니다!",
1430,159,1,"안녕하세요! 취업 준비를 함께 해준청년활력소 담당자님들께 너무 감사드려요~ 서울시에서 청년 취업 지원 사업 중, 접근성이나 관리 측면에서 너무 잘 되어 있는 곳이에요! 저는 세번의 면접을 이 곳 화상면접실에서 진행하였고..드디어 오늘 최종 합격 통보를 받았습니다ㅠㅠ떨리는 상황에서도 반갑게 맞이해주시고 안내해주시던 쌤들 덕분에 침착하게 면접 잘 임할 수 있었어요! 특히 윤혜정쌤 도움 많이 받았어요~ 감사해요!!",
1431,159,1,참 좋은 사업이라고 생각합니다. 취업 준비 하는 동안 이래저래 드는 부수적 비용이 많아 참 힘들었는데 이렇게 지원해주는 제도가 있어 심적으로 보호받고 있다는 느낌도 듭니다. 깨끗하고 깔끔한 시설 아래 잘 연습할 수 있었습니다. 앞으로는 종종 스터디원들과 함께 이용할 것 같습니다. 친절하신 선생님 덕분에 더욱 좋은 이용 가능했습니다!,
1432,159,1,"작년 10월부터 최근까지 입사서류 첨삭에 많은 도움을 주신 박진솔 상담사님께 진심으로 감사드립니다. 제 경력에 대한 자신감을 잃고, 이직이 쉽지 않아 공백기가 길어질 때 서류에도 도움을 주셨지만, 정말 자기 일처럼 신경써주시며 끊임없이 용기를 불어넣어 주셨습니다. 덕분에 2023년 새해가 되자마자 이직에 성공할 수 있었습니다. 늘 애쓰시는 서울시일자리카페 상담사분들의 노고에 깊이 감사드립니다.",
1433,159,1,"올해 하반기 취업준비를 하면서 청년활력소로부터 많은 도움을 받았습니다. AI면접뿐만 아니라 화상면접까지 공간을 이용할 수 있어서 정말 좋았습니다. 최근에 AI면접이랑 화상면접이 보편화되면서 많은 취준생들께서 공간대여를 많이 하실텐데, 서울시에서 지원하는 청년활력소 이용 정말 강추드립니다. 덕분에 원하는 기업에 최종합격하게되어서 상담사 선생님들께도 감사드립니다.",
1434,159,1,"화상면접실 이용했습니다!!시설 방음도 너무잘되고 조명이나 노트북도 만족스러웠습니다ㅎㅎ특히 갑자기 면접시간이 딜레이될뻔해서 사정을 직원분께 말씀드렸는데, 당시 예약이 꽉차있는 상황이라 도와주시기 힘든 상황이심에도 방법을 찾으려고 정말 노력해주셨습니다ㅠㅠ다행히 면접이 큰 지연없이 진행되었는데, 도와주시려고 물심양면 신경써주시는 모습에 크게 감동했습니다!!너무 감사했고 다음에도 이용하고 싶습니다ㅎㅎ",
1435,159,1,화상면접실 이용했었습니다! 조명도 너무 좋고 마이크도 좋은 제품에다가 방음부스로 되어 있어 마이크 수음이 아주 좋았습니다. 다음에 기회가 된다면 또 이용할 예정입니다!!,
1436,159,1,화상면접실 이용하였습니다. 내부 시설도 엄청좋고 조명도 빵빵하고 선생님께서 친절하게 사용하는 방법을 안내해주셨습니다. 다음에 또 이용할게요 정말감사드려요!,
1437,159,1,온라인 화상면접실 이용했어요! 안내해주신 선생님께서 친절하게 말씀해주셔서 떨지않고 면접 잘 봤던것 같습니다. 시설도 너무 좋고 소음도 전혀 없이 조용한 환경에서 면접볼 수 있어서 너무 좋았습니다.,
1438,159,1,"이력서 사진 촬영을 하였습니다. 안내해주시는 분, 사진 찍어 주시는 분 모두 친절하셨고 이력사진을 찍고 수정해야할 부분들을 상의한 뒤, 일정 기간(저의 경우 화요일 촬영 후 그 주 토요일) 후에 메일로 사진 받을 수 있었습니다. 무료여도 퀄리티적인 부분들에서 떨어지지 않네요. 잘 이용했고 많은 청년들이 이용했으면 좋겠습니다. 감사합니다.",
1439,159,1,와 여기 시설 대박이에요.. 문이 이중문이에요.. 진짜 다른 나라에도 이런 공공 서비스가 있을까 싶을 정도에요 짱이다 진심..,
1440,160,1,"이력서 사진을 찍기 위해서 면접 이미지 메이킹 프로그램 이용하였습니다. 머리부터 기초적인 메이크업을 진행해주어서 사진을 잘 찍을 수 있었고, 이후 몇일뒤 면접이 있었는데 비슷한 스타일로 하여 면접을 갔습니다. 비록 면접은 잘 보지는 못했지만 이미지를 어떤 식으로 해야할지 알 수 있어서 좋았습니다.",
1441,160,1,"서울 살면서 이런 공간이 있는지도 몰랐네요. 도착했을 때 어떻게 온 것인지 물어보셔서 예약자라 알려드렸더니, 문 미리 열어주셔서 여유롭게 대기할 수 있었네요. 저도 팀원들도 스터디룸 찾기 어려워했는데 먼저 캐치하고 친절히 안내해주시고, 마카 안 나올때도 교환해주셔서 좋았습니다. 3시간 제한 있는 점과 음료 반입 안 되는점은 아쉽지만, 깨끗하고 쾌적한 공간입니다. 늦게 알아 아쉽네요ㅎㅎ 재방문 의사 있습니다!",
